station_name,entries_and_exits_full_price_tickets,entries_and_exits_reduced_price_tickets,entries_and_exits_season_tickets,entries_and_exits_all_tickets,entries_and_exits_rank,interchanges,main_origin_or_destination_station,number_of_journeys_to_or_from_main_origin_or_destination_station,data_source_or_adjustments,estimates_supplemented_by_local_ticketing_data_or_by_retailing_organisation,quality_limitations,additional_information,national_location_code_nlc,three_letter_code_tlc,region,station_facility_owner,station_group
Abbey Wood,3782112,6137708,1953866,11873686,39,1879075,Tottenham Court Road,1861410,EL,,,,5131,ABW,London,Elizabeth line,
Aber,111988,6028,27218,145234,1564,0,Cardiff Central,61624,,,,,3813,ABE,Wales,TfW Rail,
Abercynon,149282,7362,33176,189820,1427,19118,Cardiff Central,66154,,,,,3801,ACY,Wales,TfW Rail,
Aberdare,240226,19810,81402,341438,1093,0,Cardiff Central,122722,,,,,3982,ABA,Wales,TfW Rail,
Aberdeen,722918,1548878,105864,2377660,242,218903,Edinburgh,272086,CS,,,,8976,ABD,Scotland,ScotRail,
Aberdour,49830,62712,4420,116962,1687,0,Edinburgh,67760,CS,,,,9090,AUR,Scotland,ScotRail,
Aberdovey,25664,24134,40,49838,2048,0,Tywyn,12120,Other,,,,4435,AVY,Wales,TfW Rail,
Abererch,1744,1808,0,3552,2471,0,Pwllheli,1504,,,,,4440,ABH,Wales,TfW Rail,
Abergavenny,182910,188276,52130,423316,954,0,Cardiff Central,89746,,,,,3602,AGV,Wales,TfW Rail,
Abergele and Pensarn,39838,59392,5692,104922,1742,0,Chester,12682,,,,,2448,AGL,Wales,TfW Rail,
Aberystwyth,104714,192426,1738,298878,1161,0,Borth,41666,Other,,,,4303,AYW,Wales,TfW Rail,
Accrington,128150,306466,69178,503794,862,0,Blackburn,78634,,,,,2552,ACR,North West,Northern Trains,
Achanalt,454,96,0,550,2564,0,Dingwall,380,AutoTOD,,,,8600,AAT,Scotland,ScotRail,
Achnasheen,2128,1120,92,3340,2477,0,Inverness,1674,AutoTOD,,,,8601,ACN,Scotland,ScotRail,
Achnashellach,662,228,0,890,2547,0,Inverness,418,AutoTOD,,,,8602,ACH,Scotland,ScotRail,
Acklington,498,358,0,856,2549,0,Newcastle,468,,,,,7662,ACK,North East,Northern Trains,
Acle,16344,27576,3962,47882,2060,0,Norwich,25796,,,,,7286,ACL,East of England,Greater Anglia,
Acocks Green,131358,177132,109260,417750,959,0,Birmingham Moor Street,254410,PTE,West Midlands,,,4529,ACG,West Midlands,West Midlands Trains (West Midlands Railway),
Acton Bridge (Cheshire),30528,21944,2508,54980,2010,0,Liverpool Lime Street,15382,,,,,2287,ACB,North West,West Midlands Trains (London Northwestern Railway),
Acton Central,514990,845964,213056,1574010,347,0,Richmond (London),160724,,,,,1404,ACC,London,London Overground,
Acton Main Line,873976,1520638,304850,2699464,206,0,Bond Street,466372,EL,,,,3000,AML,London,Elizabeth line,
Adderley Park,63730,54210,29240,147180,1556,0,Birmingham New Street,105748,PTE,West Midlands,,,1036,ADD,West Midlands,West Midlands Trains (West Midlands Railway),
Addiewell,7566,8764,2166,18496,2292,0,Edinburgh,7492,CS,,,,9310,ADW,Scotland,ScotRail,
Addlestone,149228,172918,59966,382112,1009,0,London Waterloo,87932,,,,,5550,ASN,South East,South Western Railway,
Adisham,7854,10612,8090,26556,2224,0,Canterbury East,15394,,,,,5160,ADM,South East,Southeastern,
Adlington (Cheshire),6618,16748,1344,24710,2235,0,Manchester Piccadilly,11742,,,,,2939,ADC,North West,Northern Trains,
Adlington (Lancashire),36114,103920,26726,166760,1495,0,Manchester Piccadilly,43636,,,,,2641,ADL,North West,Northern Trains,
Adwick,63988,69338,42652,175978,1467,0,Doncaster,52118,PTE,South Yorkshire,,,8353,AWK,Yorkshire and The Humber,Northern Trains,
Aigburth,146788,352898,97776,597462,794,0,Liverpool Central,188534,PTE,Merseyside,,,2255,AIG,North West,Merseyrail,
Ainsdale,170358,597096,124788,892242,591,0,Southport,333798,PTE,Merseyside,,,2350,ANS,North West,Merseyrail,
Aintree,200414,552112,224548,977074,548,0,Liverpool Central,343480,PTE,Merseyside,,,2125,AIN,North West,Merseyrail,
Airbles,40214,56388,13018,109620,1717,0,Glasgow Central,41722,"PTE, CS",Strathclyde,,,9695,AIR,Scotland,ScotRail,
Airdrie,273318,413224,123148,809690,644,0,Glasgow Queen Street,396882,"PTE, CS",Strathclyde,,,9759,ADR,Scotland,ScotRail,
Albany Park,348426,327736,98862,775024,667,0,London Bridge,226234,Same OD,,,,5132,AYP,London,Southeastern,
Albrighton,33308,35792,23096,92196,1798,0,Birmingham New Street,25908,PTE,,,,4614,ALB,West Midlands,West Midlands Trains (West Midlands Railway),
Alderley Edge,98266,102870,43084,244220,1267,0,Manchester Piccadilly,74802,,,,,2760,ALD,North West,Northern Trains,
Aldermaston,16572,46182,8536,71290,1910,0,Reading,23868,,,,,3145,AMT,South East,Great Western Railway,
Aldershot,447070,747996,176046,1371112,408,105047,London Waterloo,438140,,,,,5623,AHT,South East,South Western Railway,
Aldrington,55404,82918,31504,169826,1484,0,Brighton,43982,,,,,5280,AGT,South East,Govia Thameslink Railway (Southern),
Alexandra Palace,616502,1027972,211332,1855806,305,37178,Finsbury Park,402602,"Same OD, EL",,,,6025,AAP,London,Govia Thameslink Railway (Great Northern),
Alexandra Parade,135240,172514,36160,343914,1087,0,Glasgow Queen Street,141148,"PTE, CS",Strathclyde,,,9905,AXP,Scotland,ScotRail,
Alexandria,58928,97134,29494,185556,1439,0,Glasgow Queen Street,51374,"PTE, CS",Strathclyde,,,9861,ALX,Scotland,ScotRail,
Alfreton,127920,232620,22454,382994,1007,0,Nottingham,91470,,,,,1805,ALF,East Midlands,East Midlands Railway,
Allens West,28410,53158,18078,99646,1757,0,Middlesbrough,32386,,,,,7520,ALW,North East,Northern Trains,
Alloa,175966,305718,47084,528768,840,0,Glasgow Queen Street,194594,CS,,,,9883,ALO,Scotland,ScotRail,
Alness,16826,2902,754,20482,2274,0,Inverness,9704,CS,,,,8605,ASS,Scotland,ScotRail,
Alnmouth,27994,336026,14934,378954,1012,149,Newcastle,148494,,,,,7787,ALM,North East,Northern Trains,
Alresford (Essex),24250,43452,29386,97088,1775,0,London Liverpool Street,26912,,,,,6847,ALR,East of England,Greater Anglia,
Alsager,73626,30088,11310,115024,1693,0,Crewe,30766,,,,,1223,ASG,North West,East Midlands Railway,
Althorne (Essex),13764,11578,8308,33650,2169,0,London Liverpool Street,15356,,,,,6869,ALN,East of England,Greater Anglia,
Althorpe,1590,2178,48,3816,2466,0,Doncaster,1374,,,,,6532,ALP,Yorkshire and The Humber,Northern Trains,
Altnabreac [note 1],,,,,,,,,,,,"Station closed for 18 months, reopened April 2025",8606,ABC,Scotland,ScotRail,
Alton,185460,295582,109880,590922,798,0,London Waterloo,283826,,,,,5544,AON,South East,South Western Railway,
Altrincham,101370,148744,66360,316474,1135,163,Knutsford,80984,PTE,Greater Manchester,,,2806,ALT,North West,Northern Trains,
Alvechurch,68894,48160,46314,163368,1509,0,Birmingham New Street,70968,PTE,,,,1198,ALV,West Midlands,West Midlands Trains (West Midlands Railway),
Ambergate,16352,19016,3636,39004,2128,0,Derby,12152,,,,,1678,AMB,East Midlands,East Midlands Railway,
Amberley,25400,50444,13374,89218,1809,0,London Victoria,26232,,,,,5250,AMY,South East,Govia Thameslink Railway (Southern),
Amersham,780780,1046060,66086,1892926,300,0,Harrow-On-The-Hill,888662,"Same OD, EL",,,,506,AMR,South East,London Underground,
Ammanford,11678,11950,66,23694,2240,0,Swansea,7536,,,,,4236,AMF,Wales,TfW Rail,
Ancaster,3668,1138,726,5532,2437,0,Grantham,2476,,,,,6358,ANC,East Midlands,East Midlands Railway,
Anderston,171298,182168,65934,419400,957,0,Partick,39520,"PTE, CS",Strathclyde,,,9965,AND,Scotland,ScotRail,
Andover,213592,734340,193488,1141420,481,7053,London Waterloo,455438,,,,,5510,ADV,South East,South Western Railway,
Anerley,328050,531118,89672,948840,561,0,Canada Water,282388,EL,,,,5397,ANZ,London,London Overground,
Angmering,191328,454642,197342,843312,621,0,Brighton,127088,Other,,,,5267,ANG,South East,Govia Thameslink Railway (Southern),
Annan,21466,103686,2260,127412,1634,0,Carlisle,70876,,,,,9451,ANN,Scotland,ScotRail,
Anniesland,339812,542678,130692,1013182,532,0,Glasgow Queen Street,222494,"PTE, CS",Strathclyde,,,9972,ANL,Scotland,ScotRail,
Ansdell and Fairhaven,10092,34018,4666,48776,2054,0,Preston (Lancs),16006,,,,,2662,AFV,North West,Northern Trains,
Apperley Bridge,122192,270114,63360,455666,912,0,Leeds,336102,PTE,West Yorkshire,,,8562,APY,Yorkshire and The Humber,Northern Trains,
Appleby,8670,48820,5858,63348,1958,0,Carlisle,28984,,,,,2052,APP,North West,Northern Trains,
Appledore (Kent),7922,16264,4906,29092,2197,0,Ashford International,6850,,,,,5003,APD,South East,Govia Thameslink Railway (Southern),
Appleford,3316,4046,1712,9074,2379,0,Oxford,3394,,,,,3109,APF,South East,Great Western Railway,
Appley Bridge,38156,61998,26038,126192,1639,0,Manchester Piccadilly,33382,PTE,,,,2396,APB,North West,Northern Trains,
Apsley,189876,259740,68472,518088,849,0,London Euston,346686,,,,,1430,APS,East of England,West Midlands Trains (London Northwestern Railway),
Arbroath,148210,190730,23366,362306,1047,2708,Dundee,144776,CS,,,,9079,ARB,Scotland,ScotRail,
Ardgay,4434,850,450,5734,2434,0,Inverness,2652,,,,,8613,ARD,Scotland,ScotRail,
Ardlui,3172,878,0,4050,2457,0,Glasgow Queen Street,560,"PTE, CS, AutoTOD",,,,9962,AUI,Scotland,ScotRail,
Ardrossan Harbour,53556,30236,352,84144,1832,0,Glasgow Central,48716,,Strathclyde,,,9453,ADS,Scotland,ScotRail,
Ardrossan South Beach,56506,95730,15226,167462,1493,258,Glasgow Central,87324,CS,Strathclyde,,,9569,ASB,Scotland,ScotRail,
Ardrossan Town,4974,10110,2024,17108,2306,0,Glasgow Central,7986,"PTE, CS",Strathclyde,,,9455,ADN,Scotland,ScotRail,
Ardwick,184,62,16,262,2576,0,Manchester Piccadilly,74,PTE,Greater Manchester,,,2960,ADK,North West,Northern Trains,
Argyle Street,365242,815214,98570,1279026,437,0,Rutherglen,130336,"PTE, CS",Strathclyde,,,9961,AGS,Scotland,ScotRail,
Arisaig,4052,1520,0,5572,2436,0,Fort William,1706,AutoTOD,,,,8821,ARG,Scotland,ScotRail,
Arlesey,260242,314520,113714,688476,726,0,London St Pancras International,148940,,,,,6171,ARL,East of England,Govia Thameslink Railway (Great Northern),
Armadale (West Lothian),97670,110292,24270,232232,1293,0,Edinburgh,103132,CS,,,,990,ARM,Scotland,ScotRail,
Armathwaite,1080,10462,1740,13282,2347,0,Carlisle,7120,,,,,2054,AWT,North West,Northern Trains,
Arnside,14336,99846,5436,119618,1674,0,Lancaster,30272,,,,,1963,ARN,North West,Northern Trains,
Arram,88,870,72,1030,2540,0,Beverley,568,,,,,8045,ARR,Yorkshire and The Humber,Northern Trains,
Arrochar and Tarbet,16536,3412,490,20438,2275,0,Glasgow Queen Street,7286,"CS, AutoTOD",,,,9963,ART,Scotland,ScotRail,
Arundel,52140,193254,63292,308686,1143,0,London Victoria,71100,,,,,5251,ARU,South East,Govia Thameslink Railway (Southern),
Ascot (Berks),304000,559816,83220,947036,564,292322,London Waterloo,333378,,,,,5666,ACT,South East,South Western Railway,
Ascott-Under-Wychwood,796,114,372,1282,2522,0,Oxford,1048,,,,,3003,AUW,South East,Great Western Railway,
Ash,77176,138136,44024,259336,1235,43911,Guildford,62984,,,,,5641,ASH,South East,South Western Railway,
Ash Vale,121800,167754,68770,358324,1059,100146,London Waterloo,182894,,,,,5547,AHV,South East,South Western Railway,
Ashburys,31750,49114,24420,105284,1738,0,Manchester Piccadilly,39052,PTE,Greater Manchester,,,2941,ABY,North West,Northern Trains,
Ashchurch for Tewkesbury,37362,61724,9654,108740,1723,0,Bristol Temple Meads,17882,,,,,4700,ASC,South West,Great Western Railway,
Ashfield,24120,34874,5724,64718,1949,0,Glasgow Queen Street,41196,"PTE, CS",Strathclyde,,,9953,ASF,Scotland,ScotRail,
Ashford (Surrey),243976,455434,182856,882266,599,0,London Waterloo,290800,,,,,5667,AFS,South East,South Western Railway,
Ashford International,756446,2058384,976948,3791778,141,852249,London St Pancras International,1227648,,,,,5004,AFK,South East,Southeastern,
Ashington,15634,110532,4464,130630,1616,0,Newcastle,119912,,Tyne & Wear,,New Station,7608,ASL,North East,Northern Trains,
Ashley,2946,5006,696,8648,2385,0,Manchester Piccadilly,2800,,,,,2850,ASY,North West,Northern Trains,
Ashley Down,31980,18636,372,50988,2039,0,Bristol Temple Meads,18064,,,,New Station,5548,ASD,South West,Great Western Railway,
Ashtead,341122,484734,198100,1023956,526,0,London Waterloo,358118,,,,,5347,AHD,South East,Govia Thameslink Railway (Southern),
Ashton-Under-Lyne,62190,93422,24626,180238,1457,0,Manchester Victoria,71044,PTE,Greater Manchester,,,2790,AHN,North West,Northern Trains,
Ashurst (Kent),9842,8494,9402,27738,2210,0,London Bridge,16826,,,,,5398,AHS,South East,Govia Thameslink Railway (Southern),
Ashurst New Forest,23068,66736,18524,108328,1724,0,London Waterloo,28978,,,,,5906,ANF,South East,South Western Railway,
Ashwell and Morden,59034,73094,40994,173122,1474,0,Cambridge,40360,,,,,6083,AWM,East of England,Govia Thameslink Railway (Great Northern),
Askam,20604,40066,10060,70730,1913,0,Barrow-In-Furness,30558,,,,,1953,ASK,North West,Northern Trains,
Aslockton,11050,9790,2378,23218,2246,0,Nottingham,14352,,,,,6233,ALK,East Midlands,East Midlands Railway,
Aspatria,6378,21442,3846,31666,2180,0,Carlisle,15112,,,,,2095,ASP,North West,Northern Trains,
Aspley Guise,4054,2692,1554,8300,2392,0,Bletchley,2246,,,,Marston Vale Line full timetable resumed February 2024 after 14 months partial service,1380,APG,East of England,West Midlands Trains (London Northwestern Railway),
Aston,212760,270020,130668,613448,778,28082,Birmingham New Street,271912,PTE,West Midlands,,,1004,AST,West Midlands,West Midlands Trains (West Midlands Railway),
Atherstone,39774,63384,9962,113120,1705,0,London Euston,34314,,,,,1074,ATH,West Midlands,West Midlands Trains (London Northwestern Railway),
Atherton,71512,109766,37198,218476,1342,0,Manchester Victoria,95980,PTE,Greater Manchester,,,2584,ATN,North West,Northern Trains,
Attadale,840,194,0,1034,2539,0,Inverness,226,,,,,8608,ATT,Scotland,ScotRail,
Attenborough,65136,18652,12306,96094,1782,0,Nottingham,51942,,,,,1624,ATB,East Midlands,East Midlands Railway,
Attleborough,63888,87292,23866,175046,1471,0,Norwich,89950,Other,,,,7367,ATL,East of England,Greater Anglia,
Auchinleck,25620,35830,3402,64852,1947,0,Glasgow Central,38420,CS,Strathclyde,,,9457,AUK,Scotland,ScotRail,
Audley End,229064,411324,173742,814130,641,5000,London Liverpool Street,395734,Season,,,,7017,AUD,East of England,Greater Anglia,
Aughton Park,43660,107866,34108,185634,1438,0,Liverpool Central,85458,PTE,Merseyside,,,2215,AUG,North West,Merseyrail,
Aviemore,56280,65702,1672,123654,1652,60,Inverness,29548,CS,,,,8610,AVM,Scotland,ScotRail,
Avoncliff,12384,11002,1692,25078,2234,0,Bath Spa,10054,,,,,3265,AVF,South West,Great Western Railway,
Avonmouth,115762,12968,42710,171440,1481,0,Bristol Temple Meads,77692,,,,,3200,AVN,South West,Great Western Railway,
Axminster,31882,295822,90242,417946,958,0,Exeter Central,107046,,,,,5714,AXM,South West,South Western Railway,
Aylesbury,359114,331976,209394,900484,587,6334,London Marylebone,408740,,,,,1492,AYS,South East,Chiltern Railways,
Aylesbury Vale Parkway,53494,41460,32624,127578,1633,0,London Marylebone,71600,,,,,1090,AVP,South East,Chiltern Railways,
Aylesford,67830,53800,62986,184616,1444,0,Maidstone West,32088,,,,,5162,AYL,South East,Southeastern,
Aylesham,33196,44688,28436,106320,1734,0,Canterbury East,44628,,,,,5197,AYH,South East,Southeastern,
Ayr,293648,449788,52124,795560,654,38459,Glasgow Central,294426,"PTE, CS",Strathclyde,,,9463,AYR,Scotland,ScotRail,
Bache,143806,327064,24496,495366,865,0,Chester,128040,PTE,Merseyside,,,2187,BAC,North West,Merseyrail,
Baglan,15122,14952,5126,35200,2154,0,Swansea,11868,,,,Increase in services from December 2024,4186,BAJ,Wales,TfW Rail,
Bagshot,46294,62722,11536,120552,1668,0,London Waterloo,24184,,,,,5681,BAG,South East,South Western Railway,
Baildon,58268,41518,111190,210976,1363,0,Guiseley,61296,PTE,West Yorkshire,,,8552,BLD,Yorkshire and The Humber,Northern Trains,
Baillieston,56752,83634,21682,162068,1515,0,Glasgow Central,59502,"PTE, CS",Strathclyde,,,9763,BIO,Scotland,ScotRail,
Balcombe,67416,104574,41036,213026,1355,0,London Bridge,42340,,,,,5492,BAB,South East,Govia Thameslink Railway (Southern),
Baldock,207890,264966,95746,568602,812,0,London St Pancras International,82450,,,,,6084,BDK,East of England,Govia Thameslink Railway (Great Northern),
Balham,1867414,2812102,1275716,5955232,86,267295,Clapham Junction,500878,CPAY,,,,5399,BAL,London,Govia Thameslink Railway (Southern),
Balloch,169282,243710,31342,444334,926,0,Glasgow Queen Street,130432,"PTE, CS",Strathclyde,,,9862,BHC,Scotland,ScotRail,
Balmossie,1226,482,0,1708,2502,0,Dundee,1240,CS,,,,9013,BSI,Scotland,ScotRail,
Bamber Bridge,19684,37740,17644,75068,1887,0,Preston (Lancs),16672,,,,,2561,BMB,North West,Northern Trains,
Bamford,15680,56412,686,72778,1900,0,Sheffield,25156,PTE,,,,2820,BAM,East Midlands,Northern Trains,
Banavie,4342,2454,0,6796,2413,0,Mallaig,1630,,,,,8839,BNV,Scotland,ScotRail,
Banbury,540888,1460042,268942,2269872,261,220056,London Marylebone,615822,,,,,4502,BAN,South East,Chiltern Railways,
Bangor (Gwynedd),168188,512830,39048,720066,696,610,London Euston,93828,,,,,2471,BNG,Wales,TfW Rail,
Bank Hall,38310,141830,46264,226404,1314,0,Liverpool Central,39954,PTE,Merseyside,,,2238,BAH,North West,Merseyrail,
Banstead,58546,69596,20638,148780,1549,0,London Victoria,35056,Same OD,,,,5348,BAD,South East,Govia Thameslink Railway (Southern),
Barassie,54682,87572,12634,154888,1533,0,Glasgow Central,79164,CS,Strathclyde,,,9466,BSS,Scotland,ScotRail,
Bardon Mill,1416,8614,16,10046,2366,0,Newcastle,3864,,,,,7563,BLL,North East,Northern Trains,
Bare Lane,15548,48230,55474,119252,1678,0,Lancaster,85772,,,,,2690,BAR,North West,Northern Trains,
Bargeddie,33510,50852,14484,98846,1764,0,Glasgow Central,38486,"PTE, CS",Strathclyde,,,9764,BGI,Scotland,ScotRail,
Bargoed,138626,8554,41256,188436,1431,0,Cardiff Central,75260,,,,,4011,BGD,Wales,TfW Rail,
Barking,3879828,6913846,2565752,13359426,35,1162662,West Ham,5081268,CPAY,,,,7492,BKG,London,c2c,
Barking Riverside,433754,619524,156198,1209476,460,0,Barking,397454,EL,,,,1335,BGV,London,London Overground,
Barming,67056,130234,39700,236990,1278,0,London Victoria,118886,,,,,5133,BMG,South East,Southeastern,
Barmouth,99900,102952,34002,236854,1280,0,Tywyn,39134,Other,,,,4445,BRM,Wales,TfW Rail,
Barnehurst,358690,439920,157280,955890,559,0,London Bridge,180922,Same OD,,,,5089,BNH,London,Southeastern,
Barnes,800566,995166,456078,2251810,264,24911,London Waterloo,755036,Same OD,,,,5551,BNS,London,South Western Railway,
Barnes Bridge,320532,410574,141158,872264,604,0,London Waterloo,307374,Same OD,,,,5580,BNI,London,South Western Railway,
Barnetby,7394,50552,3488,61434,1973,4740,Lincoln,10888,,,,,6406,BTB,Yorkshire and The Humber,TransPennine Express,
Barnham,219444,381528,431218,1032190,521,794250,Bognor Regis,241524,Other,,,,5252,BAA,South East,Govia Thameslink Railway (Southern),
Barnhill,30686,40500,13500,84686,1830,0,Glasgow Queen Street,23080,"PTE, CS",Strathclyde,,,9973,BNL,Scotland,ScotRail,
Barnsley,448370,881802,189590,1519762,366,30321,Sheffield,388134,PTE,South Yorkshire,,,6774,BNY,Yorkshire and The Humber,Northern Trains,
Barnstaple,100704,337950,170126,608780,785,0,Exeter Central,193622,,,,,5725,BNP,South West,Great Western Railway,
Barnt Green,115434,95638,116074,327146,1115,71264,Birmingham New Street,184058,PTE,,,,1096,BTG,West Midlands,West Midlands Trains (West Midlands Railway),
Barrhead,180980,276864,95174,553018,824,0,Glasgow Central,389290,"PTE, CS",Strathclyde,,,9674,BRR,Scotland,ScotRail,
Barrhill,1538,2286,54,3878,2463,0,Glasgow Central,1258,PTE,Strathclyde,,,9467,BRL,Scotland,ScotRail,
Barrow Haven,452,742,0,1194,2528,0,Barton-On-Humber,478,,,,,6212,BAV,Yorkshire and The Humber,East Midlands Railway,
Barrow-In-Furness,100668,441312,47678,589658,799,24412,Millom,89150,,,,,1954,BIF,North West,Northern Trains,
Barrow-Upon-Soar,44900,36116,20826,101842,1750,0,Leicester,36940,,,,,1903,BWS,East Midlands,East Midlands Railway,
Barry,436662,44010,119390,600062,792,4288,Cardiff Central,254088,Season,,,,3805,BRY,Wales,TfW Rail,
Barry Docks,208454,14234,62878,285566,1187,0,Cardiff Central,116978,,,,,3806,BYD,Wales,TfW Rail,
Barry Island,303588,34142,108328,446058,921,0,Cardiff Central,113130,Season,,,,3807,BYI,Wales,TfW Rail,
Barry Links,372,78,0,450,2566,0,Dundee,320,AutoTOD,,,,9020,BYL,Scotland,ScotRail,
Barton-On-Humber,12000,19718,1388,33106,2173,0,Cleethorpes,8212,,,,,6207,BAU,Yorkshire and The Humber,East Midlands Railway,
Basildon,854324,1176568,535938,2566830,217,0,London Fenchurch Street,696854,,,,,7494,BSO,East of England,c2c,
Basingstoke,1239952,2799824,754044,4793820,110,829653,London Waterloo,1626552,,,,,5520,BSK,South East,South Western Railway,
Bat and Ball,49134,97024,72318,218476,1342,0,Sevenoaks,21532,,,,,5090,BBL,South East,Southeastern,
Bath Spa,1126126,5063410,320970,6510506,77,206808,London Paddington,1369168,,,,,3271,BTH,South West,Great Western Railway,
Bathgate,392668,465452,80028,938148,569,0,Edinburgh,539510,CS,,,,9311,BHG,Scotland,ScotRail,
Batley,91864,91746,43486,227096,1312,0,Leeds,123790,PTE,West Yorkshire,,,8484,BTL,Yorkshire and The Humber,Northern Trains,
Battersby,102,2422,0,2524,2487,0,Whitby,1182,,,,,7909,BTT,Yorkshire and The Humber,Northern Trains,
Battersea Park,646578,1124942,411986,2183506,268,1524,London Victoria,459402,,,,,5420,BAK,London,Govia Thameslink Railway (Southern),
Battle,103802,285840,122118,511760,855,0,London Bridge,133442,,,,,5215,BAT,South East,Southeastern,
Battlesbridge,9460,9038,4062,22560,2254,0,London Liverpool Street,4394,,,,,6870,BLB,East of England,Greater Anglia,
Bayford,32534,40890,5450,78874,1867,0,Finsbury Park,16674,"Same OD, EL, CPAY",,,,6006,BAY,East of England,Govia Thameslink Railway (Great Northern),
Beaconsfield,325494,564192,257220,1146906,478,0,London Marylebone,908618,EL,,,,3047,BCF,South East,Chiltern Railways,
Bearley,1466,974,112,2552,2485,0,Stratford-Upon-Avon,888,,,,,2420,BER,West Midlands,West Midlands Trains (West Midlands Railway),
Bearsden,150438,211202,37888,399528,982,0,Glasgow Queen Street,117976,"PTE, CS",Strathclyde,,,9966,BRN,Scotland,ScotRail,
Bearsted,79934,125510,111504,316948,1134,0,London Victoria,119068,,,,,5091,BSD,South East,Southeastern,
Beasdale,138,92,0,230,2577,0,Mallaig,62,,,,,8822,BSL,Scotland,ScotRail,
Beaulieu Road,2120,17522,196,19838,2280,0,Southampton Central,4276,,,,,5890,BEU,South East,South Western Railway,
Beauly,26894,4332,2282,33508,2170,0,Inverness,27884,CS,,,,8877,BEL,Scotland,ScotRail,
Bebington,357620,448368,111848,917836,580,0,Liverpool Central,205858,PTE,Merseyside,,,2188,BEB,North West,Merseyrail,
Beccles,33684,88714,7452,129850,1623,0,Lowestoft,32986,,,,,7258,BCC,East of England,Greater Anglia,
Beckenham Hill,138942,178624,61100,378666,1014,0,London Blackfriars,67114,,,,,5076,BEC,London,Govia Thameslink Railway (Thameslink),
Beckenham Junction,600402,816360,277306,1694068,331,65489,London Victoria,837762,Same OD,,,,5046,BKJ,London,Southeastern,
Bedford,669818,2423388,670772,3763978,144,52169,London St Pancras International,1827472,"Group, ODM Counts",,,Marston Vale Line full timetable resumed February 2024 after 14 months partial service,1512,BDM,East of England,Govia Thameslink Railway (Thameslink),BEDFORD BR
Bedford St Johns,31240,113028,31284,175552,1469,0,London St Pancras International,85218,"Group, Counts, ODM Counts",,,Marston Vale Line full timetable resumed February 2024 after 14 months partial service,1510,BSJ,East of England,West Midlands Trains (London Northwestern Railway),BEDFORD BR
Bedhampton,26892,44174,15140,86206,1823,0,Fratton,17994,,,,,5538,BDH,South East,South Western Railway,
Bedminster,67016,62796,11106,140918,1573,0,Bristol Temple Meads,20198,Other,,,,3245,BMT,South West,Great Western Railway,
Bedworth,41330,18298,9418,69046,1922,0,Coventry,17592,,,,,1165,BEH,West Midlands,West Midlands Trains (West Midlands Railway),
Bedwyn,15066,62972,21910,99948,1755,0,London Paddington,67006,,,,,3070,BDW,South West,Great Western Railway,
Beeston,296066,255130,55374,606570,788,35371,Nottingham,170838,,,,,1625,BEE,East Midlands,East Midlands Railway,
Bekesbourne,19542,12812,5366,37720,2141,0,Canterbury East,21472,,,,,5198,BKS,South East,Southeastern,
Belle Vue,3718,7656,3914,15288,2324,0,Manchester Piccadilly,8600,PTE,Greater Manchester,,,2785,BLV,North West,Northern Trains,
Bellgrove,289222,383268,71884,744374,684,25024,Glasgow Queen Street,236718,"PTE, CS",Strathclyde,,,9895,BLG,Scotland,ScotRail,
Bellingham,231952,242956,148206,623114,772,0,London Blackfriars,104542,,,,,5062,BGM,London,Govia Thameslink Railway (Thameslink),
Bellshill,239638,312488,91450,643576,759,85124,Glasgow Central,369928,"PTE, CS",Strathclyde,,,9714,BLH,Scotland,ScotRail,
Belmont,75056,75650,49650,200356,1398,0,West Croydon,34706,,,,,5350,BLM,London,Govia Thameslink Railway (Southern),
Belper,70226,131978,16980,219184,1340,2601,Derby,61098,,,,,1679,BLP,East Midlands,East Midlands Railway,
Beltring,6432,5366,2734,14532,2333,0,Maidstone West,3516,,,,,5227,BEG,South East,Southeastern,
Belvedere,231622,350016,114768,696406,717,0,Woolwich Arsenal,105990,EL,,,,5092,BVD,London,Southeastern,
Bempton,2190,21442,50,23682,2241,0,Scarborough,6002,,,,,8047,BEM,Yorkshire and The Humber,Northern Trains,
Ben Rhydding,91734,81648,45586,218968,1341,0,Leeds,128018,PTE,West Yorkshire,,,8564,BEY,Yorkshire and The Humber,Northern Trains,
Benfleet,979518,1029484,430324,2439326,234,0,London Fenchurch Street,969912,,,,,7439,BEF,East of England,c2c,
Bentham,4928,34364,1916,41208,2113,0,Lancaster,14188,,,,,2676,BEN,Yorkshire and The Humber,Northern Trains,
Bentley (Hampshire),45894,39860,24092,109846,1716,0,London Waterloo,73238,,,,,5624,BTY,South East,South Western Railway,
Bentley (South Yorkshire),46844,72686,38414,157944,1522,0,Leeds,48406,PTE,South Yorkshire,,,8352,BYK,Yorkshire and The Humber,Northern Trains,
Bere Alston,11280,20380,7766,39426,2126,0,Plymouth,24654,,,,,3549,BAS,South West,Great Western Railway,
Bere Ferrers,2296,8766,3552,14614,2330,0,Plymouth,8532,,,,,3550,BFE,South West,Great Western Railway,
Berkhamsted,460066,671266,191488,1322820,424,0,London Euston,958364,,,,,1390,BKM,East of England,West Midlands Trains (London Northwestern Railway),
Berkswell,70272,120742,93676,284690,1190,0,Birmingham New Street,120252,PTE,West Midlands,,,1045,BKW,West Midlands,West Midlands Trains (West Midlands Railway),
Bermuda Park,16004,8172,4258,28434,2202,0,Coventry,9494,,,,,6543,BEP,West Midlands,West Midlands Trains (West Midlands Railway),
Berney Arms,384,416,2,802,2552,0,Norwich,324,Other,,,,7330,BYA,East of England,Greater Anglia,
Berry Brow,7590,11502,8022,27114,2220,0,Huddersfield,4844,PTE,West Yorkshire,,,8431,BBW,Yorkshire and The Humber,Northern Trains,
Berrylands,144502,186302,33150,363954,1044,0,London Waterloo,163710,"Same OD, EL",,,,5581,BRS,London,South Western Railway,
Berwick (Sussex),16854,46384,16196,79434,1863,0,Brighton,17062,Other,,,,5323,BRK,South East,Govia Thameslink Railway (Southern),
Berwick-Upon-Tweed,0,695168,12142,707310,706,14439,Edinburgh,209932,,,,,7791,BWK,North East,London North Eastern Railway,
Bescar Lane,1016,1394,32,2442,2489,0,Southport,1100,,,,,2351,BES,North West,Northern Trains,
Bescot Stadium,41320,73954,39550,154824,1534,0,Birmingham New Street,91842,PTE,West Midlands,,,1003,BSC,West Midlands,West Midlands Trains (West Midlands Railway),
Betchworth,4630,9364,488,14482,2335,0,Reigate,2010,,,,,5472,BTO,South East,Great Western Railway,
Bethnal Green,485822,821092,257152,1564066,350,0,Walthamstow Central,209468,,,,,6961,BET,London,London Overground,
Betws-y-Coed,24542,28260,36,52838,2027,0,Llandudno,18714,,,,,2449,BYC,Wales,TfW Rail,
Beverley,75352,592364,86470,754186,677,12,Hull,305612,,,,,8048,BEV,Yorkshire and The Humber,Northern Trains,
Bexhill,278000,583912,627020,1488932,371,0,Hastings,365548,,,,,5211,BEX,South East,Govia Thameslink Railway (Southern),
Bexley,456224,497430,143154,1096808,495,0,London Bridge,316790,,,,,5093,BXY,London,Southeastern,
Bexleyheath,584162,690474,200738,1475374,376,0,London Bridge,317248,Same OD,,,,5094,BXH,London,Southeastern,
Bicester North,204180,493762,124874,822816,634,4264,London Marylebone,478860,Group,,,,3048,BCS,South East,Chiltern Railways,BICESTER BR
Bicester Village,263074,1478268,184226,1925568,293,219,London Marylebone,744444,Group,,,,3104,BIT,South East,Chiltern Railways,BICESTER BR
Bickley,308908,324732,104606,738246,687,3599,London Victoria,239562,Same OD,,,,5063,BKL,London,Southeastern,
Bidston,102896,142738,55816,301450,1156,102377,Liverpool Central,37652,PTE,Merseyside,,,2136,BID,North West,Merseyrail,
Biggleswade,311314,434286,149328,894928,590,0,London St Pancras International,142662,,,,,6170,BIW,East of England,Govia Thameslink Railway (Great Northern),
Bilbrook,68308,34852,35932,139092,1580,0,Birmingham New Street,46098,PTE,,,,4618,BBK,West Midlands,West Midlands Trains (West Midlands Railway),
Billericay,1006236,722686,619590,2348512,246,0,London Liverpool Street,1220434,,,,,6871,BIC,East of England,Greater Anglia,
Billingham,18032,88020,12058,118110,1682,0,Newcastle,44722,,,,,7910,BIL,North East,Northern Trains,
Billingshurst,121344,219450,106342,447136,919,0,London Victoria,122206,Other,,,,5464,BIG,South East,Govia Thameslink Railway (Southern),
Bingham,22860,40222,9598,72680,1902,0,Nottingham,25790,,,,,6235,BIN,East Midlands,East Midlands Railway,
Bingley,343306,465356,209308,1017970,528,0,Leeds,529510,PTE,West Yorkshire,,,8553,BIY,Yorkshire and The Humber,Northern Trains,
Birchgrove,39374,2542,11108,53024,2024,0,Cardiff Central,17278,Season,,,,3907,BCG,Wales,TfW Rail,
Birchington-On-Sea,50752,118910,180362,350024,1074,0,Ramsgate,131062,,,,,5163,BCH,South East,Southeastern,
Birchwood,212666,148344,76162,437172,937,0,Manchester Oxford Road,134622,,,,,2304,BWD,North West,Northern Trains,
Birkbeck,47602,41252,16324,105178,1741,0,London Bridge,25612,,,,,5401,BIK,London,Govia Thameslink Railway (Southern),
Birkdale,153734,768662,142202,1064598,508,0,Southport,387330,PTE,Merseyside,,,2352,BDL,North West,Merseyrail,
Birkenhead Central,241440,311760,91132,644332,758,0,Liverpool Central,118036,PTE,Merseyside,,,2217,BKC,North West,Merseyrail,
Birkenhead Hamilton Square,739196,683436,234698,1657330,337,330845,Liverpool Central,406580,PTE,Merseyside,,,2219,BKQ,North West,Merseyrail,
Birkenhead North,551862,278846,113314,944022,565,91287,Liverpool Central,254500,PTE,Merseyside,,,2145,BKN,North West,Merseyrail,
Birkenhead Park,296198,295434,77896,669528,745,0,Liverpool Central,145332,PTE,Merseyside,,,2220,BKP,North West,Merseyrail,
Birmingham International,1642174,2908416,452384,5002974,102,276067,Birmingham New Street,1425038,PTE,West Midlands,,,1215,BHI,West Midlands,Avanti West Coast,
Birmingham Moor Street,2154818,3026684,1966510,7148012,66,448181,Solihull,947716,"PTE, Group",West Midlands,,,4515,BMO,West Midlands,Chiltern Railways,BIRMINGHAM BR
Birmingham New Street,9647958,19704558,7271162,36623678,13,5641463,London Euston,2886994,"PTE, Group",West Midlands,,,1127,BHM,West Midlands,Network Rail,BIRMINGHAM BR
Birmingham Snow Hill,839924,1168048,1145998,3153970,169,300549,Stourbridge Junction,451994,"PTE, Group",West Midlands,,,1006,BSW,West Midlands,West Midlands Trains (West Midlands Railway),BIRMINGHAM BR
Bishop Auckland,30676,118184,20172,169032,1486,0,Darlington,48600,,,,,7835,BIA,North East,Northern Trains,
Bishopbriggs,258638,432404,67656,758698,673,0,Glasgow Queen Street,507300,"PTE, CS",Strathclyde,,,9940,BBG,Scotland,ScotRail,
Bishops Stortford,1036916,1275712,690562,3003190,181,123676,London Liverpool Street,1221872,,,,,6800,BIS,East of England,Greater Anglia,
Bishopstone (Sussex),13900,34280,2986,51166,2036,0,Brighton,13638,,,,,5402,BIP,South East,Govia Thameslink Railway (Southern),
Bishopton (Renfrewshire),218790,392276,90842,701908,711,0,Glasgow Central,442164,"PTE, CS",Strathclyde,,,9620,BPT,Scotland,ScotRail,
Bitterne,26552,44280,13130,83962,1833,0,Fareham,10720,,,,,5945,BTE,South East,South Western Railway,
Blackburn,247984,907632,142364,1297980,431,82591,Manchester Victoria,244514,,,,,2737,BBN,North West,Northern Trains,
Blackheath,750952,1209136,318422,2278510,260,7933,London Bridge,595896,"Same OD, EL",,,,5095,BKH,London,Southeastern,
Blackhorse Road,776484,1450094,466960,2693538,207,0,Barking,735910,"Same OD, CPAY",,,,7400,BHO,London,London Underground,
Blackpool North,201032,1815360,49174,2065566,280,2062,Preston (Lancs),332278,,,,,2739,BPN,North West,Northern Trains,
Blackpool Pleasure Beach,10086,105864,2626,118576,1680,0,Preston (Lancs),28860,,,,,2738,BPB,North West,Northern Trains,
Blackpool South,11384,95764,6496,113644,1701,0,Preston (Lancs),41520,,,,,2740,BPS,North West,Northern Trains,
Blackridge,24306,22130,5386,51822,2032,0,Edinburgh,16634,CS,,,,991,BKR,Scotland,ScotRail,
Blackrod,44820,96670,84826,226316,1315,0,Manchester Piccadilly,52858,PTE,Greater Manchester,,,2732,BLK,North West,Northern Trains,
Blackwater,103276,244374,36198,383848,1004,0,Reading,101034,AutoTOD,,,,5625,BAW,South East,Great Western Railway,
Blaenau Ffestiniog,15904,31244,92,47240,2067,0,Llandudno,20618,,,,,2450,BFF,Wales,TfW Rail,
Blair Atholl,8368,7886,192,16446,2313,0,Pitlochry,3480,"CS, AutoTOD",,,,8750,BLA,Scotland,ScotRail,
Blairhill,125336,198076,54102,377514,1018,0,Glasgow Queen Street,188702,"PTE, CS",Strathclyde,,,9760,BAI,Scotland,ScotRail,
Blake Street,98512,118684,127696,344892,1085,0,Birmingham New Street,178760,PTE,West Midlands,,,1176,BKT,West Midlands,West Midlands Trains (West Midlands Railway),
Blakedown,24688,14422,57362,96472,1778,0,Hagley,26132,PTE,,,,4574,BKD,West Midlands,West Midlands Trains (West Midlands Railway),
Blantyre,141856,222254,49696,413806,967,0,Glasgow Central,177338,"PTE, CS",Strathclyde,,,9716,BLT,Scotland,ScotRail,
Blaydon,7948,51594,9954,69496,1917,0,Newcastle,37950,PTE,Tyne & Wear,,,7503,BLO,North East,Northern Trains,
Bleasby,6114,1076,362,7552,2402,0,Nottingham,4798,,,,,6204,BSB,East Midlands,East Midlands Railway,
Bletchley,406610,756486,222562,1385658,402,72052,London Euston,703086,,,,Marston Vale Line full timetable resumed February 2024 after 14 months partial service,1360,BLY,South East,West Midlands Trains (London Northwestern Railway),
Bloxwich,50958,58534,4674,114166,1698,0,Birmingham New Street,64410,,West Midlands,,,1141,BLX,West Midlands,West Midlands Trains (West Midlands Railway),
Bloxwich North,52246,60050,10794,123090,1655,0,Birmingham New Street,81718,,West Midlands,,,1018,BWN,West Midlands,West Midlands Trains (West Midlands Railway),
Blundellsands and Crosby,327068,973250,263220,1563538,351,0,Liverpool Central,667852,PTE,Merseyside,,,2123,BLN,North West,Merseyrail,
Blythe Bridge,46542,36268,21042,103852,1746,0,Stoke-On-Trent,41812,,,,,1282,BYB,West Midlands,East Midlands Railway,
Bodmin Parkway,26138,262836,16324,305298,1149,0,London Paddington,66022,,,,,3501,BOD,South West,Great Western Railway,
Bodorgan,3254,3426,734,7414,2405,0,Bangor (Gwynedd),2934,,,,,2435,BOR,Wales,TfW Rail,
Bognor Regis,207364,614748,264650,1086762,499,0,Barnham,241524,,,,,5253,BOG,South East,Govia Thameslink Railway (Southern),
Bogston,10186,14300,2780,27266,2218,0,Glasgow Central,6586,"PTE, CS",Strathclyde,,,9668,BGS,Scotland,ScotRail,
Bolton,715772,1824114,471964,3011850,180,495120,Manchester Oxford Road,421764,PTE,Greater Manchester,,,2599,BON,North West,Northern Trains,
Bolton-Upon-Dearne,35432,27334,14934,77700,1873,0,Sheffield,24418,PTE,South Yorkshire,,,8536,BTD,Yorkshire and The Humber,Northern Trains,
Bond Street,12604416,25509428,4638398,42752242,9,11198,Tottenham Court Road,6780066,"Group, EL, CPAY",,,,6553,BDS,London,London Underground,
Bookham,75416,106868,30156,212440,1358,0,London Waterloo,91966,,,,,5626,BKA,South East,South Western Railway,
Bootle (Cumbria),3512,8354,1978,13844,2338,0,Millom,2580,,,,,1993,BOC,North West,Northern Trains,
Bootle New Strand,197704,534666,152656,885026,596,0,Liverpool Central,196316,"PTE, ODM Counts",Merseyside,,,2195,BNW,North West,Merseyrail,BOOTLE BR
Bootle Oriel Road,154482,417778,119284,691544,725,0,Liverpool Central,153386,"PTE, ODM Counts",Merseyside,,,2239,BOT,North West,Merseyrail,BOOTLE BR
Bordesley,2380,25252,1430,29062,2198,0,Solihull,3564,PTE,West Midlands,,Increase in services from December 2024,4513,BBS,West Midlands,West Midlands Trains (West Midlands Railway),
Borough Green and Wrotham,134486,194014,109868,438368,935,0,London Bridge,111764,,,,,5130,BRG,South East,Southeastern,
Borth,37402,23562,976,61940,1969,0,Aberystwyth,41666,Other,,,,4304,BRH,Wales,TfW Rail,
Bosham,21470,34504,13356,69330,1918,0,Chichester,19028,,,,,5254,BOH,South East,Govia Thameslink Railway (Southern),
Boston,72532,185026,9626,267184,1223,2,Nottingham,77036,,,,,6216,BSN,East Midlands,East Midlands Railway,
Botley,41128,88990,24460,154578,1536,0,London Waterloo,40416,,,,,5894,BOE,South East,South Western Railway,
Bottesford,26984,20620,8956,56560,2001,0,Nottingham,32164,,,,,6237,BTF,East Midlands,East Midlands Railway,
Bourne End,87010,107228,60386,254624,1249,125661,London Paddington,67618,,,,,3018,BNE,South East,Great Western Railway,
Bournemouth,514088,2006230,144138,2664456,210,71883,London Waterloo,533182,,,,,5876,BMH,South West,South Western Railway,
Bournville,283460,421322,291352,996134,543,0,Birmingham New Street,617972,PTE,West Midlands,,,1112,BRV,West Midlands,West Midlands Trains (West Midlands Railway),
Bow Brickhill,17938,5934,9002,32874,2175,0,Bletchley,8358,,,,Marston Vale Line full timetable resumed February 2024 after 14 months partial service,1381,BWB,South East,West Midlands Trains (London Northwestern Railway),
Bow Street,16996,16790,752,34538,2161,0,Aberystwyth,12472,,,,,4219,BOW,Wales,TfW Rail,
Bowes Park,205682,245276,73744,524702,843,0,Finsbury Park,101348,"Same OD, EL",,,,6027,BOP,London,Govia Thameslink Railway (Great Northern),
Bowling,9380,15632,2298,27310,2217,0,Glasgow Central,5452,CS,Strathclyde,,,9968,BWG,Scotland,ScotRail,
Box Hill and Westhumble,26368,112592,6900,145860,1560,0,London Waterloo,42330,,,,,5403,BXW,South East,Govia Thameslink Railway (Southern),
Bracknell,581448,960438,233316,1775202,314,19538,London Waterloo,425624,,,,,5693,BCE,South East,South Western Railway,
Bradford Forster Square,497974,636662,322782,1457418,384,35780,Leeds,406948,Group,West Yorkshire,,,8346,BDQ,Yorkshire and The Humber,Northern Trains,BRADFORD BR
Bradford Interchange,575384,1461244,322726,2359354,244,89871,Leeds,766216,Group,West Yorkshire,,,8345,BDI,Yorkshire and The Humber,Northern Trains,BRADFORD BR
Bradford-On-Avon,220796,278944,32476,532216,835,5217,Bath Spa,217978,,,,,3341,BOA,South West,Great Western Railway,
Brading,3256,12130,1694,17080,2307,0,Shanklin,4232,,,,,5530,BDN,South East,South Western Railway (Island Line),
Braintree,175770,249782,205262,630814,768,0,London Liverpool Street,234448,Season,,,,6801,BTR,East of England,Greater Anglia,
Braintree Freeport,47736,70098,23780,141614,1569,0,London Liverpool Street,33690,,,,,2053,BTP,East of England,Greater Anglia,
Bramhall,64430,113634,36164,214228,1353,0,Manchester Piccadilly,127752,PTE,Greater Manchester,,,2944,BML,North West,Northern Trains,
Bramley (Hampshire),61690,149134,53906,264730,1227,0,Basingstoke,115778,,,,,5500,BMY,South East,Great Western Railway,
Bramley (West Yorkshire),137560,131262,67536,336358,1104,0,Leeds,194676,PTE,West Yorkshire,,,8496,BLE,Yorkshire and The Humber,Northern Trains,
Brampton (Cumbria),1568,14312,96,15976,2317,0,Newcastle,7844,,,,,7565,BMP,North West,Northern Trains,
Brampton (Suffolk),3678,8248,2582,14508,2334,0,Lowestoft,4560,,,,,7259,BRP,East of England,Greater Anglia,
Branchton,40722,63626,17952,122300,1659,0,Glasgow Central,53044,"PTE, CS",Strathclyde,,,9938,BCN,Scotland,ScotRail,
Brandon,44948,72460,11404,128812,1627,0,Cambridge,28782,Other,,,,7200,BND,East of England,Greater Anglia,
Branksome,72290,176450,31386,280126,1194,0,London Waterloo,66008,,,,,5875,BSM,South West,South Western Railway,
Braystones,118,1354,0,1472,2515,0,Whitehaven,582,,,,,2045,BYS,North West,Northern Trains,
Bredbury,47668,93146,31222,172036,1478,0,Manchester Piccadilly,130352,PTE,Greater Manchester,,,2779,BDY,North West,Northern Trains,
Breich,3282,2570,72,5924,2429,0,Edinburgh,2430,,,,,9251,BRC,Scotland,ScotRail,
Brent Cross West,228538,345386,101468,675392,739,0,London St Pancras International,110746,,,,Opened in 2023-24,7777,BCZ,London,Govia Thameslink Railway (Thameslink),
Brentford,357814,418788,200326,976928,549,0,London Waterloo,196810,Same OD,,,,5552,BFD,London,South Western Railway,
Brentwood,1251358,1645276,335386,3232020,166,0,London Liverpool Street,594134,EL,,,,6872,BRE,East of England,Elizabeth line,
Bricket Wood,7022,18250,1786,27058,2221,0,Watford Junction,12354,,,,,1560,BWO,East of England,West Midlands Trains (London Northwestern Railway),
Bridge Of Allan,140550,114938,12924,268412,1218,0,Edinburgh,77444,CS,,,,9889,BEA,Scotland,ScotRail,
Bridge Of Orchy,5538,2420,0,7958,2395,0,Corrour,1014,"CS, AutoTOD",,,,8823,BRO,Scotland,ScotRail,
Bridgend,708444,459572,211550,1379566,405,55517,Cardiff Central,546762,,,,,3809,BGN,Wales,TfW Rail,
Bridgeton,281120,411688,110090,802898,650,0,Glasgow Central,232180,"PTE, CS",Strathclyde,,,9789,BDG,Scotland,ScotRail,
Bridgwater,152600,307968,25994,486562,878,0,Bristol Temple Meads,117286,,,,,3449,BWT,South West,Great Western Railway,
Bridlington,42826,479238,24014,546078,830,1203,Hull,149510,,,,,8049,BDT,Yorkshire and The Humber,Northern Trains,
Brierfield,11548,17590,7756,36894,2147,0,Blackburn,8606,,,,,2554,BRF,North West,Northern Trains,
Brigg,150,1486,0,1636,2506,0,Kirton Lindsey,406,,,,,6464,BGG,Yorkshire and The Humber,Northern Trains,
Brighouse,110368,238010,39214,387592,996,36630,Leeds,130898,PTE,West Yorkshire,,,8514,BGH,Yorkshire and The Humber,Northern Trains,
Brighton,3166942,10528348,1633160,15328450,28,1297590,London Victoria,1801680,Other,,,,5268,BTN,South East,Govia Thameslink Railway (Southern),
Brimsdown,398618,614730,122126,1135474,486,0,Tottenham Hale,516364,"Same OD, EL",,,,6810,BMD,London,Greater Anglia,
Brinnington,23180,44634,20894,88708,1812,0,Manchester Piccadilly,64620,PTE,Greater Manchester,,,2603,BNT,North West,Northern Trains,
Bristol Parkway,456956,1787746,80856,2325558,250,875145,London Paddington,763594,,,,,3230,BPW,South West,Great Western Railway,
Bristol Temple Meads,2912290,7458690,506328,10877308,44,1644247,London Paddington,1451712,,,,,3231,BRI,South West,Network Rail,
Brithdir,9044,392,3616,13052,2348,0,Cardiff Central,4084,,,,,4012,BHD,Wales,TfW Rail,
Briton Ferry,16134,22090,3418,41642,2107,0,Swansea,14796,,,,Increase in services from December 2024,4187,BNF,Wales,TfW Rail,
Brixton,276440,359078,168860,804378,648,0,Bromley South,107262,CPAY,,,,5081,BRX,London,Southeastern,
Broad Green,172420,138374,104930,415724,963,0,Liverpool Lime Street,260258,PTE,Merseyside,,,2240,BGE,North West,Northern Trains,
Broadbottom,54656,44872,30770,130298,1618,0,Manchester Piccadilly,82594,PTE,Greater Manchester,,,2892,BDB,North West,Northern Trains,
Broadstairs,129992,518376,145706,794074,655,0,London St Pancras International,249574,,,,,5006,BSR,South East,Southeastern,
Brockenhurst,254470,531440,200484,986394,545,230305,Bournemouth,160528,,,,,5886,BCU,South East,South Western Railway,
Brockholes,11078,23230,3580,37888,2140,0,Huddersfield,8174,PTE,West Yorkshire,,,8429,BHS,Yorkshire and The Humber,Northern Trains,
Brockley,1110032,2164888,393446,3668366,148,0,Canada Water,1171836,EL,,,,5404,BCY,London,London Overground,
Bromborough,227568,239676,63482,530726,836,0,Liverpool Central,135442,PTE,Merseyside,,,2190,BOM,North West,Merseyrail,
Bromborough Rake,88614,101562,32450,222626,1331,0,Liverpool Central,46844,PTE,Merseyside,,,2191,BMR,North West,Merseyrail,
Bromley Cross (Lancs),83950,165450,62540,311940,1138,0,Manchester Victoria,157626,PTE,Greater Manchester,,,2697,BMC,North West,Northern Trains,
Bromley North,86156,97504,42504,226164,1316,0,London Bridge,82450,Same OD,,,,5096,BMN,London,Southeastern,
Bromley South,1927876,3304502,961420,6193798,80,975612,London Victoria,3149784,,,,,5064,BMS,London,Southeastern,
Bromsgrove,299654,223594,172746,695994,719,0,Birmingham New Street,384880,PTE,,,,4715,BMV,West Midlands,West Midlands Trains (West Midlands Railway),
Brondesbury,644180,1292028,506730,2442938,232,0,Shepherd's Bush,196638,,,,,1437,BSY,London,London Overground,
Brondesbury Park,366208,565644,135472,1067324,506,0,West Hampstead,94860,,,,,1438,BSP,London,London Overground,
Brookmans Park,123944,127640,23654,275238,1207,0,Moorgate,67940,"Same OD, EL",,,,6074,BPK,East of England,Govia Thameslink Railway (Great Northern),
Brookwood,352812,360056,161892,874760,603,54611,London Waterloo,468244,,,,,5687,BKO,South East,South Western Railway,
Broome,934,748,0,1682,2504,0,Shrewsbury,656,,,,,4175,BME,West Midlands,TfW Rail,
Broomfleet,140,1110,50,1300,2520,0,Hull,602,,,,,8050,BMF,Yorkshire and The Humber,Northern Trains,
Brora,4570,1162,104,5836,2432,0,Inverness,1374,AutoTOD,,,,8618,BRA,Scotland,ScotRail,
Brough,57598,459074,34834,551506,826,10742,Hull,153676,,,,,8051,BUH,Yorkshire and The Humber,TransPennine Express,
Broughty Ferry,103804,41578,3204,148586,1552,0,Dundee,73106,CS,,,,9023,BYF,Scotland,ScotRail,
Broxbourne,702424,931084,163712,1797220,312,343497,London Liverpool Street,764984,"Same OD, EL",,,,6812,BXB,East of England,Greater Anglia,
Bruce Grove,397082,746310,221542,1364934,411,0,Seven Sisters,406078,"Same OD, EL",,,,6958,BCV,London,London Overground,
Brundall,36128,59140,8044,103312,1748,1154,Norwich,69998,,,,,7289,BDA,East of England,Greater Anglia,
Brundall Gardens,6588,9818,1480,17886,2299,0,Norwich,12448,,,,,7006,BGA,East of England,Greater Anglia,
Brunstane,86508,56478,13796,156782,1525,0,Edinburgh,94182,CS,,,,8807,BSU,Scotland,ScotRail,
Brunswick,300876,371524,174994,847394,619,0,Liverpool Central,360094,PTE,Merseyside,,,3623,BRW,North West,Merseyrail,
Bruton,21692,29570,1740,53002,2025,0,Bath Spa,10302,,,,,5702,BRU,South West,Great Western Railway,
Bryn,42270,52838,10130,105238,1739,0,Liverpool Lime Street,41218,PTE,Greater Manchester,,,2222,BYN,North West,Northern Trains,
Buckenham,58,226,0,284,2575,0,Norwich,172,Other,,,,7290,BUC,East of England,Greater Anglia,
Buckley,37576,5360,1070,44006,2092,0,Wrexham General,7738,,,,,2422,BCK,Wales,TfW Rail,
Bucknell,2034,1340,484,3858,2464,0,Shrewsbury,1486,,,,,4182,BUK,West Midlands,TfW Rail,
Buckshaw Parkway,99618,198176,57458,355252,1065,0,Manchester Piccadilly,75134,,,,,7501,BSV,North West,Northern Trains,
Bugle,1146,5020,362,6528,2418,0,Newquay,3490,,,,,3502,BGL,South West,Great Western Railway,
Builth Road,3098,2474,10,5582,2435,0,Shrewsbury,836,,,,,4317,BHR,Wales,TfW Rail,
Bulwell,38792,19876,13170,71838,1907,0,Nottingham,19006,,,,,1865,BLW,East Midlands,East Midlands Railway,
Bures,19378,23468,10496,53342,2019,0,London Liverpool Street,16418,,,,,7085,BUE,East of England,Greater Anglia,
Burgess Hill,377998,855536,443080,1676614,335,0,Brighton,426692,,,,,5483,BUG,South East,Govia Thameslink Railway (Southern),
Burley Park,213998,467086,75116,756200,675,0,Leeds,417276,PTE,West Yorkshire,,,8500,BUY,Yorkshire and The Humber,Northern Trains,
Burley-In-Wharfedale,172178,153186,281508,606872,787,0,Ilkley,257634,PTE,West Yorkshire,,,8565,BUW,Yorkshire and The Humber,Northern Trains,
Burnage,47306,105350,19270,171926,1479,0,Manchester Piccadilly,91966,PTE,Greater Manchester,,,2945,BNA,North West,Northern Trains,
Burneside (Cumbria),1914,22134,4144,28192,2205,0,Kendal,9476,,,,,1975,BUD,North West,Northern Trains,
Burnham (Buckinghamshire),570100,857554,298236,1725890,324,0,Slough,191558,EL,,,,3176,BNM,South East,Elizabeth line,
Burnham-On-Crouch,76064,87896,63550,227510,1311,0,London Liverpool Street,92390,,,,,6873,BUU,East of England,Greater Anglia,
Burnley Barracks,8124,17018,4654,29796,2191,0,Blackburn,3492,,,,,2743,BUB,North West,Northern Trains,
Burnley Central,32664,57014,24884,114562,1697,6,Accrington,21982,,,,,2550,BNC,North West,Northern Trains,
Burnley Manchester Road,187866,345942,49514,583322,804,14982,Manchester Victoria,113000,,,,,2549,BYM,North West,Northern Trains,
Burnside (South Lanarkshire),73142,126856,25116,225114,1320,0,Glasgow Central,125086,"PTE, CS",Strathclyde,,,9767,BUI,Scotland,ScotRail,
Burntisland,80762,107652,17780,206194,1382,0,Edinburgh,104866,CS,,,,9107,BTS,Scotland,ScotRail,
Burscough Bridge,66214,71882,27958,166054,1497,0,Southport,34532,,,,,2279,BCB,North West,Northern Trains,
Burscough Junction,17368,30008,3404,50780,2043,0,Ormskirk,18394,,,,,2280,BCJ,North West,Northern Trains,
Bursledon,18012,41200,8816,68028,1929,0,Southampton Central,15020,,,,,5927,BUO,South East,South Western Railway,
Burton Joyce,7892,4398,1102,13392,2345,0,Nottingham,6442,,,,,6200,BUJ,East Midlands,East Midlands Railway,
Burton-On-Trent,223466,648040,41494,913000,581,8132,Birmingham New Street,275510,Other,,,,1658,BUT,West Midlands,East Midlands Railway,
Bury St Edmunds,308488,519444,101312,929244,575,1198,Stowmarket,139928,,,,,7008,BSE,East of England,Greater Anglia,
Busby,44076,57412,8998,110486,1715,0,Glasgow Central,72190,"PTE, CS",Strathclyde,,,9791,BUS,Scotland,ScotRail,
Bush Hill Park,476546,646324,65418,1188288,464,0,Seven Sisters,557346,"Same OD, EL",,,,6913,BHK,London,London Overground,
Bushey,483652,686182,55566,1225400,456,0,London Euston,725954,"Same OD, EL",,,,1395,BSH,East of England,London Overground,
Butlers Lane,49006,76230,68694,193930,1417,0,Birmingham New Street,64554,PTE,West Midlands,,,1179,BUL,West Midlands,West Midlands Trains (West Midlands Railway),
Buxted,30856,44686,23768,99310,1760,0,London Bridge,61344,Season,,,,5324,BXD,South East,Govia Thameslink Railway (Southern),
Buxton,25232,333012,23628,381872,1010,0,Manchester Piccadilly,166054,PTE,,,,2946,BUX,East Midlands,Northern Trains,
Byfleet and New Haw,148000,196982,63270,408252,973,0,London Waterloo,116252,,,,,5689,BFN,South East,South Western Railway,
Bynea,958,1752,6,2716,2482,0,Swansea,498,AutoTOD,,,,4124,BYE,Wales,TfW Rail,
Cadoxton,241208,15434,66266,322908,1120,0,Cardiff Central,151856,Season,,,,3811,CAD,Wales,TfW Rail,
Caergwrle,11860,2070,808,14738,2328,0,Wrexham General,3854,,,,,2536,CGW,Wales,TfW Rail,
Caerphilly,482020,37980,103058,623058,773,0,Cardiff Central,263038,,,,,3812,CPH,Wales,TfW Rail,
Caersws,19890,41800,7444,69134,1921,0,Shrewsbury,21458,,,,,4412,CWS,Wales,TfW Rail,
Caldercruix,28296,37500,7958,73754,1896,0,Glasgow Queen Street,13550,"PTE, CS",Strathclyde,,,992,CAC,Scotland,ScotRail,
Caldicot,69492,12304,6176,87972,1814,0,Cardiff Central,35594,,,,,3680,CDT,Wales,TfW Rail,
Caledonian Road and Barnsbury,496922,843958,225908,1566788,349,0,Stratford (London),301342,,,,,1439,CIR,London,London Overground,
Calstock,6278,28604,4086,38968,2130,0,Plymouth,22936,Other,,,,3562,CSK,South West,Great Western Railway,
Cam and Dursley,89622,139212,10450,239284,1277,0,Bristol Temple Meads,101594,,,,,3238,CDU,South West,Great Western Railway,
Camberley,120198,218350,25824,364372,1042,0,London Waterloo,77956,,,,,5682,CAM,South East,South Western Railway,
Camborne,55144,242050,75552,372746,1032,0,Truro,96072,,,,,3504,CBN,South West,Great Western Railway,
Cambridge,2798744,6352454,1446374,10597572,46,579281,London Kings Cross,2900308,,,,,7022,CBG,East of England,Greater Anglia,
Cambridge Heath,312672,588048,149848,1050568,512,0,London Liverpool Street,229522,"Same OD, EL",,,,6962,CBH,London,London Overground,
Cambridge North,508908,783006,168032,1459946,381,2070,London Kings Cross,561570,,,,,8001,CMB,East of England,Greater Anglia,
Cambuslang,292812,425710,112628,831150,631,54701,Glasgow Central,387234,"PTE, CS",Strathclyde,,,9768,CBL,Scotland,ScotRail,
Camden Road,1289098,2441980,599236,4330314,127,5740,Stratford (London),730500,,,,,1440,CMD,London,London Overground,
Camelon,75332,71808,18622,165762,1498,0,Edinburgh,49912,CS,,,,9878,CMO,Scotland,ScotRail,
Cameron Bridge,18124,25142,2530,45796,2079,0,Edinburgh,27974,CS,,,New Station,244,CBX,Scotland,ScotRail,
Canada Water,5720954,10427400,2520408,18668762,24,3719,Surrey Quays,1680796,CPAY,,,,1659,ZCW,London,London Underground,
Canary Wharf,5085332,9099738,1742518,15927588,25,145,Tottenham Court Road,2774812,EL,,,,6560,CWX,London,Elizabeth line,
Canley,121502,224408,107366,453276,914,0,Birmingham New Street,203706,PTE,West Midlands,,,1129,CNL,West Midlands,West Midlands Trains (West Midlands Railway),
Cannock,116098,185094,28052,329244,1112,0,Birmingham New Street,175288,PTE,,,,1016,CAO,West Midlands,West Midlands Trains (West Midlands Railway),
Canonbury,883274,1683054,268234,2834562,193,835651,Highbury and Islington,665830,EL,,,,1441,CNN,London,London Overground,
Canterbury East,253176,748188,169082,1170446,469,38101,Faversham,172630,"Group, Counts",,,,5164,CBE,South East,Southeastern,CANTERBURY BR
Canterbury West,589160,1741080,393466,2723706,205,158448,London St Pancras International,929812,"Group, Counts",,,,5007,CBW,South East,Southeastern,CANTERBURY BR
Cantley,5324,8876,6190,20390,2276,0,Norwich,14496,,,,,7292,CNY,East of England,Greater Anglia,
Capenhurst,76642,108524,20836,206002,1384,0,Chester,102426,PTE,Merseyside,,,2186,CPU,North West,Merseyrail,
Carbis Bay,4690,270874,1374,276938,1200,0,St Ives (Cornwall),247796,Other,,,,3542,CBB,South West,Great Western Railway,
Cardenden,19450,21614,2158,43222,2095,0,Edinburgh,16858,CS,,,,9112,CDD,Scotland,ScotRail,
Cardiff Bay,564988,52330,138396,755714,676,0,Cardiff Queen Street,238714,,,,,3815,CDB,Wales,TfW Rail,
Cardiff Central,6773434,4571086,1169200,12513720,37,1779150,Newport (South Wales),1065106,,,,,3899,CDF,Wales,TfW Rail,
Cardiff Queen Street,1572322,102072,336190,2010584,286,630758,Cardiff Bay,238714,,,,,3900,CDQ,Wales,TfW Rail,
Cardonald,85236,101450,36170,222856,1329,0,Glasgow Central,112444,"PTE, CS",Strathclyde,,,9624,CDO,Scotland,ScotRail,
Cardross,32618,62838,60992,156448,1527,0,Craigendoran,53192,"PTE, CS",Strathclyde,,,9969,CDR,Scotland,ScotRail,
Carfin,47094,58268,13520,118882,1679,0,Glasgow Central,75650,"PTE, CS",Strathclyde,,,9877,CRF,Scotland,ScotRail,
Cark and Cartmel,16886,70610,6362,93858,1794,0,Ulverston,21700,,,,,1964,CAK,North West,Northern Trains,
Carlisle,68040,2116644,131626,2316310,253,368419,Newcastle,274152,,,,,2118,CAR,North West,Avanti West Coast,
Carlton,23910,22464,6206,52580,2029,0,Nottingham,14258,,,,,6201,CTO,East Midlands,East Midlands Railway,
Carluke,112900,152498,27170,292568,1172,0,Glasgow Central,175132,"PTE, CS",Strathclyde,,,9702,CLU,Scotland,ScotRail,
Carmarthen,130848,284832,24166,439846,930,10963,Swansea,79362,,,,,4068,CMN,Wales,TfW Rail,
Carmyle,41972,66006,21944,129922,1621,0,Glasgow Central,45830,"PTE, CS",Strathclyde,,,9769,CML,Scotland,ScotRail,
Carnforth,28356,133388,34358,196102,1407,16795,Lancaster,73340,,,,,2640,CNF,North West,Northern Trains,
Carnoustie,73678,56960,6654,137292,1584,0,Dundee,70950,CS,,,,9028,CAN,Scotland,ScotRail,
Carntyne,144312,186708,52766,383786,1006,0,Glasgow Queen Street,142406,"PTE, CS",Strathclyde,,,9897,CAY,Scotland,ScotRail,
Carpenders Park,355038,819514,50132,1224684,457,0,Watford High Street,228298,,,,,1442,CPK,East of England,London Overground,
Carrbridge,4780,2240,0,7020,2410,0,Inverness,2790,"CS, AutoTOD",,,,8621,CAG,Scotland,ScotRail,
Carshalton,440462,530320,168278,1139060,484,0,London Victoria,345696,,,,,5405,CSH,London,Govia Thameslink Railway (Southern),
Carshalton Beeches,327114,377414,82260,786788,659,0,London Bridge,243952,Same OD,,,,5406,CSB,London,Govia Thameslink Railway (Southern),
Carstairs,14340,16018,1528,31886,2179,11793,Edinburgh,17902,CS,Strathclyde,,,9704,CRS,Scotland,ScotRail,
Cartsdyke,31392,55912,11812,99116,1761,0,Glasgow Central,39624,"PTE, CS",Strathclyde,,,9680,CDY,Scotland,ScotRail,
Castle Bar Park,47464,59200,6220,112884,1706,0,Greenford,47356,"Same OD, EL",,,,3098,CBP,London,Great Western Railway,
Castle Cary,14622,333794,6324,354740,1067,84303,London Paddington,194250,,,,,5703,CLC,South West,Great Western Railway,
Castleford,229296,188772,69316,487384,877,29455,Leeds,273316,PTE,West Yorkshire,,,8359,CFD,Yorkshire and The Humber,Northern Trains,
Castleton (Manchester),35564,84650,20898,141112,1572,0,Manchester Victoria,82700,PTE,Greater Manchester,,,2919,CAS,North West,Northern Trains,
Castleton Moor,840,5818,10,6668,2415,0,Whitby,2520,,,,,7914,CSM,Yorkshire and The Humber,Northern Trains,
Caterham,219542,258764,106528,584834,802,0,London Bridge,221220,,,,,5351,CAT,South East,Govia Thameslink Railway (Southern),
Catford,318520,285080,173798,777398,665,187837,Denmark Hill,94104,Group,,,,5077,CTF,London,Govia Thameslink Railway (Thameslink),CATFORD BR
Catford Bridge,730412,1268812,512910,2512134,226,82277,London Bridge,980704,"Group, Same OD, EL",,,,5047,CFB,London,Southeastern,CATFORD BR
Cathays,698808,101180,133758,933746,571,0,Cardiff Central,98482,,,,,3820,CYS,Wales,TfW Rail,
Cathcart,181784,284528,78560,544872,831,1600,Glasgow Central,368446,"PTE, CS",Strathclyde,,,9795,CCT,Scotland,ScotRail,
Cattal,12932,67746,22738,103416,1747,0,York,45818,,,,,8232,CTL,Yorkshire and The Humber,Northern Trains,
Causeland,484,1572,52,2108,2498,0,Looe,1494,,,,,3568,CAU,South West,Great Western Railway,
Cefn-Y-Bedd,7058,982,510,8550,2388,0,Wrexham General,1508,,,,,2425,CYB,Wales,TfW Rail,
Chadwell Heath,1554894,2767958,551238,4874090,107,0,Stratford (London),1125936,EL,,,,6874,CTH,London,Elizabeth line,
Chafford Hundred Lakeside,722340,1240058,355574,2317972,252,0,London Fenchurch Street,520746,EL,,,,7447,CFH,East of England,c2c,
Chalfont and Latimer,313816,452536,13658,780010,662,0,Harrow-On-The-Hill,337680,"Same OD, EL",,,,539,CFO,South East,London Underground,
Chalkwell,496804,516258,273202,1286264,436,0,London Fenchurch Street,536790,,,,,7469,CHW,East of England,c2c,
Chandlers Ford,46200,91430,20166,157796,1524,0,Eastleigh,36194,,,,,5836,CFR,South East,South Western Railway,
Chapel-En-Le-Frith,11854,59238,6694,77786,1872,0,Manchester Piccadilly,36458,,,,,2762,CEF,East Midlands,Northern Trains,
Chapelton (Devon),112,48,0,160,2580,0,Barnstaple,68,,,,,5820,CPN,South West,Great Western Railway,
Chapeltown (South Yorkshire),127172,191138,64642,382952,1008,0,Sheffield,122154,PTE,South Yorkshire,,,6664,CLN,Yorkshire and The Humber,Northern Trains,
Chappel and Wakes Colne,8188,18818,5956,32962,2174,0,London Liverpool Street,8922,,,,,7051,CWC,East of England,Greater Anglia,
Charing (Kent),29826,39792,24600,94218,1789,0,Ashford International,42074,,,,,5097,CHG,South East,Southeastern,
Charing Cross (Glasgow),575482,791212,196254,1562948,352,0,Bellgrove,105656,"PTE, CS",Strathclyde,,,9911,CHC,Scotland,ScotRail,
Charlbury,81162,233126,28952,343240,1088,0,London Paddington,197008,,,,,3004,CBY,South East,Great Western Railway,
Charlton,373086,658886,237480,1269452,442,20420,London Bridge,301680,Same OD,,,,5144,CTN,London,Southeastern,
Chartham,38498,46092,18396,102986,1749,0,Canterbury West,49102,,,,,5008,CRT,South East,Southeastern,
Chassen Road,21888,5998,14586,42472,2100,0,Manchester Piccadilly,23540,PTE,Greater Manchester,,,2947,CSR,North West,Northern Trains,
Chatelherault,24312,39716,12162,76190,1879,0,Glasgow Central,33138,"PTE, CS",Strathclyde,,,9707,CTE,Scotland,ScotRail,
Chatham,727534,1081102,589340,2397976,240,240,London Victoria,623190,,,,,5199,CTM,South East,Southeastern,
Chathill,616,788,176,1580,2510,0,Newcastle,952,,,,,7792,CHT,North East,Northern Trains,
Cheadle Hulme,219900,308758,122068,650726,756,6324,Manchester Piccadilly,348480,PTE,Greater Manchester,,,2870,CHU,North West,Northern Trains,
Cheam,388722,418506,125346,932574,572,0,London Victoria,284932,Same OD,,,,5352,CHE,London,Govia Thameslink Railway (Southern),
Cheddington,31074,39428,12508,83010,1838,0,London Euston,49568,,,,,1372,CED,South East,West Midlands Trains (London Northwestern Railway),
Chelford (Cheshire),18184,22756,5322,46262,2074,0,Manchester Piccadilly,15690,,,,,2764,CEL,North West,Northern Trains,
Chelmsford,2707378,2608912,1713840,7030130,68,77269,London Liverpool Street,3039232,,,,,6836,CHM,East of England,Greater Anglia,
Chelsfield,313560,167308,112482,593350,797,0,London Bridge,188034,Same OD,,,,5098,CLD,London,Southeastern,
Cheltenham Spa,510350,1831890,76052,2418292,239,276080,Bristol Temple Meads,357010,,,,,4731,CNM,South West,Great Western Railway,
Chepstow,117030,104014,18390,239434,1276,0,Cardiff Central,78234,,,,,3774,CPW,Wales,TfW Rail,
Cherry Tree,8944,18062,6736,33742,2166,0,Blackburn,6492,,,,,2573,CYT,North West,Northern Trains,
Chertsey,187482,188316,262542,638340,763,0,London Waterloo,112654,,,,,5553,CHY,South East,South Western Railway,
Cheshunt,941266,1450848,155196,2547310,221,314476,London Liverpool Street,788682,"Same OD, EL",,,,6814,CHN,East of England,Greater Anglia,
Chessington North,191664,229222,67926,488812,873,0,London Waterloo,205112,"Same OD, EL",,,,5582,CSN,London,South Western Railway,
Chessington South,147946,144858,51414,344218,1086,0,London Waterloo,117104,"Same OD, EL",,,,5554,CSS,London,South Western Railway,
Chester,1420480,3624374,226718,5271572,99,834570,Liverpool Lime Street,585766,PTE,Merseyside,,,2412,CTR,North West,TfW Rail,
Chester Road,215304,275676,167678,658658,750,0,Birmingham New Street,427250,PTE,West Midlands,,,1130,CRD,West Midlands,West Midlands Trains (West Midlands Railway),
Chesterfield,309526,1411760,99382,1820668,310,175215,Sheffield,483866,,,,,6615,CHD,East Midlands,East Midlands Railway,
Chester-Le-Street,37926,170728,23670,232324,1291,0,Newcastle,151306,,,,Increase in services from December 2024,7736,CLS,North East,Northern Trains,
Chestfield and Swalecliffe,23404,44452,39862,107718,1726,0,London Victoria,22426,,,,,5200,CSW,South East,Southeastern,
Chetnole,1064,1574,0,2638,2484,0,Bristol Temple Meads,560,,,,,5840,CNO,South West,Great Western Railway,
Chichester,745514,1421168,520626,2687308,208,49322,London Victoria,210200,,,,,5255,CCH,South East,Govia Thameslink Railway (Southern),
Chilham,13082,34920,18204,66206,1939,0,Canterbury West,21852,,,,,5009,CIL,South East,Southeastern,
Chilworth,11184,12364,3804,27352,2214,0,Guildford,6316,,,,,5296,CHL,South East,Great Western Railway,
Chingford,732920,1202578,100560,2036058,284,0,London Liverpool Street,750136,"Same OD, EL",,,,6914,CHI,London,London Overground,
Chinley,44344,62612,21790,128746,1629,6524,Manchester Piccadilly,59598,,,,,2823,CLY,East Midlands,Northern Trains,
Chippenham,332034,1230612,151028,1713674,327,26498,Bath Spa,508234,,,,,3267,CPM,South West,Great Western Railway,
Chipstead,39080,40608,8048,87736,1816,0,London Bridge,41396,Same OD,,,,5353,CHP,South East,Govia Thameslink Railway (Southern),
Chirk,55094,45654,6152,106900,1730,0,Wrexham General,22132,,,,,4449,CRK,Wales,TfW Rail,
Chislehurst,423130,492514,97236,1012880,533,0,London Bridge,339646,Same OD,,,,5099,CIT,London,Southeastern,
Chiswick,253226,337440,116382,707048,708,0,London Waterloo,198844,Same OD,,,,5583,CHK,London,South Western Railway,
Cholsey,67660,146238,61522,275420,1204,0,London Paddington,115272,,,,,3031,CHO,South East,Great Western Railway,
Chorley,129788,497146,89100,716034,700,0,Manchester Piccadilly,142450,,,,,2745,CRL,North West,Northern Trains,
Chorleywood,201202,281424,10974,493600,868,0,Harrow-On-The-Hill,239354,"Same OD, EL",,,,546,CLW,East of England,London Underground,
Christchurch,125698,305036,53346,484080,880,0,London Waterloo,90626,,,,,5879,CHR,South West,South Western Railway,
Christs Hospital,46060,90314,32504,168878,1487,0,London Victoria,57338,,,,,5319,CHH,South East,Govia Thameslink Railway (Southern),
Church and Oswaldtwistle,18616,25560,15274,59450,1986,0,Burnley Central,18384,,,,,2556,CTW,North West,Northern Trains,
Church Fenton,20896,107032,31122,159050,1518,8663,York,76982,,,,,8233,CHF,Yorkshire and The Humber,Northern Trains,
Church Stretton,56680,50662,16120,123462,1654,0,Shrewsbury,56584,,,,,4365,CTT,West Midlands,TfW Rail,
Cilmeri,568,498,0,1066,2537,0,Llandrindod,326,,,,,3785,CIM,Wales,TfW Rail,
City Thameslink,3949342,2668752,1017540,7635634,62,298478,St Albans City,435068,"Group, London",,,,5121,CTK,London,Govia Thameslink Railway (Thameslink),LONDON BR
Clacton-on-Sea,166824,474916,194772,836512,627,0,Colchester,192132,,,,,6850,CLT,East of England,Greater Anglia,
Clandon,59248,84528,21790,165566,1500,0,London Waterloo,74240,,,,,5555,CLA,South East,South Western Railway,
Clapham (North Yorkshire),2368,7290,32,9690,2373,0,Leeds,2112,,,,,2653,CPY,Yorkshire and The Humber,Northern Trains,
Clapham High Street,492914,643642,246740,1383296,404,0,Peckham Rye,203248,,,,,5301,CLP,London,London Overground,
Clapham Junction,7816618,12419082,4211810,24447510,18,20404411,London Waterloo,3752812,EL,,,,5595,CLJ,London,Network Rail,
Clapton,669484,1208754,251994,2130232,276,0,London Liverpool Street,948112,"Same OD, EL",,,,6926,CPT,London,London Overground,
Clarbeston Road,2270,5400,0,7670,2398,0,Haverfordwest,2414,,,,,4069,CLR,Wales,TfW Rail,
Clarkston,126136,171166,23240,320542,1125,0,Glasgow Central,232166,"PTE, CS",Strathclyde,,,9792,CKS,Scotland,ScotRail,
Claverdon,2848,1536,3436,7820,2396,0,Stratford-Upon-Avon,5250,,,,,4593,CLV,West Midlands,West Midlands Trains (West Midlands Railway),
Claygate,185468,201928,129442,516838,850,0,London Waterloo,330514,,,,,5556,CLG,South East,South Western Railway,
Cleethorpes,25006,279688,2490,307184,1147,0,Grimsby Town,43232,,,,,6274,CLE,Yorkshire and The Humber,TransPennine Express,
Cleland,43460,54036,9884,107380,1727,0,Glasgow Central,53874,"PTE, CS",Strathclyde,,,9718,CEA,Scotland,ScotRail,
Clifton (Manchester),530,280,292,1102,2534,0,Salford Crescent,442,PTE,Greater Manchester,,,2795,CLI,North West,Northern Trains,
Clifton Down,557198,142670,117822,817690,637,0,Bristol Temple Meads,277748,,,,,3202,CFN,South West,Great Western Railway,
Clitheroe,49098,164674,50764,264536,1228,0,Blackburn,65014,,,,,2574,CLH,North West,Northern Trains,
Clock House,384874,548876,133534,1067284,507,901,London Bridge,425112,"Same OD, EL",,,,5048,CLK,London,Southeastern,
Clunderwen,6370,16216,168,22754,2252,0,Haverfordwest,4658,,,,,4070,CUW,Wales,TfW Rail,
Clydebank,95882,148988,60082,304952,1151,0,Glasgow Central,56284,"PTE, CS",Strathclyde,,,9855,CYK,Scotland,ScotRail,
Coatbridge Central,19116,22682,3366,45164,2083,0,Motherwell,11894,PTE,Strathclyde,,,9747,CBC,Scotland,ScotRail,
Coatbridge Sunnyside,166464,236662,69144,472270,893,0,Glasgow Queen Street,191028,"PTE, CS",Strathclyde,,,9752,CBS,Scotland,ScotRail,
Coatdyke,88688,107202,40160,236050,1282,0,Glasgow Queen Street,103584,"PTE, CS",Strathclyde,,,9762,COA,Scotland,ScotRail,
Cobham and Stoke D'abernon,185750,240830,82034,508614,856,0,London Waterloo,307670,,,,,5557,CSD,South East,South Western Railway,
Codsall,51080,50802,33972,135854,1589,0,Birmingham New Street,56624,PTE,,,,4616,CSL,West Midlands,West Midlands Trains (West Midlands Railway),
Cogan,237594,14868,55634,308096,1145,0,Cardiff Central,93278,,,,,3828,CGN,Wales,TfW Rail,
Colchester,723036,1863564,1061616,3648216,151,501251,London Liverpool Street,1494248,"Group, Counts",,,Counts 2024-25,6861,COL,East of England,Greater Anglia,COLCHESTER BR
Colchester Town,200574,516962,294498,1012034,534,0,London Liverpool Street,222406,"Group, Counts",,,Counts 2024-25,6853,CET,East of England,Greater Anglia,COLCHESTER BR
Coleshill Parkway,140864,36814,27984,205662,1385,0,Birmingham New Street,133860,,,,,9882,CEH,West Midlands,West Midlands Trains (West Midlands Railway),
Collingham,124340,6156,10952,141448,1570,0,Nottingham,60084,,,,,6349,CLM,East Midlands,East Midlands Railway,
Collington,58972,94166,29080,182218,1452,0,Hastings,49430,,,,,5457,CLL,South East,Govia Thameslink Railway (Southern),
Colne,26188,44600,11366,82154,1847,0,Burnley Central,15224,,,,,2562,CNE,North West,Northern Trains,
Colwall,22220,26530,14706,63456,1956,0,Hereford,20174,,,,,4876,CWL,West Midlands,West Midlands Trains (West Midlands Railway),
Colwyn Bay,116280,214124,27448,357852,1061,181,Rhyl,51108,,,,,2451,CWB,Wales,TfW Rail,
Combe (Oxon),858,174,294,1326,2519,0,Oxford,1224,,,,,3005,CME,South East,Great Western Railway,
Commondale,176,1944,0,2120,2497,0,Whitby,1208,,,,,7515,COM,Yorkshire and The Humber,Northern Trains,
Congleton,57734,249532,16504,323770,1118,0,Manchester Piccadilly,163778,,,,,1227,CNG,North West,Northern Trains,
Conisbrough,23182,61392,11842,96416,1779,0,Sheffield,35398,PTE,South Yorkshire,,,6488,CNS,Yorkshire and The Humber,Northern Trains,
Connel Ferry,3676,2424,12494,18594,2289,0,Oban,13968,,,,,8708,CON,Scotland,ScotRail,
Conon Bridge,9446,1634,636,11716,2355,0,Inverness,7672,CS,,,,6393,CBD,Scotland,ScotRail,
Cononley,46184,83068,53714,182966,1451,0,Skipton,76090,,,,,8470,CEY,Yorkshire and The Humber,Northern Trains,
Conway Park,183210,322478,124414,630102,769,0,Liverpool Central,100858,PTE,Merseyside,,,3624,CNP,North West,Merseyrail,
Conwy,35876,45086,2720,83682,1836,0,Bangor (Gwynedd),18192,,,,,2486,CNW,Wales,TfW Rail,
Cooden Beach,26002,85970,19216,131188,1612,0,Eastbourne,27506,,,,,5458,COB,South East,Govia Thameslink Railway (Southern),
Cookham,76798,93114,34550,204462,1388,0,London Paddington,66820,Same OD,,,,3019,COO,South East,Great Western Railway,
Cooksbridge,36902,43930,10490,91322,1803,0,London Victoria,29164,Other,,,,5336,CBR,South East,Govia Thameslink Railway (Southern),
Coombe Junction Halt,80,144,0,224,2579,0,Plymouth,82,AutoTOD,,,,3570,COE,South West,Great Western Railway,
Copplestone,23576,7212,10944,41732,2106,0,Exeter Central,17946,,,,,5821,COP,South West,Great Western Railway,
Corbridge,9204,64828,3036,77068,1874,0,Newcastle,43674,,,,,7504,CRB,North East,Northern Trains,
Corby,100396,410940,49846,561182,818,471,London St Pancras International,217980,,,,,1847,COR,East Midlands,East Midlands Railway,
Corkerhill,76616,97334,35582,209532,1369,0,Glasgow Central,116774,"PTE, CS",Strathclyde,,,9627,CKH,Scotland,ScotRail,
Corkickle,23868,25620,16070,65558,1944,0,Sellafield,26428,,,,,2049,CKL,North West,Northern Trains,
Corpach,2608,1136,32,3776,2468,0,Fort William,960,,,,,8824,CPA,Scotland,ScotRail,
Corrour,14418,6082,0,20500,2273,0,Fort William,3712,"CS, AutoTOD",,,,8825,CRR,Scotland,ScotRail,
Coryton,49534,2838,24142,76514,1878,0,Cardiff Central,24848,Season,,,,3905,COY,Wales,TfW Rail,
Coseley,131234,231914,156524,519672,846,0,Birmingham New Street,294142,PTE,West Midlands,,,1143,CSY,West Midlands,West Midlands Trains (West Midlands Railway),
Cosford,26064,41088,15198,82350,1845,0,Birmingham New Street,16956,PTE,,,,4617,COS,West Midlands,West Midlands Trains (West Midlands Railway),
Cosham,287822,509292,98652,895766,589,0,Southampton Central,120138,,,,,5896,CSA,South East,South Western Railway,
Cottingham,34914,223934,59224,318072,1129,0,Hull,121644,,,,,8056,CGM,Yorkshire and The Humber,Northern Trains,
Cottingley,19866,22784,10208,52858,2026,0,Leeds,32856,PTE,West Yorkshire,,,8505,COT,Yorkshire and The Humber,Northern Trains,
Coulsdon South,784096,892502,282972,1959570,290,44387,London Bridge,414454,,,,,5408,CDS,London,Govia Thameslink Railway (Southern),
Coulsdon Town,32982,54662,9918,97562,1773,0,London Bridge,41846,Same OD,,,,5382,CDN,London,Govia Thameslink Railway (Southern),
Coventry,1681198,4091060,1054510,6826768,73,506355,Birmingham New Street,2384690,PTE,West Midlands,,,1030,COV,West Midlands,Avanti West Coast,
Coventry Arena,56818,71412,6798,135028,1593,0,Coventry,36272,,West Midlands,,,7416,CAA,West Midlands,West Midlands Trains (West Midlands Railway),
Cowden (Kent),15452,22156,10528,48136,2058,0,London Bridge,30952,,,,,5409,CWN,South East,Govia Thameslink Railway (Southern),
Cowdenbeath,50392,63900,7382,121674,1662,0,Edinburgh,66972,CS,,,,9185,COW,Scotland,ScotRail,
Cradley Heath,185840,313208,220262,719310,698,0,Birmingham Moor Street,250168,PTE,West Midlands,,,4639,CRA,West Midlands,West Midlands Trains (West Midlands Railway),
Craigendoran,35716,63074,65048,163838,1508,0,Cardross,53192,"PTE, CS",Strathclyde,,,9970,CGD,Scotland,ScotRail,
Cramlington,45442,121962,16452,183856,1449,0,Newcastle,131638,,,,,7579,CRM,North East,Northern Trains,
Cranbrook (Devon),19932,87746,12696,120374,1671,0,Exeter Central,56024,,,,,9850,CBK,South West,South Western Railway,
Craven Arms,41156,43326,15426,99908,1756,1368,Shrewsbury,26346,,,,,3634,CRV,West Midlands,TfW Rail,
Crawley,445682,692228,232946,1370856,409,2404,Horsham,238186,,,,,5484,CRW,South East,Govia Thameslink Railway (Southern),
Crayford,438370,455694,192894,1086958,498,0,London Bridge,298104,Same OD,,,,5100,CRY,London,Southeastern,
Crediton,127152,41284,18758,187194,1434,0,Exeter Central,69958,,,,,5754,CDI,South West,Great Western Railway,
Cressing (Essex),17012,17652,16478,51142,2037,0,London Liverpool Street,17478,,,,,6837,CES,East of England,Greater Anglia,
Cressington,98132,327292,105090,530514,837,0,Liverpool Central,272206,PTE,Merseyside,,,2225,CSG,North West,Merseyrail,
Creswell,20606,13904,6258,40768,2117,0,Nottingham,13558,,,,,1874,CWD,East Midlands,East Midlands Railway,
Crewe,671358,2553720,164512,3389590,160,1427867,London Euston,810594,,,,,1243,CRE,North West,Avanti West Coast,
Crewkerne,19844,133664,24376,177884,1461,0,London Waterloo,60932,,,,,5832,CKN,South West,South Western Railway,
Crews Hill,36692,71908,10892,119492,1676,0,Finsbury Park,21946,CPAY,,,,6007,CWH,London,Govia Thameslink Railway (Great Northern),
Crianlarich,10618,5538,0,16156,2314,4000,Oban,3278,"CS, AutoTOD",,,,8826,CNR,Scotland,ScotRail,
Criccieth,16832,18960,796,36588,2148,0,Pwllheli,8894,Other,,,,4312,CCC,Wales,TfW Rail,
Cricklewood,264894,455438,139132,859464,610,0,London St Pancras International,172876,,,,,1519,CRI,London,Govia Thameslink Railway (Thameslink),
Croftfoot,66568,116574,32416,215558,1349,0,Glasgow Central,148286,"PTE, CS",Strathclyde,,,9778,CFF,Scotland,ScotRail,
Crofton Park,305808,312404,81180,699392,714,0,London Blackfriars,126230,Same OD,,,,5078,CFT,London,Govia Thameslink Railway (Thameslink),
Cromer,65232,171688,12482,249402,1255,0,Norwich,86122,,,,,7295,CMR,East of England,Greater Anglia,
Cromford,17906,28912,2862,49680,2052,0,Derby,13366,,,,,1822,CMF,East Midlands,East Midlands Railway,
Crookston,68948,85060,30120,184128,1447,0,Glasgow Central,117606,"PTE, CS",Strathclyde,,,9628,CKT,Scotland,ScotRail,
Cross Gates,197120,183686,93684,474490,891,0,Leeds,267364,PTE,West Yorkshire,,,8473,CRG,Yorkshire and The Humber,Northern Trains,
Crossflatts,117706,150340,174168,442214,928,0,Leeds,208816,PTE,West Yorkshire,,,8554,CFL,Yorkshire and The Humber,Northern Trains,
Crosshill,93916,147790,56122,297828,1162,0,Glasgow Central,172538,"PTE, CS",Strathclyde,,,9814,COI,Scotland,ScotRail,
Crosskeys,70316,3836,17406,91558,1801,0,Cardiff Central,43434,,,,Increase in services from December 2024,9902,CKY,Wales,TfW Rail,
Crossmyloof,298944,346974,64466,710384,704,0,Glasgow Central,464020,"PTE, CS",Strathclyde,,,9796,CMY,Scotland,ScotRail,
Croston,10864,42536,2982,56382,2002,0,Preston (Lancs),26348,,,,,2313,CSO,North West,Northern Trains,
Crouch Hill,257266,483892,160116,901274,586,0,Barking,128412,,,,,7406,CRH,London,London Overground,
Crowborough,82802,93664,78420,254886,1247,0,London Bridge,168386,Season,,,,5325,COH,South East,Govia Thameslink Railway (Southern),
Crowhurst,7686,21134,16334,45154,2084,0,Hastings,15294,,,,,5233,CWU,South East,Southeastern,
Crowle,4706,7126,2790,14622,2329,0,Doncaster,6086,,,,,6524,CWE,Yorkshire and The Humber,Northern Trains,
Crowthorne,75980,132262,39978,248220,1259,0,Reading,80118,,,,,5628,CRN,South East,Great Western Railway,
Croy,522822,726954,152810,1402586,396,0,Glasgow Queen Street,766250,"PTE, CS",Strathclyde,,,9943,CRO,Scotland,ScotRail,
Crystal Palace,905330,1489250,386926,2781506,199,156806,Canada Water,483308,EL,,,,5356,CYP,London,London Overground,
Cuddington,22226,48970,12644,83840,1834,0,Manchester Piccadilly,22540,,,,,2305,CUD,North West,Northern Trains,
Cuffley,273924,339194,49744,662862,748,0,Moorgate,152346,"Same OD, EL",,,,6008,CUF,East of England,Govia Thameslink Railway (Great Northern),
Culham,44336,31974,37232,113542,1702,0,Oxford,47330,,,,,3107,CUM,South East,Great Western Railway,
Culrain,232,86,0,318,2572,0,Inverness,100,AutoTOD,,,,8625,CUA,Scotland,ScotRail,
Cumbernauld,78754,87638,21490,187882,1433,3999,Glasgow Queen Street,57542,"PTE, CS",Strathclyde,,,9721,CUB,Scotland,ScotRail,
Cupar,72598,116812,6646,196056,1409,0,Edinburgh,75448,CS,,,,9121,CUP,Scotland,ScotRail,
Curriehill,67122,45958,11138,124218,1649,0,Edinburgh,60266,CS,,,,9218,CUH,Scotland,ScotRail,
Custom House,2602272,5861314,1331042,9794628,51,0,Tottenham Court Road,1971374,EL,,,,6561,CUS,London,Elizabeth line,
Cuxton,27282,19022,14648,60952,1976,0,Strood (Kent),13460,,,,,5201,CUX,South East,Southeastern,
Cwmbach,38728,2350,8658,49736,2050,0,Cardiff Central,12826,,,Possible overestimate. Estimates likely to be artificially high due to end of fare zone issues,,3981,CMH,Wales,TfW Rail,
Cwmbran,239850,117656,74350,431856,944,0,Cardiff Central,214526,,,,,3738,CWM,Wales,TfW Rail,
Cynghordy,802,386,0,1188,2529,0,Llandovery,240,,,,,4147,CYN,Wales,TfW Rail,
Dagenham Dock,175960,194048,54938,424946,952,0,West Ham,148374,EL,,,,7440,DDK,London,c2c,
Daisy Hill,57170,102262,35822,195254,1413,0,Manchester Victoria,103336,PTE,Greater Manchester,,,2777,DSY,North West,Northern Trains,
Dalgety Bay,102460,103894,23248,229602,1300,0,Edinburgh,139670,CS,,,,9135,DAG,Scotland,ScotRail,
Dalmally,2572,1594,9524,13690,2341,0,Oban,11488,,,,,8711,DAL,Scotland,ScotRail,
Dalmarnock,158836,243112,60066,462014,906,0,Glasgow Central,129088,"PTE, CS",Strathclyde,,,9790,DAK,Scotland,ScotRail,
Dalmeny,203576,223114,62182,488872,872,0,Edinburgh,304972,CS,,,,9415,DAM,Scotland,ScotRail,
Dalmuir,259726,386276,121840,767842,669,4218,Glasgow Queen Street,133814,"PTE, CS",Strathclyde,,,9992,DMR,Scotland,ScotRail,
Dalreoch,66818,100172,29638,196628,1403,0,Glasgow Queen Street,68014,"PTE, CS",Strathclyde,,,9864,DLR,Scotland,ScotRail,
Dalry,55582,92046,20636,168264,1491,0,Glasgow Central,79990,"PTE, CS",Strathclyde,,,9483,DLY,Scotland,ScotRail,
Dalston (Cumbria),8084,30654,18654,57392,1996,0,Carlisle,41058,,,,,2077,DLS,North West,Northern Trains,
Dalston Junction,1576496,3523570,548666,5648732,89,17981,Highbury and Islington,1122392,,,,,1443,DLJ,London,London Overground,
Dalston Kingsland,1278876,3317116,712794,5308786,97,0,Highbury and Islington,1528072,,,,,1429,DLK,London,London Overground,
Dalton (Cumbria),14210,50524,13686,78420,1870,0,Lancaster,14734,,,,,1957,DLT,North West,Northern Trains,
Dalwhinnie,2300,1056,0,3356,2476,0,Edinburgh,538,"CS, AutoTOD",,,,8628,DLW,Scotland,ScotRail,
Danby,484,6436,1600,8520,2389,0,Whitby,4450,,,,,7915,DNY,Yorkshire and The Humber,Northern Trains,
Danescourt,65136,4374,14314,83824,1835,0,Cardiff Central,37062,,,,Rhondda Line was closed between April 2023 and February 2024,3797,DCT,Wales,TfW Rail,
Danzey,3206,2824,140,6170,2424,0,Birmingham New Street,2590,PTE,,,,4519,DZY,West Midlands,West Midlands Trains (West Midlands Railway),
Darlington,191340,2505640,130196,2827176,195,612574,London Kings Cross,671780,,,,,7877,DAR,North East,London North Eastern Railway,
Darnall,7114,13242,1776,22132,2261,0,Sheffield,5750,PTE,South Yorkshire,,,6729,DAN,Yorkshire and The Humber,Northern Trains,
Darsham,11200,54582,2694,68476,1926,0,London Liverpool Street,35936,,,,,7211,DSM,East of England,Greater Anglia,
Dartford,1679312,2586882,549680,4815874,109,416020,London Bridge,651188,EL,,,,5101,DFD,South East,Southeastern,
Darton,52292,36040,32174,120506,1669,0,Leeds,33020,PTE,South Yorkshire,,,8420,DRT,Yorkshire and The Humber,Northern Trains,
Darwen,67472,227346,50772,345590,1084,0,Manchester Victoria,118262,,,,,2576,DWN,North West,Northern Trains,
Datchet,63780,138842,25500,228122,1309,0,London Waterloo,69106,,,,,5668,DAT,South East,South Western Railway,
Davenport,79084,149332,63080,291496,1174,0,Manchester Piccadilly,182152,PTE,Greater Manchester,,,2770,DVN,North West,Northern Trains,
Dawlish,105640,391742,83278,580660,806,0,Exeter Central,127522,,,,,3408,DWL,South West,Great Western Railway,
Dawlish Warren,69110,170052,8924,248086,1260,0,Exeter Central,34664,,,,,3409,DWW,South West,Great Western Railway,
Deal,88114,347024,94718,529856,838,0,London St Pancras International,180416,,,,,5011,DEA,South East,Southeastern,
Dean (Wilts),5850,25974,6364,38188,2138,0,Salisbury,17024,,,,,5942,DEN,South West,South Western Railway,
Deansgate,350210,1212364,156804,1719378,325,0,Bolton,175412,"Group, Counts",Greater Manchester,,Counts 2024-25,2963,DGT,North West,Northern Trains,MANCHESTER BR
Deganwy,10582,12112,1640,24334,2239,0,Llandudno,9644,,,,,2480,DGY,Wales,TfW Rail,
Deighton,20448,28620,14362,63430,1957,0,Leeds,32256,PTE,West Yorkshire,,,8441,DHN,Yorkshire and The Humber,Northern Trains,
Delamere,13130,40098,3908,57136,1997,0,Chester,23594,,,,,2306,DLM,North West,Northern Trains,
Denby Dale,23910,69018,14810,107738,1725,0,Huddersfield,27038,PTE,West Yorkshire,,,8432,DBD,Yorkshire and The Humber,Northern Trains,
Denham,64876,99322,48258,212456,1357,0,London Marylebone,152788,"Same OD, EL",,,,3052,DNM,South East,Chiltern Railways,
Denham Golf Club,9896,18644,5186,33726,2167,0,London Marylebone,19322,"Same OD, EL",,,,3060,DGC,South East,Chiltern Railways,
Denmark Hill,2306090,2659996,1053950,6020036,85,1262055,London Victoria,719802,EL,,,,5421,DMK,London,Govia Thameslink Railway (Thameslink),
Dent,1118,8480,0,9598,2375,0,Settle,2222,,,,,2103,DNT,North West,Northern Trains,
Denton,38,62,0,100,2583,0,Reddish South,46,AutoTOD,Greater Manchester,,,2855,DTN,North West,Northern Trains,
Deptford,455522,830204,358076,1643802,338,0,London Bridge,535124,Same OD,,,,5145,DEP,London,Southeastern,
Derby,809168,3100272,197220,4106660,132,608101,Birmingham New Street,522530,,,,,1823,DBY,East Midlands,East Midlands Railway,
Derby Road (Ipswich),35344,50092,9610,95046,1785,0,Felixstowe,38936,,,,,7212,DBR,East of England,Greater Anglia,
Devonport,19302,16622,13832,49756,2049,0,Plymouth,13200,,,,,3579,DPT,South West,Great Western Railway,
Dewsbury,322946,445322,178822,947090,563,0,Leeds,374884,PTE,West Yorkshire,,,8326,DEW,Yorkshire and The Humber,TransPennine Express,
Didcot Parkway,511998,1792676,579326,2884000,190,669914,London Paddington,1272238,Season,,,,3030,DID,South East,Great Western Railway,
Digby and Sowton,308972,58604,600836,968412,554,0,Exeter Central,144238,D&S,,,,5753,DIG,South West,Great Western Railway,
Dilton Marsh,8526,8100,4948,21574,2269,0,Bath Spa,5770,,,,,5502,DMH,South West,Great Western Railway,
Dinas (Rhondda),37524,1980,6546,46050,2077,0,Cardiff Central,15694,,,,Rhondda Line was closed between April 2023 and February 2024,3901,DMG,Wales,TfW Rail,
Dinas Powys,76294,7990,10592,94876,1786,0,Cardiff Central,40714,,,,,3830,DNS,Wales,TfW Rail,
Dingle Road,125862,11230,24784,161876,1516,0,Cardiff Central,80426,,,,,3861,DGL,Wales,TfW Rail,
Dingwall,43700,12840,5580,62120,1968,383,Inverness,26568,,,,,8632,DIN,Scotland,ScotRail,
Dinsdale,16082,54082,18216,88380,1813,0,Darlington,33666,,,,,7897,DND,North East,Northern Trains,
Dinting,39978,25034,22020,87032,1820,0,Manchester Piccadilly,37346,PTE,,,,2893,DTG,East Midlands,Northern Trains,
Disley,33198,97882,24970,156050,1530,0,Manchester Piccadilly,81700,PTE,,,,2765,DSL,North West,Northern Trains,
Diss,149908,476856,74656,701420,712,0,London Liverpool Street,284220,,,,,7348,DIS,East of England,Greater Anglia,
Dockyard (Devonport),6498,5544,3060,15102,2326,0,Plymouth,5056,,,,,3588,DOC,South West,Great Western Railway,
Dodworth,11194,31364,5362,47920,2059,0,Sheffield,12488,PTE,South Yorkshire,,,6781,DOD,Yorkshire and The Humber,Northern Trains,
Dolau,426,392,0,818,2551,0,Shrewsbury,314,,,,,4188,DOL,Wales,TfW Rail,
Doleham,314,112,1280,1706,2503,0,Bexhill,1340,,,,,5036,DLH,South East,Govia Thameslink Railway (Southern),
Dolgarrog,1912,1656,20,3588,2470,0,Betws-y-Coed,660,,,,,2538,DLG,Wales,TfW Rail,
Dolwyddelan,2938,3382,92,6412,2420,0,Llandudno,1980,,,,,2452,DWD,Wales,TfW Rail,
Doncaster,627334,3560040,346140,4533514,121,1673640,London Kings Cross,1049888,PTE,South Yorkshire,,,6417,DON,Yorkshire and The Humber,London North Eastern Railway,
Dorchester South,100316,351786,14320,466422,902,562,Weymouth,95622,"Group, Counts, ODM Counts",,,,5961,DCH,South West,South Western Railway,DORCHESTER BR
Dorchester West,20828,73042,2974,96844,1776,0,London Waterloo,22344,"Group, Counts, ODM Counts",,,,5962,DCW,South West,Great Western Railway,DORCHESTER BR
Dore and Totley,70988,154870,14396,240254,1274,0,Manchester Piccadilly,80898,PTE,South Yorkshire,,,6690,DOR,Yorkshire and The Humber,Northern Trains,
Dorking (Deepdene),137992,291296,76848,506136,861,67097,Reigate,74168,"Group, Counts, ODM Counts",,,,5412,DPD,South East,Great Western Railway,DORKING BR
Dorking (Main),227600,480456,126752,834808,629,49192,London Waterloo,220140,"Group, Counts, ODM Counts",,,,5357,DKG,South East,Govia Thameslink Railway (Southern),DORKING BR
Dorking West,10950,23114,6098,40162,2123,0,Reigate,5884,"Counts, ODM Counts",,,,5297,DKT,South East,Great Western Railway,DORKING BR
Dormans,40898,38236,43544,122678,1656,0,London Victoria,44732,,,,,5413,DMS,South East,Govia Thameslink Railway (Southern),
Dorridge,178936,422692,223052,824680,632,0,Birmingham Moor Street,421742,PTE,West Midlands,,,4525,DDG,West Midlands,Chiltern Railways,
Dove Holes,1680,7768,936,10384,2362,0,Manchester Piccadilly,3136,,,,,2766,DVH,East Midlands,Northern Trains,
Dover Priory,232850,632318,164164,1029332,523,86844,London St Pancras International,255510,,,,,5033,DVP,South East,Southeastern,
Dovercourt,40676,76072,51434,168182,1492,0,Colchester,53992,,,,,6901,DVC,East of England,Greater Anglia,
Dovey Junction,8204,33250,0,41454,2111,13454,Aberystwyth,18574,Other,,,,4436,DVY,Wales,TfW Rail,
Downham Market,126844,234812,78894,440550,929,0,Kings Lynn,126002,,,,,7055,DOW,East of England,Govia Thameslink Railway (Great Northern),
Drayton Green,9916,11830,1524,23270,2245,0,Greenford,14738,Same OD,,,,3099,DRG,London,Great Western Railway,
Drayton Park,305720,361942,61260,728922,692,0,Moorgate,194012,"Same OD, EL",,,,6000,DYP,London,Govia Thameslink Railway (Great Northern),
Drem,86396,58934,7198,152528,1543,0,Edinburgh,81370,CS,,,,9317,DRM,Scotland,ScotRail,
Driffield,24396,210882,40118,275396,1205,0,Hull,99660,,,,,8057,DRF,Yorkshire and The Humber,Northern Trains,
Drigg,1610,4020,1446,7076,2409,0,Millom,986,,,,,1994,DRI,North West,Northern Trains,
Droitwich Spa,259108,134728,125482,519318,847,64673,Worcester Foregate Street,133422,,,,,4878,DTW,West Midlands,West Midlands Trains (West Midlands Railway),
Dronfield,77676,127058,24828,229562,1301,0,Sheffield,87568,,,,,6616,DRO,East Midlands,Northern Trains,
Drumchapel,113296,181402,36726,331424,1109,0,Glasgow Queen Street,65856,"PTE, CS",Strathclyde,,,9994,DMC,Scotland,ScotRail,
Drumfrochar,23278,40144,8216,71638,1909,0,Glasgow Central,32990,"PTE, CS",Strathclyde,,,9967,DFR,Scotland,ScotRail,
Drumgelloch,100948,132128,42596,275672,1203,0,Glasgow Queen Street,122176,"PTE, CS",Strathclyde,,,9757,DRU,Scotland,ScotRail,
Drumry,73310,128506,31392,233208,1289,0,Glasgow Queen Street,52288,"PTE, CS",Strathclyde,,,9993,DMY,Scotland,ScotRail,
Duddeston,157656,106040,76872,340568,1095,0,Birmingham New Street,227866,PTE,West Midlands,,,1040,DUD,West Midlands,West Midlands Trains (West Midlands Railway),
Dudley Port,107652,172234,96086,375972,1024,0,Birmingham New Street,206446,PTE,West Midlands,,,1212,DDP,West Midlands,West Midlands Trains (West Midlands Railway),
Duffield,32312,29106,5118,66536,1937,0,Derby,16654,,,,,1691,DFI,East Midlands,East Midlands Railway,
Duirinish,642,262,0,904,2545,0,Inverness,288,AutoTOD,,,,8681,DRN,Scotland,ScotRail,
Duke Street,83812,117456,23720,224988,1321,0,Glasgow Queen Street,88204,"PTE, CS",Strathclyde,,,9906,DST,Scotland,ScotRail,
Dullingham,14792,7318,9916,32026,2178,0,Cambridge,24042,,,,,7027,DUL,East of England,Greater Anglia,
Dumbarton Central,151754,270252,61276,483282,882,63659,Glasgow Queen Street,146374,"PTE, CS",Strathclyde,,,9866,DBC,Scotland,ScotRail,
Dumbarton East,108588,190588,40548,339724,1097,0,Glasgow Queen Street,116558,"PTE, CS",Strathclyde,,,9868,DBE,Scotland,ScotRail,
Dumbreck,63940,68120,16676,148736,1550,0,Glasgow Central,91916,"PTE, CS",Strathclyde,,,9622,DUM,Scotland,ScotRail,
Dumfries,60424,283252,2634,346310,1081,750,Carlisle,139508,,,,,9490,DMF,Scotland,ScotRail,
Dumpton Park,14980,18402,11716,45098,2085,0,Margate,5996,,,,,5034,DMP,South East,Southeastern,
Dunbar,37008,361184,18164,416356,962,0,Edinburgh,244310,,,,,9397,DUN,Scotland,ScotRail,
Dunblane,173116,256686,21258,451060,915,0,Stirling,129136,CS,,,,8713,DBL,Scotland,ScotRail,
Duncraig,312,42,0,354,2571,0,Kyle Of Lochalsh,118,AutoTOD,,,,8682,DCG,Scotland,ScotRail,
Dundee,609640,1087272,66634,1763546,318,79138,Edinburgh,313036,CS,,,,9039,DEE,Scotland,ScotRail,
Dunfermline City,211080,324740,33882,569702,811,0,Edinburgh,357548,CS,,,,9186,DFE,Scotland,ScotRail,
Dunfermline Queen Margaret,89434,27666,12810,129910,1622,0,Edinburgh,66440,CS,,,,9187,DFL,Scotland,ScotRail,
Dunkeld and Birnam,25912,34796,562,61270,1974,0,Edinburgh,14444,"CS, AutoTOD",,,,8763,DKD,Scotland,ScotRail,
Dunlop,24102,43878,8022,76002,1880,0,Glasgow Central,44250,CS,Strathclyde,,,9492,DNL,Scotland,ScotRail,
Dunrobin Castle,1116,428,0,1544,2513,0,Inverness,860,AutoTOD,,,,8642,DNO,Scotland,ScotRail,
Dunston,4374,32904,13550,50828,2041,0,Newcastle,29474,PTE,Tyne & Wear,,,7744,DOT,North East,Northern Trains,
Dunton Green,42272,111520,41406,195198,1414,0,London Bridge,68794,,,,,5102,DNG,South East,Southeastern,
Durham,34778,2666624,108582,2809984,197,3612,Newcastle,1203652,,,,,7745,DHM,North East,London North Eastern Railway,
Durrington-On-Sea,142510,265882,98224,506616,860,0,Brighton,97244,,,,,5282,DUR,South East,Govia Thameslink Railway (Southern),
Dyce,162966,115336,30504,308806,1142,0,Aberdeen,184568,CS,,,,8905,DYC,Scotland,ScotRail,
Dyffryn Ardudwy,9916,9888,2130,21934,2264,0,Barmouth,8496,,,,,4455,DYF,Wales,TfW Rail,
Eaglescliffe,33428,164012,14516,211956,1360,0,London Kings Cross,79022,,,,,7916,EAG,North East,Northern Trains,
Ealing Broadway,4507718,8899036,2049844,15456598,27,85703,Bond Street,2564950,EL,,,,3190,EAL,London,Elizabeth line,
Earlestown,94856,187442,48658,330956,1110,43987,Liverpool Lime Street,57766,PTE,Merseyside,,,2292,ERL,North West,Northern Trains,
Earley,129246,226822,69564,425632,951,0,Reading,132692,,,,,5694,EAR,South East,South Western Railway,
Earlsfield,1963712,2615836,989668,5569216,91,0,London Waterloo,1931080,"Same OD, EL",,,,5584,EAD,London,South Western Railway,
Earlswood (Surrey),135974,143360,72842,352176,1070,0,London Bridge,85084,,,,,5414,ELD,South East,Govia Thameslink Railway (Southern),
Earlswood (West Midlands),6536,20544,6754,33834,2165,0,Stratford-Upon-Avon,16968,PTE,West Midlands,,,4520,EWD,West Midlands,West Midlands Trains (West Midlands Railway),
East Croydon,6584922,10687194,3319990,20592106,22,3709103,London Victoria,3677714,Group,,,,5355,ECR,London,Govia Thameslink Railway (Southern),CROYDON BR
East Didsbury,73612,192424,33218,299254,1160,0,Manchester Piccadilly,100090,PTE,Greater Manchester,,,2949,EDY,North West,Northern Trains,
East Dulwich,475002,650334,210456,1335792,419,0,London Bridge,743702,Same OD,,,,5358,EDW,London,Govia Thameslink Railway (Southern),
East Farleigh,14080,15800,9094,38974,2129,0,Maidstone West,6814,,,,,5234,EFL,South East,Southeastern,
East Garforth,65412,79928,40020,185360,1441,0,Leeds,136264,PTE,West Yorkshire,,,8472,EGF,Yorkshire and The Humber,Northern Trains,
East Grinstead,328396,460202,311896,1100494,494,0,London Victoria,485262,Season,,,,5486,EGR,South East,Govia Thameslink Railway (Southern),
East Kilbride,202358,318604,61832,582794,805,0,Glasgow Central,435890,"PTE, CS",Strathclyde,,,9793,EKL,Scotland,ScotRail,
East Linton,18288,47664,1030,66982,1934,0,Edinburgh,48646,CS,,,Opened in 2023-24,365,ELT,Scotland,ScotRail,
East Malling,25858,44820,22354,93032,1796,0,London Victoria,40516,,,,,5134,EML,South East,Southeastern,
East Midlands Parkway,73202,266950,14946,355098,1066,15373,London St Pancras International,181980,,,,,1901,EMD,East Midlands,East Midlands Railway,
East Tilbury,133408,181818,69316,384542,1002,0,London Fenchurch Street,78088,,,,,7471,ETL,East of England,c2c,
East Worthing,93706,154978,221828,470512,896,0,Brighton,105664,Other,,,,5283,EWR,South East,Govia Thameslink Railway (Southern),
Eastbourne,424862,2260508,1069244,3754614,146,19169,London Victoria,729222,Other,,,,5448,EBN,South East,Govia Thameslink Railway (Southern),
Eastbrook,110266,6756,25144,142166,1568,0,Cardiff Central,60672,,,,,3795,EBK,Wales,TfW Rail,
Easterhouse,121854,150270,45072,317196,1133,0,Glasgow Queen Street,113336,"PTE, CS",Strathclyde,,,9894,EST,Scotland,ScotRail,
Eastham Rake,143164,177580,50510,371254,1034,0,Liverpool Central,68700,PTE,Merseyside,,,2128,ERA,North West,Merseyrail,
Eastleigh,316796,672092,202960,1191848,463,106994,Winchester,302958,,,,,5899,ESL,South East,South Western Railway,
Eastrington,0,3378,0,3378,2475,0,York,988,,,,,8114,EGN,Yorkshire and The Humber,Northern Trains,
Ebbsfleet International,565776,922242,277240,1765258,316,87338,London St Pancras International,1263542,,,,,5566,EBD,South East,HS1 Ltd,
Ebbw Vale Parkway,31272,4498,4966,40736,2118,0,Cardiff Central,27268,,,,Increase in services from December 2024,9915,EBV,Wales,TfW Rail,
Ebbw Vale Town,186592,22562,39606,248760,1257,0,Cardiff Central,150138,,,,Increase in services from December 2024,3628,EBB,Wales,TfW Rail,
Eccles (Manchester),74260,154084,28984,257328,1243,0,Manchester Piccadilly,45876,PTE,Greater Manchester,,,2950,ECC,North West,Northern Trains,
Eccles Road,602,190,742,1534,2514,0,Norwich,976,Other,,,,7370,ECS,East of England,Greater Anglia,
Eccleston Park,28536,32578,13276,74390,1893,0,Liverpool Lime Street,50670,PTE,Merseyside,,,2227,ECL,North West,Northern Trains,
Edale,38516,132206,1092,171814,1480,0,Manchester Piccadilly,57582,PTE,,,,2824,EDL,East Midlands,Northern Trains,
Eden Park,231254,280294,46982,558530,821,0,London Bridge,213244,"Same OD, EL",,,,5056,EDN,London,Southeastern,
Edenbridge (Kent),37904,68920,69142,175966,1468,9145,Tonbridge,104632,"Group, Counts, ODM Counts",,,,5473,EBR,South East,Govia Thameslink Railway (Southern),EDENBRIDGE BR
Edenbridge Town,69394,126178,126582,322154,1122,6724,Oxted,88730,"Group, Counts, ODM Counts",,,,5359,EBT,South East,Govia Thameslink Railway (Southern),EDENBRIDGE BR
Edge Hill,74226,95494,40160,209880,1367,7499,Liverpool Lime Street,62558,PTE,Merseyside,,,2169,EDG,North West,Northern Trains,
Edinburgh,6010362,15941824,802978,22755164,20,1583408,Glasgow Queen Street,2369536,CS,,,,9328,EDB,Scotland,Network Rail,
Edinburgh Gateway,144818,84154,25704,254676,1248,16732,Edinburgh,37176,CS,,,,6545,EGY,Scotland,ScotRail,
Edinburgh Park,300186,222866,35760,558812,820,0,Edinburgh,115888,CS,,,,9395,EDP,Scotland,ScotRail,
Edmonton Green,1059160,1924880,502724,3486764,159,20177,Seven Sisters,1736388,EL,,,,6941,EDR,London,London Overground,
Effingham Junction,96740,113108,33262,243110,1271,13969,London Waterloo,142276,,,,,5642,EFF,South East,South Western Railway,
Eggesford,13528,20308,18822,52658,2028,0,Exeter Central,17194,,,,,5822,EGG,South West,Great Western Railway,
Egham,501524,1152566,197888,1851978,306,0,London Waterloo,639772,,,,,5669,EGH,South East,South Western Railway,
Egton,452,5342,4306,10100,2365,0,Whitby,7412,,,,,7918,EGT,Yorkshire and The Humber,Northern Trains,
Elephant and Castle,770672,955178,443386,2169236,271,441903,Streatham (Greater London),122952,"Group, London, EL, CPAY",,,,5246,EPH,London,Govia Thameslink Railway (Thameslink),LONDON BR
Elgin,126824,159288,9260,295372,1165,0,Inverness,79064,CS,,,,8977,ELG,Scotland,ScotRail,
Ellesmere Port,154208,332136,69844,556188,822,154,Liverpool Central,66008,PTE,Merseyside,,,2121,ELP,North West,Merseyrail,
Elmers End,302618,371620,127882,802120,651,0,London Bridge,275952,"Same OD, EL",,,,5049,ELE,London,Southeastern,
Elmstead Woods,376828,398986,151406,927220,576,0,London Bridge,312442,"Same OD, EL",,,,5135,ESD,London,Southeastern,
Elmswell,51500,51960,18288,121748,1661,0,Bury St Edmunds,51622,,,,,7349,ESW,East of England,Greater Anglia,
Elsecar,60388,101718,34018,196124,1406,0,Sheffield,64994,PTE,South Yorkshire,,,6667,ELR,Yorkshire and The Humber,Northern Trains,
Elsenham (Essex),76200,66946,79782,222928,1328,0,London Liverpool Street,70442,,,,,6832,ESM,East of England,Greater Anglia,
Elstree and Borehamwood,1067644,1261884,430622,2760150,202,0,London St Pancras International,479914,,,,,1542,ELS,East of England,Govia Thameslink Railway (Thameslink),
Eltham,637982,850082,270288,1758352,319,0,London Bridge,406506,Same OD,,,,5103,ELW,London,Southeastern,
Elton and Orston,50,18,0,68,2586,0,Nottingham,50,,,,,6238,ELO,East Midlands,East Midlands Railway,
Ely,585456,1331058,382510,2299024,256,431002,Cambridge,1106130,,,,,7068,ELY,East of England,Greater Anglia,
Emerson Park,137776,141746,23218,302740,1154,0,West Ham,39856,,,,,7473,EMP,London,London Overground,
Emsworth,114226,180486,67656,362368,1046,5129,Chichester,77358,,,,,5257,EMS,South East,Govia Thameslink Railway (Southern),
Energlyn and Churchill Park,57514,2188,21198,80900,1860,0,Cardiff Central,33260,,,,,375,ECP,Wales,TfW Rail,
Enfield Chase,421676,612538,131938,1166152,472,1254,Finsbury Park,291176,"Group, EL",,,,6010,ENC,London,Govia Thameslink Railway (Great Northern),ENFIELD BR
Enfield Lock,509482,841566,108318,1459366,382,0,Tottenham Hale,670582,"Same OD, EL",,,,6815,ENL,London,Greater Anglia,
Enfield Town,814378,1313948,214992,2343318,247,0,Seven Sisters,888304,EL,,,,6959,ENF,London,London Overground,ENFIELD BR
Entwistle,2188,15936,1864,19988,2278,0,Manchester Victoria,6170,,,,,2747,ENT,North West,Northern Trains,
Epsom (Surrey),1297274,1649430,395664,3342368,162,117631,London Waterloo,711966,,,,,5360,EPS,South East,Govia Thameslink Railway (Southern),
Epsom Downs,52018,56884,16920,125822,1640,0,London Victoria,28958,Same OD,,,,5361,EPD,South East,Govia Thameslink Railway (Southern),
Erdington,140172,204400,136792,481364,885,0,Birmingham New Street,250974,PTE,West Midlands,,,1041,ERD,West Midlands,West Midlands Trains (West Midlands Railway),
Eridge,32416,29442,20778,82636,1842,0,London Bridge,50428,,,,,5459,ERI,South East,Govia Thameslink Railway (Southern),
Erith,261608,352336,126460,740404,685,0,Woolwich Arsenal,89160,EL,,,,5104,ERH,London,Southeastern,
Esher,298516,373182,205376,877074,601,0,London Waterloo,536812,,,,,5558,ESH,South East,South Western Railway,
Eskbank,136938,138542,10870,286350,1185,0,Edinburgh,177692,CS,,,,3776,EKB,Scotland,ScotRail,
Essex Road,276276,342782,78874,697932,715,0,Moorgate,124590,EL,,,,6004,EXR,London,Govia Thameslink Railway (Great Northern),
Etchingham,44862,110540,53826,209228,1371,0,London Bridge,71606,,,,,5217,ETC,South East,Southeastern,
Euxton Balshaw Lane,21136,49970,4822,75928,1883,0,Liverpool Lime Street,21660,,,,,2080,EBA,North West,Northern Trains,
Evesham,66888,194580,25650,287118,1181,558,London Paddington,77296,,,,,4740,EVE,West Midlands,Great Western Railway,
Ewell East,220476,211078,58856,490410,871,0,London Bridge,99244,Same OD,,,,5415,EWE,South East,Govia Thameslink Railway (Southern),
Ewell West,396112,463608,111228,970948,552,0,London Waterloo,408084,"Same OD, EL",,,,5586,EWW,South East,South Western Railway,
Exeter Central,944958,1551764,465728,2962450,183,329880,Exmouth,364350,D&S,,,,5755,EXC,South West,Great Western Railway,
Exeter St David's,527074,2228080,167134,2922288,185,1524885,London Paddington,491332,D&S,,,,3410,EXD,South West,Great Western Railway,
Exeter St Thomas,85980,116584,126522,329086,1113,0,Exmouth,43244,,,,,3414,EXT,South West,Great Western Railway,
Exhibition Centre (Glasgow),564854,969590,238100,1772544,315,0,Glasgow Central,408006,"PTE, CS",Strathclyde,,,9914,EXG,Scotland,ScotRail,
Exmouth,277610,635616,86538,999764,539,0,Exeter Central,364350,,,,,5756,EXM,South West,Great Western Railway,
Exton,18076,6202,978,25256,2233,0,Exeter Central,11262,,,,,5760,EXN,South West,Great Western Railway,
Eynsford,38318,78830,38432,155580,1532,0,London Blackfriars,32628,,,,,5065,EYN,South East,Southeastern,
Fairbourne,20226,19680,4484,44390,2089,0,Barmouth,22056,Other,,,,4416,FRB,Wales,TfW Rail,
Fairfield,12248,6778,6960,25986,2227,0,Manchester Piccadilly,12354,PTE,Greater Manchester,,,2780,FRF,North West,Northern Trains,
Fairlie,12496,22834,2702,38032,2139,0,Glasgow Central,19120,"PTE, CS",Strathclyde,,,9452,FRL,Scotland,ScotRail,
Fairwater,65158,3904,36578,105640,1737,0,Cardiff Central,35912,,,Possible overestimate. Estimates likely to be artificially high due to end of fare zone issues,Rhondda Line was closed between April 2023 and February 2024,3873,FRW,Wales,TfW Rail,
Falconwood,327418,373294,122564,823276,633,0,London Bridge,190676,Same OD,,,,5137,FCN,London,Southeastern,
Falkirk Grahamston,244164,315486,52206,611856,781,119884,Edinburgh,207468,"Group, ODM Counts",,,,9930,FKG,Scotland,ScotRail,FALKIRK BR
Falkirk High,308548,398678,65974,773200,668,3274,Edinburgh,262258,"Group, ODM Counts",,,,9931,FKK,Scotland,ScotRail,FALKIRK BR
Falls Of Cruachan,1596,186,0,1782,2500,0,Oban,712,AutoTOD,,,,8726,FOC,Scotland,ScotRail,
Falmer,406994,876962,137410,1421366,391,0,Brighton,616032,Other,,,,5337,FMR,South East,Govia Thameslink Railway (Southern),
Falmouth Docks,21226,102926,21306,145458,1562,0,Truro,49950,,,,,3508,FAL,South West,Great Western Railway,
Falmouth Town,59336,195456,23272,278064,1197,0,Truro,88254,,,,,3591,FMT,South West,Great Western Railway,
Fareham,469566,1049346,221134,1740046,321,148293,Southampton Central,235842,,,,,5900,FRM,South East,South Western Railway,
Farnborough (Main),770010,1050140,415062,2235212,266,11168,London Waterloo,1232252,"Group, Counts, ODM Counts",,,,5521,FNB,South East,South Western Railway,FARNBOROUGH BR
Farnborough North,166486,227052,89742,483280,883,0,Wokingham,88164,"Group, Counts, ODM Counts",,,,5688,FNN,South East,Great Western Railway,FARNBOROUGH BR
Farncombe,211884,232902,123650,568436,813,0,London Waterloo,307862,,,,,5643,FNC,South East,South Western Railway,
Farnham,552858,711262,229960,1494080,370,28809,London Waterloo,740224,,,,,5545,FNH,South East,South Western Railway,
Farningham Road,51296,49888,30332,131516,1607,0,London Victoria,65884,,,,,5105,FNR,South East,Southeastern,
Farnworth,18964,25234,6592,50790,2042,0,Manchester Victoria,23302,PTE,Greater Manchester,,,2811,FNW,North West,Northern Trains,
Farringdon,19253304,25818328,5099658,50171290,8,9341764,London Liverpool Street,5060804,"Group, London, EL, CPAY",,,,577,ZFD,London,London Underground,LONDON BR
Fauldhouse,21532,22214,2402,46148,2076,0,Edinburgh,20164,CS,,,,9245,FLD,Scotland,ScotRail,
Faversham,347456,672968,505046,1525470,362,158923,London St Pancras International,286282,,,,,5167,FAV,South East,Southeastern,
Faygate,5176,1334,2968,9478,2376,0,London Bridge,1644,,,,,5493,FGT,South East,Govia Thameslink Railway (Southern),
Fazakerley,206890,630254,270094,1107238,490,0,Liverpool Central,454908,PTE,Merseyside,,,2126,FAZ,North West,Merseyrail,
Fearn,2880,508,392,3780,2467,0,Inverness,1942,,,,,8637,FRN,Scotland,ScotRail,
Featherstone,37288,38094,10622,86004,1824,0,Leeds,46662,PTE,West Yorkshire,,,8544,FEA,Yorkshire and The Humber,Northern Trains,
Felixstowe,75496,177374,25634,278504,1196,0,Ipswich,116236,,,,,7214,FLX,East of England,Greater Anglia,
Feltham,1180746,1818138,627218,3626102,153,0,London Waterloo,1037864,,,,,5559,FEL,London,South Western Railway,
Feniton,9688,35820,9388,54896,2011,0,Exeter Central,26750,,,,,5808,FNT,South West,South Western Railway,
Fenny Stratford,14876,7388,3880,26144,2226,0,Bedford,8608,,,,Marston Vale Line full timetable resumed February 2024 after 14 months partial service,1377,FEN,South East,West Midlands Trains (London Northwestern Railway),
Fernhill,23668,1094,2572,27334,2215,0,Cardiff Central,7520,,,,,3862,FER,Wales,TfW Rail,
Ferriby,6598,45254,3660,55512,2007,0,Hull,37772,,,,,8061,FRY,Yorkshire and The Humber,Northern Trains,
Ferryside,5128,10690,658,16476,2312,0,Carmarthen,4638,,,,,4074,FYS,Wales,TfW Rail,
Ffairfach,2546,1446,0,3992,2459,0,Shrewsbury,778,,,,,4066,FFA,Wales,TfW Rail,
Filey,16348,150146,6304,172798,1476,0,Scarborough,78880,,,,,8062,FIL,Yorkshire and The Humber,Northern Trains,
Filton Abbey Wood,355688,292246,45652,693586,724,0,Bristol Temple Meads,160978,,,,,3235,FIT,South West,Great Western Railway,
Finchley Road and Frognal,571974,963462,340950,1876386,303,0,Highbury and Islington,162236,CPAY,,,,1445,FNY,London,London Overground,
Finsbury Park,4072916,5847938,1255172,11176026,41,2202802,Moorgate,1007830,"Same OD, EL, CPAY",,,,6119,FPK,London,Govia Thameslink Railway (Great Northern),
Finstock,970,126,40,1136,2531,0,Oxford,994,,,,,3012,FIN,South East,Great Western Railway,
Fishbourne (Sussex),24526,29886,13526,67938,1930,0,Chichester,24198,,,,,5261,FSB,South East,Govia Thameslink Railway (Southern),
Fishersgate,34746,46782,15798,97326,1774,0,Brighton,33236,Other,,,,5284,FSG,South East,Govia Thameslink Railway (Southern),
Fishguard and Goodwick,3124,15096,42,18262,2294,0,Cardiff Central,3820,,,,,6680,FGW,Wales,TfW Rail,
Fishguard Harbour,1112,8494,0,9606,2374,0,London Paddington,2146,AutoTOD,,,,4076,FGH,Wales,TfW Rail,
Fiskerton,15822,8982,3024,27828,2209,0,Nottingham,15672,,,,,6351,FSK,East Midlands,East Midlands Railway,
Fitzwilliam,124834,84618,63844,273296,1212,723,Leeds,164986,PTE,West Yorkshire,,,8583,FZW,Yorkshire and The Humber,Northern Trains,
Five Ways,450394,483174,368604,1302172,429,0,Birmingham New Street,432824,PTE,West Midlands,,,4503,FWY,West Midlands,West Midlands Trains (West Midlands Railway),
Fleet,461512,667054,272114,1400680,398,720,London Waterloo,781956,,,,,5522,FLE,South East,South Western Railway,
Flimby,3472,10214,3630,17316,2305,0,Carlisle,4534,,,,,2026,FLM,North West,Northern Trains,
Flint,157070,155914,20558,333542,1107,0,Chester,83204,,,,,2513,FLN,Wales,TfW Rail,
Flitwick,347654,637870,291376,1276900,438,0,London St Pancras International,459846,,,,,1532,FLT,East of England,Govia Thameslink Railway (Thameslink),
Flixton,58066,36416,24864,119346,1677,0,Manchester Oxford Road,71216,PTE,Greater Manchester,,,2935,FLI,North West,Northern Trains,
Flowery Field,72524,57470,53746,183740,1450,0,Manchester Piccadilly,130678,PTE,Greater Manchester,,,2786,FLF,North West,Northern Trains,
Folkestone Central,136002,501206,180116,817324,638,601,London St Pancras International,380546,"Group, ODM Counts",,,Counts 2024-25,5035,FKC,South East,Southeastern,FOLKESTONE BR
Folkestone West,161422,594878,213778,970078,553,0,London St Pancras International,451634,"Group, ODM Counts",,,Counts 2024-25,5027,FKW,South East,Southeastern,FOLKESTONE BR
Ford,38394,59348,19224,116966,1686,103334,Littlehampton,13444,Other,,,,5258,FOD,South East,Govia Thameslink Railway (Southern),
Forest Gate,1589272,3296612,949992,5835876,87,0,Stratford (London),1351410,EL,,,,6876,FOG,London,Elizabeth line,
Forest Hill,1392214,2360674,476352,4229240,130,0,Canada Water,1263494,EL,,,,5362,FOH,London,London Overground,
Formby,314606,1073924,217556,1606086,344,0,Liverpool Central,461618,PTE,Merseyside,,,2354,FBY,North West,Merseyrail,
Forres,51610,75918,3844,131372,1609,0,Inverness,54798,CS,,,,8638,FOR,Scotland,ScotRail,
Forsinard,1018,544,0,1562,2512,0,Inverness,432,AutoTOD,,,,8639,FRS,Scotland,ScotRail,
Fort Matilda,35190,66108,14432,115730,1692,0,Glasgow Central,63348,CS,Strathclyde,,,9675,FTM,Scotland,ScotRail,
Fort William,80452,95742,32,176226,1465,224,Mallaig,58268,"CS, AutoTOD",,,,8827,FTW,Scotland,ScotRail,
Four Oaks,191680,289672,219672,701024,713,0,Birmingham New Street,448566,PTE,West Midlands,,,1042,FOK,West Midlands,West Midlands Trains (West Midlands Railway),
Foxfield,2544,10416,1612,14572,2332,0,Barrow-In-Furness,5040,,,,,2046,FOX,North West,Northern Trains,
Foxton,37420,40954,20608,98982,1762,0,Cambridge,57872,,,,,7029,FXN,East of England,Govia Thameslink Railway (Great Northern),
Frant,26168,54320,32078,112566,1707,0,London Bridge,40964,,,,,5218,FRT,South East,Southeastern,
Fratton,529008,1369570,181762,2080340,279,80911,London Waterloo,316540,,,,,5509,FTN,South East,South Western Railway,
Freshfield,117092,401940,70282,589314,800,0,Liverpool Central,168952,PTE,Merseyside,,,2355,FRE,North West,Merseyrail,
Freshford,22558,24202,8652,55412,2008,0,Bath Spa,25680,,,,,3344,FFD,South West,Great Western Railway,
Frimley,80606,96166,27818,204590,1387,0,Ascot (Berks),28878,,,,,5683,FML,South East,South Western Railway,
Frinton-on-Sea,41024,121888,45788,208700,1376,0,London Liverpool Street,46166,,,,,6854,FRI,East of England,Greater Anglia,
Frizinghall,96162,126002,211068,433232,941,0,Leeds,138372,PTE,West Yorkshire,,,8556,FZH,Yorkshire and The Humber,Northern Trains,
Frodsham,123640,134680,10818,269138,1216,0,Liverpool Lime Street,62396,,,,,2284,FRD,North West,TfW Rail,
Frome,104084,172044,11920,288048,1178,101,London Paddington,51992,,,,,5707,FRO,South West,Great Western Railway,
Fulwell,191298,192868,53222,437388,936,0,London Waterloo,180372,Same OD,,,,5587,FLW,London,South Western Railway,
Furness Vale,4614,17692,3486,25792,2229,0,Manchester Piccadilly,10376,,,,,2952,FNV,East Midlands,Northern Trains,
Furze Platt,61038,69650,47552,178240,1460,0,London Paddington,38664,,,,,3144,FZP,South East,Great Western Railway,
Gainsborough Central,814,1476,82,2372,2491,57,Grimsby Town,730,Group,,,,6465,GNB,East Midlands,Northern Trains,GAINSBOROUGH BR
Gainsborough Lea Road,56148,141396,13898,211442,1361,96,Lincoln,113374,Group,,,,6424,GBL,East Midlands,East Midlands Railway,GAINSBOROUGH BR
Galashiels,135946,163778,9650,309374,1141,0,Edinburgh,172506,CS,,,,9329,GAL,Scotland,ScotRail,
Garelochhead,11558,6080,102,17740,2301,0,Glasgow Central,3654,"PTE, CS, AutoTOD",Strathclyde,,,9971,GCH,Scotland,ScotRail,
Garforth,195832,289330,75894,561056,819,0,Leeds,349036,PTE,West Yorkshire,,,8474,GRF,Yorkshire and The Humber,Northern Trains,
Gargrave,8776,30296,1600,40672,2119,0,Skipton,12128,,,,,2654,GGV,Yorkshire and The Humber,Northern Trains,
Garrowhill,119986,189886,59828,369700,1039,0,Glasgow Queen Street,166186,"PTE, CS",Strathclyde,,,9904,GAR,Scotland,ScotRail,
Garscadden,69026,117968,30636,217630,1345,0,Glasgow Central,54434,"PTE, CS",Strathclyde,,,9979,GRS,Scotland,ScotRail,
Garsdale,2968,14086,0,17054,2308,0,Leeds,4968,,,,,2104,GSD,North West,Northern Trains,
Garston (Hertfordshire),11054,32490,9598,53142,2022,0,Watford Junction,31626,,,,,1559,GSN,East of England,West Midlands Trains (London Northwestern Railway),
Garswood,30574,72394,32760,135728,1590,0,Liverpool Lime Street,56754,PTE,Merseyside,,,2335,GSW,North West,Northern Trains,
Gartcosh,69146,86668,24702,180516,1455,0,Glasgow Queen Street,131354,"PTE, CS",Strathclyde,,,9723,GRH,Scotland,ScotRail,
Garth (Bridgend County),17812,1290,3294,22396,2258,0,Cardiff Central,9686,,,,,3961,GMG,Wales,TfW Rail,
Garth (Powys),362,756,0,1118,2533,0,Shrewsbury,236,,,,,4148,GTH,Wales,TfW Rail,
Garve,1730,1294,940,3964,2461,0,Inverness,2228,AutoTOD,,,,8640,GVE,Scotland,ScotRail,
Gathurst,30520,24356,19202,74078,1895,0,Manchester Piccadilly,25526,PTE,Greater Manchester,,,2397,GST,North West,Northern Trains,
Gatley,112880,200150,60494,373524,1031,0,Manchester Piccadilly,176194,PTE,Greater Manchester,,,2953,GTY,North West,Northern Trains,
Gatwick Airport,9480506,11258634,471908,21211048,21,1156551,London Victoria,5455484,,,,,5416,GTW,South East,Govia Thameslink Railway (Gatwick Express),
Georgemas Junction,1286,706,0,1992,2499,0,Inverness,664,,,,,8641,GGJ,Scotland,ScotRail,
Gerrards Cross,352076,582836,167782,1102694,493,31531,London Marylebone,896056,EL,,,,3051,GER,South East,Chiltern Railways,
Gidea Park,1164006,1641360,192886,2998252,182,0,Stratford (London),563726,EL,,,,6877,GDP,London,Elizabeth line,
Giffnock,88476,127062,19504,235042,1287,0,Glasgow Central,158386,"PTE, CS",Strathclyde,,,9794,GFN,Scotland,ScotRail,
Giggleswick,3536,10766,1184,15486,2321,0,Skipton,3210,,,,,2655,GIG,Yorkshire and The Humber,Northern Trains,
Gilberdyke,8076,59996,8886,76958,1875,899,Hull,32850,,,,,8117,GBD,Yorkshire and The Humber,Northern Trains,
Gilfach Fargoed,4018,296,828,5142,2443,0,Cardiff Central,1250,,,,,4022,GFF,Wales,TfW Rail,
Gillingham (Dorset),63782,254218,39614,357614,1062,0,London Waterloo,99728,,,,,5796,GIL,South West,South Western Railway,
Gillingham (Kent),734220,1140722,667170,2542112,223,136775,London Victoria,476970,Season,,,,5169,GLM,South East,Southeastern,
Gilshochill,22278,38016,8426,68720,1925,0,Glasgow Queen Street,46436,"PTE, CS",Strathclyde,,,9956,GSC,Scotland,ScotRail,
Gipsy Hill,513162,646422,241680,1401264,397,0,London Victoria,361820,Same OD,,,,5363,GIP,London,Govia Thameslink Railway (Southern),
Girvan,19724,38020,3760,61504,1972,0,Ayr,31264,"PTE, CS",Strathclyde,,,9501,GIR,Scotland,ScotRail,
Glaisdale,490,4738,14192,19420,2284,0,Whitby,17020,,,,,7921,GLS,Yorkshire and The Humber,Northern Trains,
Glan Conwy,3140,3360,648,7148,2407,0,Llandudno,2318,,,,,2454,GCW,Wales,TfW Rail,
Glasgow Central,7962152,14653014,2678764,25293930,17,3879568,Paisley Gilmour Street,1515294,"Group, CS",Strathclyde,,,9813,GLC,Scotland,Network Rail,GLASGOW BR
Glasgow Queen Street,4876534,8944234,1129984,14950752,30,2008872,Edinburgh,2369536,Group,Strathclyde,,,9950,GLQ,Scotland,ScotRail,GLASGOW BR
Glasshoughton,58758,36192,13994,108944,1721,0,Leeds,60974,PTE,West Yorkshire,,,8360,GLH,Yorkshire and The Humber,Northern Trains,
Glazebrook,11542,11246,2758,25546,2231,0,Manchester Piccadilly,5772,PTE,,,,2301,GLZ,North West,Northern Trains,
Gleneagles,31744,70336,2514,104594,1744,0,Glasgow Queen Street,27548,CS,,,,8715,GLE,Scotland,ScotRail,
Glenfinnan,11102,7172,0,18274,2293,0,Fort William,9568,AutoTOD,,,,8828,GLF,Scotland,ScotRail,
Glengarnock,94204,153658,43024,290886,1175,0,Glasgow Central,142546,"PTE, CS",Strathclyde,,,9503,GLG,Scotland,ScotRail,
Glenrothes with Thornton,20530,28528,1698,50756,2044,0,Edinburgh,26048,CS,,,,9301,GLT,Scotland,ScotRail,
Glossop,252128,262218,225620,739966,686,0,Manchester Piccadilly,456548,PTE,,,,2895,GLO,East Midlands,Northern Trains,
Gloucester,475318,1221614,66624,1763556,317,153970,London Paddington,263012,,,,,4760,GCR,South West,Great Western Railway,
Glynde,22228,39074,7434,68736,1924,0,Lewes,19882,Other,,,,5338,GLY,South East,Govia Thameslink Railway (Southern),
Gobowen,113344,119554,14710,247608,1261,0,Shrewsbury,58944,,,,,4457,GOB,West Midlands,TfW Rail,
Godalming,806662,562566,318344,1687572,334,0,London Waterloo,726794,,,,,5629,GOD,South East,South Western Railway,
Godley,30296,29374,14574,74244,1894,0,Manchester Piccadilly,33038,PTE,Greater Manchester,,,2948,GDL,North West,Northern Trains,
Godstone,18550,31656,17572,67778,1931,0,Redhill,18420,,,,,5474,GDN,South East,Govia Thameslink Railway (Southern),
Goldthorpe,29894,23138,19724,72756,1901,0,Sheffield,22498,PTE,South Yorkshire,,,8284,GOE,Yorkshire and The Humber,Northern Trains,
Golf Street,808,280,204,1292,2521,0,Dundee,1124,CS,,,,9096,GOF,Scotland,ScotRail,
Golspie,4320,938,94,5352,2438,0,Brora,1284,AutoTOD,,,,8643,GOL,Scotland,ScotRail,
Gomshall,15570,37098,5952,58620,1988,0,Guildford,8996,,,,,5298,GOM,South East,Great Western Railway,
Goodmayes,1412232,2538030,822378,4772640,111,0,Stratford (London),1160764,EL,,,,6878,GMY,London,Elizabeth line,
Goole,64226,227784,32596,324606,1117,3309,Doncaster,94178,,,,,8025,GOO,Yorkshire and The Humber,Northern Trains,
Goostrey,13434,22902,3190,39526,2125,0,Manchester Piccadilly,17906,,,,,1220,GTR,North West,Northern Trains,
Gordon Hill,452504,563634,136698,1152836,475,0,Finsbury Park,318236,EL,,,,6028,GDH,London,Govia Thameslink Railway (Great Northern),
Gorebridge,58604,58148,4338,121090,1667,0,Edinburgh,82862,CS,,,,6391,GBG,Scotland,ScotRail,
Goring and Streatley,87898,218796,53746,360440,1053,0,London Paddington,147856,,,,,3033,GOR,South East,Great Western Railway,
Goring-By-Sea,139740,241286,168438,549464,829,0,Brighton,70380,Other,,,,5272,GBS,South East,Govia Thameslink Railway (Southern),
Gorton,24530,17784,15816,58130,1991,0,Manchester Piccadilly,25156,PTE,Greater Manchester,,,2962,GTO,North West,Northern Trains,
Gospel Oak,796060,1566120,302088,2664268,211,1749395,Highbury and Islington,273930,,,,,1409,GPO,London,London Overground,
Gourock,151484,219018,30204,400706,980,0,Glasgow Central,214990,"PTE, CS",Strathclyde,,,9635,GRK,Scotland,ScotRail,
Gowerton,54682,82412,21526,158620,1519,0,Swansea,51190,,,,,4131,GWN,Wales,TfW Rail,
Goxhill,3234,7460,170,10864,2359,0,Barton-On-Humber,5514,,,,,6206,GOX,Yorkshire and The Humber,East Midlands Railway,
Grange Park,203098,253898,36130,493126,870,0,Finsbury Park,127286,"Same OD, EL",,,,6029,GPK,London,Govia Thameslink Railway (Great Northern),
Grange-Over-Sands,18324,119082,17162,154568,1537,0,Lancaster,29988,,,,,1965,GOS,North West,Northern Trains,
Grangetown (Cardiff),208364,10082,40170,258616,1237,8399,Cardiff Central,40750,,,,,3839,GTN,Wales,TfW Rail,
Grantham,92152,1229574,162388,1484114,373,304676,London Kings Cross,700078,,,,,6469,GRA,East Midlands,London North Eastern Railway,
Grateley,52024,176282,52864,281170,1192,0,London Waterloo,134024,,,,,5514,GRT,South East,South Western Railway,
Gravelly Hill,118530,135458,136298,390286,994,0,Birmingham New Street,216010,PTE,West Midlands,,,1132,GVH,West Midlands,West Midlands Trains (West Midlands Railway),
Gravesend,957912,1303374,624970,2886256,189,277082,London St Pancras International,553714,,,,,5172,GRV,South East,Southeastern,
Grays,1137688,1783498,664536,3585722,154,105963,West Ham,839378,EL,,,,7443,GRY,East of England,c2c,
Great Ayton,1434,12050,24,13508,2343,0,Whitby,5436,,,,,7922,GTA,Yorkshire and The Humber,Northern Trains,
Great Bentley,26998,45460,32772,105230,1740,0,London Liverpool Street,24540,,,,,6855,GRB,East of England,Greater Anglia,
Great Chesterford,31688,41580,27292,100560,1753,0,Cambridge,41876,,,,,7032,GRC,East of England,Greater Anglia,
Great Coates,3180,2836,324,6340,2422,0,Cleethorpes,2286,,,,,6275,GCT,Yorkshire and The Humber,East Midlands Railway,
Great Malvern,144122,179538,105110,428770,949,427,Worcester Foregate Street,102160,PTE,,,,4892,GMV,West Midlands,West Midlands Trains (West Midlands Railway),
Great Missenden,199898,134554,64746,399198,983,0,London Marylebone,265806,,,,,1463,GMN,South East,Chiltern Railways,
Great Yarmouth,69532,362984,7144,439660,931,164,Norwich,165468,,,,,7328,GYM,East of England,Greater Anglia,
Green Lane,168070,155996,50734,374800,1027,0,Liverpool James Street,101838,PTE,Merseyside,,,2218,GNL,North West,Merseyrail,
Green Road,1668,4060,1752,7480,2404,0,Barrow-In-Furness,2772,,,,,1996,GNR,North West,Northern Trains,
Greenbank,46392,98240,70186,214818,1351,0,Manchester Piccadilly,49102,,,,,2325,GBK,North West,Northern Trains,
Greenfaulds,42796,57280,15702,115778,1691,0,Glasgow Queen Street,58908,"PTE, CS",Strathclyde,,,9725,GRL,Scotland,ScotRail,
Greenfield,147542,138864,64122,350528,1073,0,Manchester Piccadilly,203578,PTE,Greater Manchester,,,2900,GNF,North West,Northern Trains,
Greenford,57076,72022,10966,140064,1576,0,Castle Bar Park,47356,"Same OD, EL",,,,3136,GFD,London,London Underground,
Greenhithe for Bluewater,317864,287604,251124,856592,611,0,London Bridge,137624,,,,,5138,GNH,South East,Southeastern,
Greenock Central,73578,141992,29328,244898,1265,675,Glasgow Central,109656,"PTE, CS",Strathclyde,,,9681,GKC,Scotland,ScotRail,
Greenock West,102768,180290,51728,334786,1105,0,Glasgow Central,158076,"PTE, CS",Strathclyde,,,9682,GKW,Scotland,ScotRail,
Greenwich,747762,1303258,388456,2439476,233,0,London Bridge,621522,Same OD,,,,5146,GNW,London,Southeastern,
Gretna Green,14688,36174,602,51464,2033,0,Carlisle,27348,,,,,9610,GEA,Scotland,ScotRail,
Grimsby Docks,1426,1380,870,3676,2469,0,New Clee,830,,,,,6276,GMD,Yorkshire and The Humber,East Midlands Railway,
Grimsby Town,49278,380866,8568,438712,934,20434,Lincoln,54904,,,,,6280,GMB,Yorkshire and The Humber,TransPennine Express,
Grindleford,24402,98212,3846,126460,1638,0,Sheffield,53350,PTE,,,,2825,GRN,East Midlands,Northern Trains,
Grosmont,988,10858,3638,15484,2322,0,Whitby,9644,,,,,8155,GMT,Yorkshire and The Humber,Northern Trains,
Grove Park,731334,1081382,483918,2296634,258,364629,London Bridge,842544,"Same OD, EL",,,,5139,GRP,London,Southeastern,
Guide Bridge,113726,79852,74642,268220,1219,4530,Manchester Piccadilly,164018,PTE,Greater Manchester,,,2955,GUI,North West,Northern Trains,
Guildford,1977142,3508184,887216,6372542,79,891662,London Waterloo,2236816,Counts,,,,5631,GLD,South East,Network Rail,
Guiseley,400518,339222,279438,1019178,527,0,Leeds,571894,PTE,West Yorkshire,,,8567,GSY,Yorkshire and The Humber,Northern Trains,
Gunnersbury,787388,867500,306658,1961546,289,0,Willesden Junction,212756,Same OD,,,,5588,GUN,London,London Underground,
Gunnislake,6230,36350,7722,50302,2046,0,Plymouth,33136,,,,,3563,GSL,South West,Great Western Railway,
Gunton,12264,21676,2182,36122,2151,0,Norwich,17688,,,,,7299,GNT,East of England,Greater Anglia,
Gwersyllt,21278,3842,4288,29408,2194,0,Wrexham General,5924,,,,,4300,GWE,Wales,TfW Rail,
Gypsy Lane,10534,30660,2830,44024,2091,0,Middlesbrough,21864,,,,,7930,GYP,North East,Northern Trains,
Habrough,12564,40992,5962,59518,1984,586,Grimsby Town,9230,,,,,6281,HAB,Yorkshire and The Humber,East Midlands Railway,
Hackbridge,336084,392422,182604,911110,582,0,London Victoria,288530,Same OD,,,,5364,HCB,London,Govia Thameslink Railway (Southern),
Hackney Central,1432206,3274156,610592,5316954,96,1782085,Highbury and Islington,1728158,EL,,,,6977,HKC,London,London Overground,
Hackney Downs,942272,1768672,304542,3015486,179,1880306,London Liverpool Street,1031678,EL,,,,6867,HAC,London,London Overground,
Hackney Wick,1200304,2635512,375376,4211192,131,1,Stratford (London),1154104,EL,,,,6978,HKW,London,London Overground,
Haddenham and Thame Parkway,373884,326232,188636,888752,594,0,London Marylebone,606492,,,,,3053,HDM,South East,Chiltern Railways,
Haddiscoe,5752,7296,1710,14758,2327,0,Norwich,9200,Other,,,,7300,HAD,East of England,Greater Anglia,
Hadfield,89976,94172,78792,262940,1231,0,Manchester Piccadilly,139116,PTE,,,,2896,HDF,East Midlands,Northern Trains,
Hadley Wood,141922,189896,30446,362264,1049,0,Finsbury Park,88704,"Same OD, EL",,,,6075,HDW,London,Govia Thameslink Railway (Great Northern),
Hag Fold,24006,36230,13306,73542,1897,0,Manchester Victoria,25716,PTE,Greater Manchester,,,2585,HGF,North West,Northern Trains,
Haggerston,1216012,2136172,299066,3651250,150,0,Highbury and Islington,749814,,,,,1022,HGG,London,London Overground,
Hagley,66398,63166,364682,494246,867,0,Kidderminster,131820,PTE,,,,4577,HAG,West Midlands,West Midlands Trains (West Midlands Railway),
Hairmyres,184990,205254,45934,436178,939,0,Glasgow Central,328852,"PTE, CS",Strathclyde,,,9810,HMY,Scotland,ScotRail,
Hale (Manchester),38430,62414,29906,130750,1614,0,Manchester Piccadilly,33410,PTE,Greater Manchester,,,2845,HAL,North West,Northern Trains,
Halesworth,32214,79382,13400,124996,1645,0,Lowestoft,33148,Other,,,,7266,HAS,East of England,Greater Anglia,
Halewood,17422,31994,8614,58030,1994,0,Liverpool Lime Street,25124,PTE,Merseyside,,,2295,HED,North West,Northern Trains,
Halifax,588472,1021412,193134,1803018,311,55050,Leeds,514756,PTE,West Yorkshire,,,8411,HFX,Yorkshire and The Humber,Northern Trains,
Hall Green,103338,129636,106158,339132,1099,0,Birmingham Moor Street,211428,PTE,West Midlands,,,4521,HLG,West Midlands,West Midlands Trains (West Midlands Railway),
Hall Road,49112,299870,34836,383818,1005,0,Liverpool Central,154796,PTE,Merseyside,,,2229,HLR,North West,Merseyrail,
Halling,30728,34616,43874,109218,1719,0,London St Pancras International,18554,,,,,5173,HAI,South East,Southeastern,
Hall-I'-Th'-Wood,49530,101888,45068,196486,1404,0,Manchester Victoria,93510,PTE,Greater Manchester,,,2572,HID,North West,Northern Trains,
Haltwhistle,15680,73882,6690,96252,1780,0,Newcastle,35656,,,,,7568,HWH,North East,Northern Trains,
Ham Street,15496,45124,21210,81830,1855,0,Ashford International,35562,,,,,5037,HMT,South East,Govia Thameslink Railway (Southern),
Hamble,25934,36548,27176,89658,1808,0,Southampton Central,12916,,,,,5947,HME,South East,South Western Railway,
Hamilton Central,220440,373302,92778,686520,728,6116,Glasgow Central,285466,"PTE, CS",Strathclyde,,,9726,HNC,Scotland,ScotRail,
Hamilton West,241024,353092,89048,683164,733,0,Glasgow Central,297610,"PTE, CS",Strathclyde,,,9727,HNW,Scotland,ScotRail,
Hammerton,8694,37784,10372,56850,2000,0,York,26484,,,,,8241,HMM,Yorkshire and The Humber,Northern Trains,
Hampden Park (Sussex),193310,407686,260170,861166,609,185554,Eastbourne,411450,Other,,,,5450,HMD,South East,Govia Thameslink Railway (Southern),
Hampstead Heath,1042280,2046724,422642,3511646,157,0,West Hampstead,439428,,,,,1413,HDH,London,London Overground,
Hampton (London),399282,435046,114398,948726,562,0,London Waterloo,357902,Same OD,,,,5560,HMP,London,South Western Railway,
Hampton Court,542664,795488,131308,1469460,378,0,London Waterloo,608548,"Same OD, EL",,,,5561,HMC,South East,South Western Railway,
Hampton Wick,303996,429156,77482,810634,643,0,London Waterloo,307572,"Same OD, EL",,,,5589,HMW,London,South Western Railway,
Hampton-In-Arden,56268,98858,55738,210864,1365,0,Birmingham New Street,114472,PTE,West Midlands,,,1033,HIA,West Midlands,West Midlands Trains (West Midlands Railway),
Hamstead (Birmingham),75058,97740,58064,230862,1296,0,Birmingham New Street,133886,PTE,West Midlands,,,1145,HSD,West Midlands,West Midlands Trains (West Midlands Railway),
Hamworthy,48574,87808,9096,145478,1561,0,Bournemouth,36670,,,,,5940,HAM,South West,South Western Railway,
Hanborough,125830,193846,56786,376462,1022,0,London Paddington,177734,,,,,3007,HND,South East,Great Western Railway,
Handforth,104486,143020,85788,333294,1108,0,Manchester Piccadilly,132106,,,,,2767,HTH,North West,Northern Trains,
Hanwell,602034,949444,139922,1691400,332,0,Bond Street,327604,EL,,,,3191,HAN,London,Elizabeth line,
Hapton,4234,7336,1790,13360,2346,0,Blackburn,2306,,,,,2557,HPN,North West,Northern Trains,
Harlech,24428,20432,84140,129000,1626,0,Penrhyndeudraeth,41576,,,,,4458,HRL,Wales,TfW Rail,
Harlesden,427076,850238,275850,1553164,354,0,Queens Park (London),403078,EL,,,,1521,HDN,London,London Underground,
Harling Road,850,280,638,1768,2501,0,Norwich,1042,,,,,7374,HRD,East of England,Greater Anglia,
Harlington (Bedfordshire),84266,160194,63136,307596,1146,0,London St Pancras International,81238,,,,,1533,HLN,East of England,Govia Thameslink Railway (Thameslink),
Harlow Mill,138586,87682,52276,278544,1195,0,London Liverpool Street,98100,,,,,6804,HWM,East of England,Greater Anglia,
Harlow Town,746042,770618,330674,1847334,307,0,London Liverpool Street,676268,,,,,6827,HWN,East of England,Greater Anglia,
Harold Wood,1290426,1967894,379346,3637666,152,0,Stratford (London),663302,EL,,,,6879,HRO,London,Elizabeth line,
Harpenden,940442,1454700,411170,2806312,198,5864,London St Pancras International,1160952,,,,,1543,HPD,East of England,Govia Thameslink Railway (Thameslink),
Harrietsham,24664,32596,41644,98904,1763,0,Maidstone East,40420,,,,,5140,HRM,South East,Southeastern,
Harringay,385274,620296,134640,1140210,482,0,Finsbury Park,269096,"Same OD, EL",,,,6012,HGY,London,Govia Thameslink Railway (Great Northern),
Harringay Green Lanes,367168,739864,318002,1425034,388,0,Barking,312944,,,,,7401,HRY,London,London Overground,
Harrington,8706,20450,7144,36300,2150,0,Sellafield,9776,,,,,2027,HRR,North West,Northern Trains,
Harrogate,315262,1422124,141980,1879366,302,1439,Leeds,474732,,,,,8213,HGT,Yorkshire and The Humber,Northern Trains,
Harrow and Wealdstone,1109318,2388246,469254,3966818,137,496471,London Euston,1241508,EL,,,,1397,HRW,London,London Underground,
Harrow-On-The-Hill,1200410,1762982,105836,3069228,176,0,Amersham,888662,"Same OD, EL, CPAY",,,,598,HOH,London,London Underground,
Hartford (Cheshire),77262,127978,13032,218272,1344,0,Liverpool Lime Street,82140,,,,,2230,HTF,North West,West Midlands Trains (London Northwestern Railway),
Hartlebury,25958,10826,29400,66184,1940,0,Worcester Foregate Street,16966,,,,,4579,HBY,West Midlands,West Midlands Trains (West Midlands Railway),
Hartlepool,95448,558870,59354,713672,702,3344,Newcastle,200832,,,,,8009,HPL,North East,Northern Trains,
Hartwood,5480,7524,2136,15140,2325,0,Glasgow Central,5288,"PTE, CS",Strathclyde,,,9246,HTW,Scotland,ScotRail,
Harwich International,40272,51634,25622,117528,1683,3,Colchester,29410,,,,,6902,HPQ,East of England,Greater Anglia,
Harwich Town,23464,52070,36530,112064,1712,0,Colchester,29292,,,,,6905,HWC,East of England,Greater Anglia,
Haslemere,415020,610390,432406,1457816,383,62499,London Waterloo,692244,,,,,5633,HSL,South East,South Western Railway,
Hassocks,295406,657220,302060,1254686,445,0,Brighton,350732,,,,,5489,HSK,South East,Govia Thameslink Railway (Southern),
Hastings,358716,1260982,548846,2168544,272,33339,Bexhill,365548,,,,,5219,HGS,South East,Southeastern,
Hatch End,162238,510804,22874,695916,720,0,Watford High Street,156940,,,,,1398,HTE,London,London Overground,
Hatfield (Herts),1004316,1263684,190060,2458060,230,0,London Kings Cross,506462,"Same OD, EL",,,,6070,HAT,East of England,Govia Thameslink Railway (Great Northern),
Hatfield and Stainforth,13614,45868,12518,72000,1904,9174,Doncaster,37578,PTE,South Yorkshire,,,6528,HFS,Yorkshire and The Humber,Northern Trains,
Hatfield Peverel,109600,110626,141288,361514,1051,0,London Liverpool Street,177586,,,,,6845,HAP,East of England,Greater Anglia,
Hathersage,27618,82344,2164,112126,1710,0,Sheffield,47688,PTE,,,,2826,HSG,East Midlands,Northern Trains,
Hattersley,36584,30242,20690,87516,1817,0,Manchester Piccadilly,38854,PTE,Greater Manchester,,,2604,HTY,North West,Northern Trains,
Hatton,16306,8016,10590,34912,2157,0,Birmingham New Street,12572,"PTE, Hatton/Lapworth",,,Hatton Lapworth adjustment,4594,HTN,West Midlands,Chiltern Railways,
Havant,493866,1297648,291352,2082866,278,282970,London Waterloo,384318,,,,,5532,HAV,South East,South Western Railway,
Havenhouse,456,446,0,902,2546,0,Skegness,480,,,,,6260,HVN,East Midlands,East Midlands Railway,
Haverfordwest,30978,82166,156,113300,1703,0,Cardiff Central,17780,,,,,4079,HVF,Wales,TfW Rail,
Hawarden,24952,4008,1604,30564,2184,0,Wrexham General,4846,,,,,2428,HWD,Wales,TfW Rail,
Hawarden Bridge,7638,1690,902,10230,2364,0,Wrexham General,1910,,,,,2146,HWB,Wales,TfW Rail,
Hawkhead,70930,113862,32596,217388,1347,0,Glasgow Central,157840,"PTE, CS",Strathclyde,,,9634,HKH,Scotland,ScotRail,
Haydon Bridge,5242,39176,3026,47444,2066,0,Newcastle,16462,,,,,7569,HDB,North East,Northern Trains,
Haydons Road,130758,137178,54864,322800,1121,0,Farringdon,32280,Same OD,,,,5289,HYR,London,Govia Thameslink Railway (Thameslink),
Hayes (Kent),378254,458882,103024,940160,567,0,London Bridge,366770,Same OD,,,,5050,HYS,London,Southeastern,
Hayes and Harlington,2491012,4908378,1050774,8450164,55,187003,Bond Street,1280190,EL,,,,3186,HAY,London,Elizabeth line,
Hayle,28664,108470,17414,154548,1538,0,Truro,36006,,,,,3513,HYL,South West,Great Western Railway,
Haymarket,1524352,1647654,162402,3334408,163,730121,Glasgow Queen Street,521420,CS,,,,9419,HYM,Scotland,ScotRail,
Haywards Heath,1047716,1948018,961846,3957580,138,383780,London Victoria,892728,,,,,5490,HHE,South East,Govia Thameslink Railway (Southern),
Hazel Grove,140708,305044,72870,518622,848,568,Manchester Piccadilly,377304,PTE,Greater Manchester,,,2768,HAZ,North West,Northern Trains,
Headbolt Lane,165982,1007974,236712,1410668,393,17871,Liverpool Central,429828,PTE,Merseyside,,Opened in 2023-24,425,HBL,North West,Merseyrail,
Headcorn,119692,303966,154736,578394,807,0,London Bridge,205986,,,,,5220,HCN,South East,Southeastern,
Headingley,157770,181722,51794,391286,990,0,Leeds,176230,PTE,West Yorkshire,,,8498,HDY,Yorkshire and The Humber,Northern Trains,
Headstone Lane,142650,329514,44378,516542,851,0,London Euston,74724,Same OD,,,,1434,HDL,London,London Overground,
Heald Green,157680,202494,60016,420190,956,3886,Manchester Piccadilly,176454,PTE,Greater Manchester,,,2860,HDG,North West,Northern Trains,
Healing,2930,3644,106,6680,2414,0,Grimsby Town,2726,,,,,6283,HLI,Yorkshire and The Humber,East Midlands Railway,
Heath High Level,320128,23928,80778,424834,953,0,Cardiff Queen Street,133690,,,,,3845,HHL,Wales,TfW Rail,
Heath Low Level,35216,1610,10730,47556,2065,0,Cardiff Queen Street,13134,,,,,3908,HLL,Wales,TfW Rail,
Heathrow Terminal 4 (Rail Station Only),752668,1237292,68288,2058248,282,0,London Paddington,843546,"Group, HEx, ODM Counts",,There is additional uncertainty with these estimates for Heathrow terminal stations due to the limitations of the inputs they are based on.,Counts 2024-25,7091,HAF,London,Heathrow Express,HEATHROW BR
Heathrow Terminal 5 (Rail Station Only),1720384,2828096,156088,4704568,113,0,London Paddington,1928154,"Group, HEx, ODM Counts",,There is additional uncertainty with these estimates for Heathrow terminal stations due to the limitations of the inputs they are based on.,Counts 2024-25,9846,HWV,London,Heathrow Express,HEATHROW BR
Heathrow Terminals 2 and 3 (Rail Station Only),2903148,4772414,263400,7938962,60,0,London Paddington,3253822,"Group, HEx, ODM Counts",,There is additional uncertainty with these estimates for Heathrow terminal stations due to the limitations of the inputs they are based on.,Counts 2024-25,7090,HXX,London,Heathrow Express,HEATHROW BR
Heaton Chapel,261092,226110,136040,623242,771,0,Manchester Piccadilly,423148,PTE,Greater Manchester,,,2861,HTC,North West,Northern Trains,
Hebden Bridge,259458,555922,92450,907830,584,35136,Manchester Victoria,224018,PTE,West Yorkshire,,,8524,HBD,Yorkshire and The Humber,Northern Trains,
Heckington,22534,14950,2784,40268,2122,0,Sleaford,15558,,,,,6220,HEC,East Midlands,East Midlands Railway,
Hedge End,97600,231600,72916,402116,979,0,London Waterloo,101772,,,,,5893,HDE,South East,South Western Railway,
Hednesford,91528,143232,41396,276156,1201,0,Birmingham New Street,166664,PTE,,,,1148,HNF,West Midlands,West Midlands Trains (West Midlands Railway),
Heighington,8768,10276,18230,37274,2143,0,Bishop Auckland,10818,,,,,7887,HEI,North East,Northern Trains,
Helensburgh Central,212744,389466,69096,671306,743,0,Glasgow Queen Street,189206,Group,Strathclyde,,,9981,HLC,Scotland,ScotRail,HELENSBURGH BR
Helensburgh Upper,3968,7264,1288,12520,2352,9926,Glasgow Queen Street,3044,"Group, CS, Counts",Strathclyde,,,9982,HLU,Scotland,ScotRail,HELENSBURGH BR
Hellifield,2778,39136,358,42272,2102,766,Leeds,11336,,,,,2656,HLD,Yorkshire and The Humber,Northern Trains,
Helmsdale,2980,1178,84,4242,2454,0,Inverness,930,AutoTOD,,,,8647,HMS,Scotland,ScotRail,
Helsby,50202,68862,4646,123710,1651,85005,Chester,27576,,,,,2149,HSB,North West,TfW Rail,
Hemel Hempstead,531272,896728,182586,1610586,342,11101,London Euston,1069248,,,,,1391,HML,East of England,West Midlands Trains (London Northwestern Railway),
Hendon,347712,443290,236034,1027036,525,0,London St Pancras International,141090,,,,,1522,HEN,London,Govia Thameslink Railway (Thameslink),
Hengoed,98766,5842,24082,128690,1630,0,Cardiff Central,57110,,,,,4028,HNG,Wales,TfW Rail,
Henley-In-Arden,25550,32948,30262,88760,1811,0,Stratford-Upon-Avon,28890,PTE,,,,4524,HNL,West Midlands,West Midlands Trains (West Midlands Railway),
Henley-On-Thames,275166,416096,144092,835354,628,0,London Paddington,271998,,,,,3146,HOT,South East,Great Western Railway,
Hensall,536,44,0,580,2563,0,Leeds,434,,,,,8129,HEL,Yorkshire and The Humber,Northern Trains,
Hereford,275022,642070,312824,1229916,455,45539,Leominster,165596,,,,,3607,HFD,West Midlands,TfW Rail,
Herne Bay,151874,358434,324294,834602,630,0,Faversham,148830,,,,,5174,HNB,South East,Southeastern,
Herne Hill,823456,1230124,380644,2434224,236,1029213,London Victoria,584760,Same OD,,,,5066,HNH,London,Southeastern,
Hersham,259352,276462,186464,722278,694,0,London Waterloo,363658,,,,,5590,HER,South East,South Western Railway,
Hertford East,418142,534500,123914,1076556,503,0,London Liverpool Street,346820,"Group, Counts, Same OD, EL",,,,6818,HFE,East of England,Greater Anglia,HERTFORD BR
Hertford North,400672,512170,118738,1031580,522,446,Moorgate,282954,"Group, Counts",,,,6085,HFN,East of England,Govia Thameslink Railway (Great Northern),HERTFORD BR
Hessle,8070,66670,8072,82812,1840,0,Hull,47920,,,,,8067,HES,Yorkshire and The Humber,Northern Trains,
Heswall,19868,59008,12368,91244,1804,0,Liverpool Lime Street,21548,PTE,Merseyside,,,2138,HSW,North West,TfW Rail,
Hever,8666,28606,8968,46240,2075,0,London Bridge,24234,,,,,5417,HEV,South East,Govia Thameslink Railway (Southern),
Heworth,9112,29008,7408,45528,2081,0,Hartlepool,9680,"PTE, AutoTOD",Tyne & Wear,,,7766,HEW,North East,Northern Trains,
Hexham,52970,350818,27490,431278,945,5679,Newcastle,230556,,,,,7506,HEX,North East,Northern Trains,
Heyford,9430,26908,9214,45552,2080,0,Oxford,30556,,,,,3194,HYD,South East,Great Western Railway,
Heysham Port,572,12192,0,12764,2350,0,Lancaster,3012,,,,,2691,HHB,North West,Northern Trains,
High Brooms,286848,605026,256950,1148824,477,0,London Bridge,347428,,,,,5235,HIB,South East,Southeastern,
High Street (Glasgow),293918,451748,95626,841292,623,0,Partick,134520,"PTE, CS",Strathclyde,,,9909,HST,Scotland,ScotRail,
High Wycombe,674000,1169380,317368,2160748,274,75476,London Marylebone,1439626,EL,,,,3054,HWY,South East,Chiltern Railways,
Higham,56338,40306,41636,138280,1581,7,Strood (Kent),19026,,,,,5202,HGM,South East,Southeastern,
Highams Park,1014412,1501000,222298,2737710,204,0,Walthamstow Central,1053336,"Same OD, EL",,,,6919,HIP,London,London Overground,
Highbridge and Burnham,89162,142470,17274,248906,1256,0,Bristol Temple Meads,53136,,,,,3314,HIG,South West,Great Western Railway,
Highbury and Islington,7151888,14110800,2719840,23982528,19,3233923,Stratford (London),2229560,"EL, CPAY",,,,6009,HHY,London,London Underground,
Hightown,73608,190064,33680,297352,1163,0,Liverpool Central,97984,PTE,Merseyside,,,2356,HTO,North West,Merseyrail,
Hildenborough,117308,132526,103096,352930,1069,0,London Bridge,149542,,,,,5236,HLB,South East,Southeastern,
Hillfoot,92454,143670,22312,258436,1239,0,Glasgow Queen Street,75560,"PTE, CS",Strathclyde,,,9983,HLF,Scotland,ScotRail,
Hillington East,82080,96104,52082,230266,1298,0,Glasgow Central,118638,"PTE, CS",Strathclyde,,,9676,HLE,Scotland,ScotRail,
Hillington West,109678,100348,64094,274120,1211,0,Glasgow Central,110746,"PTE, CS",Strathclyde,,,9630,HLW,Scotland,ScotRail,
Hillside,113484,445222,82884,641590,762,0,Southport,234962,PTE,Merseyside,,,2231,HIL,North West,Merseyrail,
Hilsea,128370,173364,58490,360224,1054,38086,Fratton,67916,,,,,5539,HLS,South East,South Western Railway,
Hinchley Wood,95510,113858,74042,283410,1191,0,London Waterloo,183906,,,,,5591,HYW,South East,South Western Railway,
Hinckley (Leics),125196,218536,34032,377764,1017,0,Birmingham New Street,119470,PTE,,,,1870,HNK,East Midlands,East Midlands Railway,
Hindley,77714,115354,47062,240130,1275,26115,Manchester Victoria,97698,PTE,Greater Manchester,,,2398,HIN,North West,Northern Trains,
Hinton Admiral,40980,79390,13788,134158,1597,0,Brockenhurst,22254,,,,,5880,HNA,South East,South Western Railway,
Hitchin,1085160,1367484,487534,2940178,184,170803,London St Pancras International,538524,,,,,6086,HIT,East of England,Govia Thameslink Railway (Great Northern),
Hither Green,975078,1412890,511084,2899052,188,212143,London Bridge,981238,"Same OD, EL",,,,5107,HGR,London,Southeastern,
Hockley,308626,266616,242948,818190,636,0,London Liverpool Street,323838,,,,,6880,HOC,East of England,Greater Anglia,
Hollingbourne,15736,23302,23214,62252,1965,0,London Victoria,19096,,,,,5141,HBN,South East,Southeastern,
Holmes Chapel,80698,130540,32618,243856,1268,0,Manchester Piccadilly,76162,PTE,,,,1221,HCH,North West,Northern Trains,
Holmwood,21414,24686,9706,55806,2005,0,London Victoria,18744,,,,,5308,HLM,South East,Govia Thameslink Railway (Southern),
Holton Heath,20094,12012,9952,42058,2104,0,Bournemouth,12456,,,,,5941,HOL,South West,South Western Railway,
Holyhead,61814,159382,15690,236886,1279,433,Bangor (Gwynedd),64504,,,,,2437,HHD,Wales,TfW Rail,
Holytown,62580,80412,22282,165274,1502,2,Glasgow Central,109310,"PTE, CS",Strathclyde,,,9738,HLY,Scotland,ScotRail,
Homerton,1489526,2636202,560058,4685786,114,0,Highbury and Islington,1443594,EL,,,,6979,HMN,London,London Overground,
Honeybourne,27006,79120,7054,113180,1704,0,London Paddington,42778,,,,,4794,HYB,West Midlands,Great Western Railway,
Honiton,44104,226902,66034,337040,1102,9084,Exeter Central,109318,,,,,5717,HON,South West,South Western Railway,
Honley,12684,20390,12152,45226,2082,0,Huddersfield,7964,PTE,West Yorkshire,,,8436,HOY,Yorkshire and The Humber,Northern Trains,
Honor Oak Park,863836,1476246,213188,2553270,219,0,Canada Water,791698,EL,,,,5418,HPA,London,London Overground,
Hook,140534,237988,109206,487728,876,0,London Waterloo,162352,,,,,5523,HOK,South East,South Western Railway,
Hooton,384376,203884,141646,729906,691,94154,Liverpool Central,230324,PTE,Merseyside,,,2193,HOO,North West,Merseyrail,
Hope (Derbyshire),25852,66848,5246,97946,1770,0,Sheffield,30556,Other,,,,2828,HOP,East Midlands,Northern Trains,
Hope (Flintshire),16582,2472,4278,23332,2243,0,Wrexham General,6390,,,,,2432,HPE,Wales,TfW Rail,
Hopton Heath,900,840,490,2230,2494,0,Shrewsbury,1258,,,,,4189,HPT,West Midlands,TfW Rail,
Horden,17116,138998,8468,164582,1505,0,Newcastle,59402,,,,,6604,HRE,North East,Northern Trains,
Horley,543464,586158,182770,1312392,426,0,London Bridge,189916,,,,,5365,HOR,South East,Govia Thameslink Railway (Southern),
Hornbeam Park,125770,190268,142236,458274,908,0,Leeds,153944,,,,,8212,HBP,Yorkshire and The Humber,Northern Trains,
Hornsey,558296,873334,233296,1664926,336,0,Finsbury Park,379742,EL,,,,6015,HRN,London,Govia Thameslink Railway (Great Northern),
Horsforth,360482,379520,149976,889978,593,3995,Leeds,491174,PTE,West Yorkshire,,,8499,HRS,Yorkshire and The Humber,Northern Trains,
Horsham,739394,1172308,552536,2464238,229,76483,London Victoria,540864,,,,,5309,HRH,South East,Govia Thameslink Railway (Southern),
Horsley,112568,163848,72534,348950,1077,0,London Waterloo,180358,,,,,5562,HSY,South East,South Western Railway,
Horton-In-Ribblesdale,3516,19660,0,23176,2247,0,Leeds,5848,,,,,2105,HIR,Yorkshire and The Humber,Northern Trains,
Horwich Parkway,148488,302880,98534,549902,828,0,Manchester Piccadilly,131152,PTE,Greater Manchester,,,8720,HWI,North West,Transport for Greater Manchester,
Hoscar,186,566,50,802,2552,0,Southport,306,,,,,2399,HSC,North West,Northern Trains,
Hough Green,64650,92134,35800,192584,1421,0,Liverpool Lime Street,86460,PTE,Merseyside,,,2303,HGN,North West,Northern Trains,
Hounslow,292876,409636,147794,850306,618,1382,London Waterloo,173500,,,,,5563,HOU,London,South Western Railway,
Hove,538560,1187206,303222,2028988,285,208086,London Victoria,472988,Other,,,,5273,HOV,South East,Govia Thameslink Railway (Southern),
Hoveton and Wroxham,42896,81812,9716,134424,1595,0,Norwich,62378,,,,,7327,HXM,East of England,Greater Anglia,
How Wood (Hertfordshire),6822,20298,1984,29104,2196,0,Watford Junction,11124,,,,,1563,HWW,East of England,West Midlands Trains (London Northwestern Railway),
Howden,21478,105888,8512,135878,1588,0,York,37754,,,,,8071,HOW,Yorkshire and The Humber,Northern Trains,
Howwood (Renfrewshire),24316,39128,11682,75126,1886,0,Glasgow Central,42484,"PTE, CS",Strathclyde,,,1734,HOZ,Scotland,ScotRail,
Hoxton,1201076,2521782,360694,4083552,134,0,Whitechapel,800262,,,,,1023,HOX,London,London Overground,
Hoylake,148986,260312,61158,470456,897,0,Liverpool Central,101170,PTE,Merseyside,,,2194,HYK,North West,Merseyrail,
Hubberts Bridge,472,292,0,764,2555,0,Boston,352,,,,,6221,HBB,East Midlands,East Midlands Railway,
Hucknall,108910,32790,26908,168608,1489,0,Nottingham,108062,,,,,1862,HKN,East Midlands,East Midlands Railway,
Huddersfield,976280,1662928,496832,3136040,172,751429,Leeds,1020488,PTE,West Yorkshire,,,8437,HUD,Yorkshire and The Humber,TransPennine Express,
Hull,177312,2563304,167812,2908428,187,75196,Leeds,464514,,,,,8126,HUL,Yorkshire and The Humber,TransPennine Express,
Humphrey Park,15800,7088,7180,30068,2189,0,Manchester Piccadilly,13796,PTE,Greater Manchester,,,2937,HUP,North West,Northern Trains,
Huncoat,7422,10662,6490,24574,2236,0,Blackburn,4894,,,,,2558,HCT,North West,Northern Trains,
Hungerford,65022,188988,57602,311612,1139,0,London Paddington,150350,,,,,3072,HGD,South East,Great Western Railway,
Hunmanby,4154,31408,5102,40664,2120,0,Scarborough,17210,,,,,8098,HUB,Yorkshire and The Humber,Northern Trains,
Huntingdon,497318,877800,197362,1572480,348,0,London St Pancras International,317298,,,,,6108,HUN,East of England,Govia Thameslink Railway (Great Northern),
Huntly,33936,27138,4562,65636,1942,0,Aberdeen,31466,CS,,,,8921,HNT,Scotland,ScotRail,
Hunts Cross,301010,883598,215718,1400326,399,5915,Liverpool Central,547004,PTE,Merseyside,,,2235,HNX,North West,Merseyrail,
Hurst Green,134212,174204,206864,515280,853,47862,London Victoria,138504,,,,,5463,HUR,South East,Govia Thameslink Railway (Southern),
Hutton Cranswick,3268,33052,8172,44492,2088,0,Hull,13794,,,,,8099,HUT,Yorkshire and The Humber,Northern Trains,
Huyton,206778,351520,136224,694522,722,23207,Liverpool Lime Street,411202,PTE,Merseyside,,,2160,HUY,North West,Northern Trains,
Hyde Central,33838,17142,18012,68992,1923,0,Manchester Piccadilly,41702,PTE,Greater Manchester,,,2829,HYC,North West,Northern Trains,
Hyde North,21478,8450,14018,43946,2094,0,Manchester Piccadilly,21828,PTE,Greater Manchester,,,2959,HYT,North West,Northern Trains,
Hykeham,124078,36836,47840,208754,1375,0,Lincoln,115526,,,,,6310,HKM,East Midlands,East Midlands Railway,
Hyndland,479368,743584,166676,1389628,401,989587,Glasgow Central,228164,"PTE, CS",Strathclyde,,,9845,HYN,Scotland,ScotRail,
Hythe (Essex),118240,266070,48858,433168,942,0,London Liverpool Street,120754,,,,,6851,HYH,East of England,Greater Anglia,
Ifield,81194,114670,62122,257986,1240,0,Horsham,36502,,,,,5495,IFI,South East,Govia Thameslink Railway (Southern),
Ilford,2906020,6365222,1656226,10927468,43,47,Stratford (London),2668184,EL,,,,6881,IFD,London,Elizabeth line,
Ilkeston,106944,82750,13566,203260,1390,0,Nottingham,94416,,,,,7783,ILN,East Midlands,East Midlands Railway,
Ilkley,398082,437020,523024,1358126,414,0,Leeds,450328,PTE,West Yorkshire,,,8568,ILK,Yorkshire and The Humber,Northern Trains,
Imperial Wharf,978638,1362366,518324,2859328,191,0,Shepherd's Bush,632660,EL,,,,9586,IMW,London,London Overground,
Ince (Manchester),3372,7994,1470,12836,2349,0,Manchester Victoria,5658,PTE,Greater Manchester,,Station closed for electrification works June-Nov 2024,2236,INC,North West,Northern Trains,
Ince and Elton (Cheshire),62,36,0,98,2584,0,Helsby,34,,,,,2122,INE,North West,Northern Trains,
Ingatestone,266614,171106,341494,779214,664,0,London Liverpool Street,255726,,,,,6882,INT,East of England,Greater Anglia,
Insch,35666,24880,6320,66866,1936,0,Aberdeen,40376,CS,,,,8922,INS,Scotland,ScotRail,
Invergordon,18746,2708,2022,23476,2242,0,Inverness,12526,,,,,8648,IGD,Scotland,ScotRail,
Invergowrie,14938,2974,4154,22066,2263,0,Dundee,10044,CS,,,,8778,ING,Scotland,ScotRail,
Inverkeithing,353688,545596,53878,953162,560,44854,Edinburgh,552950,CS,,,,9136,INK,Scotland,ScotRail,
Inverkip,25332,46556,11012,82900,1839,0,Glasgow Central,51122,"PTE, CS",Strathclyde,,,9646,INP,Scotland,ScotRail,
Inverness,458864,691072,22704,1172640,467,54976,Edinburgh,178004,"CS, AutoTOD",,,,8649,INV,Scotland,ScotRail,
Inverness Airport,44400,13960,2806,61166,1975,0,Inverness,26286,"CS, AutoTOD",,,Opened in 2023-24,455,IVA,Scotland,ScotRail,
Invershin,262,100,0,362,2570,0,Inverness,158,AutoTOD,,,,8614,INH,Scotland,ScotRail,
Inverurie,166528,153112,40152,359792,1055,0,Aberdeen,261772,CS,,,,8924,INR,Scotland,ScotRail,
Ipswich,799646,2088016,483544,3371206,161,761485,London Liverpool Street,943520,,,,,7217,IPS,East of England,Greater Anglia,
Irlam,119178,87376,55876,262430,1232,0,Manchester Oxford Road,124136,PTE,Greater Manchester,,,2817,IRL,North West,Northern Trains,
Irvine,226212,392254,66550,685016,731,0,Glasgow Central,337504,"PTE, CS",Strathclyde,,,9508,IRV,Scotland,ScotRail,
Isleworth,331248,382886,242704,956838,558,0,London Waterloo,285694,Same OD,,,,5592,ISL,London,South Western Railway,
Islip,14054,17004,8130,39188,2127,0,Oxford,21422,,,,,3110,ISP,South East,Chiltern Railways,
Iver,104648,182818,75192,362658,1045,0,Bond Street,43480,EL,,,,3170,IVR,South East,Elizabeth line,
Ivybridge,28078,89050,19866,136994,1586,0,Plymouth,38860,,,,,3555,IVY,South West,Great Western Railway,
James Cook University Hospital,11304,43690,5810,60804,1978,0,Middlesbrough,10034,,,,,9507,JCH,North East,Northern Trains,
Jewellery Quarter,161064,166974,118254,446292,920,0,Birmingham Moor Street,83336,PTE,West Midlands,,,1097,JEQ,West Midlands,West Midlands Trains (West Midlands Railway),
Johnston (Pembs),3676,5354,32,9062,2380,0,Haverfordwest,1516,AutoTOD,,,,4081,JOH,Wales,TfW Rail,
Johnstone (Renfrewshire),357514,635070,147278,1139862,483,0,Glasgow Central,713110,"PTE, CS",Strathclyde,,,9648,JHN,Scotland,ScotRail,
Jordanhill,87324,152510,24588,264422,1229,0,Glasgow Central,87320,"PTE, CS",Strathclyde,,,9995,JOR,Scotland,ScotRail,
Kearsley (Manchester),13048,34610,7230,54888,2012,0,Manchester Victoria,22418,PTE,Greater Manchester,,,2605,KSL,North West,Northern Trains,
Kearsney (Kent),17804,23040,6782,47626,2064,0,Dover Priory,15122,,,,,5038,KSN,South East,Southeastern,
Keighley,456682,622284,326944,1405910,395,1285,Leeds,531666,PTE,West Yorkshire,,,8468,KEI,Yorkshire and The Humber,Northern Trains,
Keith,35250,39574,1974,76798,1877,0,Aberdeen,35510,CS,,,,8925,KEH,Scotland,ScotRail,
Kelvedon,183394,191558,224860,599812,793,0,London Liverpool Street,300580,,,,,6838,KEL,East of England,Greater Anglia,
Kelvindale,18744,27726,11956,58426,1989,0,Glasgow Queen Street,33888,"PTE, CS",Strathclyde,,,1655,KVD,Scotland,ScotRail,
Kemble,38226,365182,41352,444760,923,0,London Paddington,269570,,,,,3325,KEM,South West,Great Western Railway,
Kempston Hardwick,5422,2734,1626,9782,2370,0,Bedford,3480,,,,Marston Vale Line full timetable resumed February 2024 after 14 months partial service,1384,KMH,East of England,West Midlands Trains (London Northwestern Railway),
Kempton Park Racecourse,10796,45414,1910,58120,1992,0,London Waterloo,23898,,,,,5678,KMP,South East,South Western Railway,
Kemsing,6846,4866,5122,16834,2309,0,London Victoria,4572,,,,,5079,KMS,South East,Southeastern,
Kemsley,88010,54468,66382,208860,1373,0,Sittingbourne,70102,,,,,5205,KML,South East,Southeastern,
Kendal,17992,129416,32686,180094,1458,0,Windermere,33760,,,,,1976,KEN,North West,Northern Trains,
Kenilworth,68864,100646,11756,181266,1454,0,Coventry,48460,,,,,7985,KNW,West Midlands,West Midlands Trains (West Midlands Railway),
Kenley,100198,126986,41324,268508,1217,0,London Bridge,111778,Same OD,,,,5419,KLY,London,Govia Thameslink Railway (Southern),
Kennett,25062,19546,9030,53638,2017,0,Cambridge,24526,,,,,7011,KNE,East of England,Greater Anglia,
Kennishead,47042,84808,26052,157902,1523,0,Glasgow Central,101888,"PTE, CS",Strathclyde,,"Glasgow Central - East Kilbride line closure, passengers for Thornliebak used Kennishead",9816,KNS,Scotland,ScotRail,
Kensal Green,274846,613634,111316,999796,538,0,Queens Park (London),444096,EL,,,,1447,KNL,London,London Underground,
Kensal Rise,798036,1360532,449222,2607790,215,0,West Hampstead,292256,,,,,1448,KNR,London,London Overground,
Kensington Olympia,936092,1468482,427014,2831588,194,14596,West Brompton,389308,EL,,,,3092,KPA,London,London Overground,
Kent House,326766,368958,118612,814336,640,0,London Victoria,442828,Same OD,,,,5080,KTH,London,Southeastern,
Kentish Town,846004,1329228,414436,2589668,216,0,Farringdon,593996,EL,,,,1553,KTN,London,London Underground,
Kentish Town West,595926,1041086,249406,1886418,301,0,Highbury and Islington,266366,,,,,1449,KTW,London,London Overground,
Kenton,341974,845562,250486,1438022,386,0,Queens Park (London),193770,CPAY,,,,1399,KNT,London,London Underground,
Kents Bank,4578,21866,4100,30544,2185,0,Lancaster,6484,,,,,1966,KBK,North West,Northern Trains,
Kettering,185688,730584,220286,1136558,485,431919,London St Pancras International,472914,,,,,1857,KET,East Midlands,East Midlands Railway,
Kew Bridge,407674,548290,206192,1162156,473,0,London Waterloo,249282,Same OD,,,,5593,KWB,London,South Western Railway,
Kew Gardens,383408,875970,109234,1368612,410,0,Richmond (London),177210,Same OD,,,,5594,KWG,London,London Underground,
Keyham,6844,6066,3216,16126,2315,0,Plymouth,4408,,,,,3571,KEY,South West,Great Western Railway,
Keynsham,222534,300300,43384,566218,815,0,Bristol Temple Meads,192330,Other,,,,3237,KYN,South West,Great Western Railway,
Kidbrooke,572666,691796,356360,1620822,340,0,London Bridge,435334,Same OD,,,,5108,KDB,London,Southeastern,
Kidderminster,306594,455136,480384,1242114,448,0,Birmingham Moor Street,261312,PTE,,,,4581,KID,West Midlands,West Midlands Trains (West Midlands Railway),
Kidsgrove,110142,155180,22408,287730,1180,31758,Manchester Piccadilly,83548,,,,,1229,KDG,West Midlands,East Midlands Railway,
Kidwelly,9938,19606,5022,34566,2160,0,Swansea,8610,,,,,4132,KWL,Wales,TfW Rail,
Kilburn High Road,161588,504636,92224,758448,674,0,London Euston,385968,EL,,,,1415,KBN,London,London Overground,
Kildale,82,1590,0,1672,2505,0,Whitby,636,,,,,7516,KLD,Yorkshire and The Humber,Northern Trains,
Kildonan,278,34,0,312,2573,0,Helmsdale,108,AutoTOD,,,,8652,KIL,Scotland,ScotRail,
Kilgetty,5192,12010,250,17452,2304,0,Tenby,5174,,,,,4083,KGT,Wales,TfW Rail,
Kilmarnock,171050,269100,26964,467114,900,6916,Glasgow Central,253416,CS,Strathclyde,,,9512,KMK,Scotland,ScotRail,
Kilmaurs,30124,46586,5640,82350,1845,0,Glasgow Central,53698,"PTE, CS",Strathclyde,,,9516,KLM,Scotland,ScotRail,
Kilpatrick,25212,44340,7262,76814,1876,0,Glasgow Queen Street,20472,"PTE, CS",Strathclyde,,,9960,KPT,Scotland,ScotRail,
Kilwinning,252970,435288,92848,781106,661,83979,Glasgow Central,416270,CS,Strathclyde,,,9517,KWN,Scotland,ScotRail,
Kinbrace,318,88,0,406,2569,0,Inverness,110,AutoTOD,,,,8653,KBC,Scotland,ScotRail,
Kingham,38962,203454,9428,251844,1252,0,London Paddington,167432,,,,,3008,KGM,South East,Great Western Railway,
Kinghorn,46044,45890,5728,97662,1772,0,Edinburgh,44958,CS,,,,9142,KGH,Scotland,ScotRail,
Kings Langley,179258,257666,70282,507206,859,0,London Euston,335118,,,,,1392,KGL,East of England,West Midlands Trains (London Northwestern Railway),
Kings Lynn,214344,572010,66846,853200,614,410,London Kings Cross,240116,,,,,7115,KLN,East of England,Govia Thameslink Railway (Great Northern),
Kings Norton,308772,361076,264008,933856,570,5861,Birmingham New Street,549258,PTE,West Midlands,,,1109,KNN,West Midlands,West Midlands Trains (West Midlands Railway),
Kings Nympton,992,1978,3528,6498,2419,0,Digby and Sowton,1896,,,,,5823,KGN,South West,Great Western Railway,
Kings Park,64992,98270,28298,191560,1424,0,Glasgow Central,122830,"PTE, CS",Strathclyde,,,9817,KGP,Scotland,ScotRail,
Kings Sutton,29894,45002,7134,82030,1849,0,Banbury,33028,,,,,4508,KGS,East Midlands,Chiltern Railways,
Kingsknowe,19166,14072,1206,34444,2162,0,Edinburgh,18446,CS,,,,9217,KGE,Scotland,ScotRail,
Kingston,1425806,2480132,454726,4360664,126,0,London Waterloo,1160716,EL,,,,5565,KNG,London,South Western Railway,
Kingswood,63406,62806,23944,150156,1544,0,London Bridge,72366,Same OD,,,,5366,KND,South East,Govia Thameslink Railway (Southern),
Kingussie,22460,18294,1304,42058,2104,0,Inverness,11150,CS,,,,8655,KIN,Scotland,ScotRail,
Kintbury,13804,47652,13824,75280,1885,0,Newbury,32600,,,,,3073,KIT,South East,Great Western Railway,
Kintore,59170,56154,9112,124436,1647,0,Aberdeen,98816,CS,,,,6597,KTR,Scotland,ScotRail,
Kirby Cross,17060,29202,16634,62896,1962,0,Colchester,22370,,,,,6862,KBX,East of England,Greater Anglia,
Kirk Sandall,25246,37202,23356,85804,1826,0,Doncaster,41798,PTE,South Yorkshire,,,6527,KKS,Yorkshire and The Humber,Northern Trains,
Kirkby (Merseyside),162280,1136938,305998,1605216,345,6943,Liverpool Central,737184,PTE,Merseyside,,,2124,KIR,North West,Merseyrail,
Kirkby Stephen,5060,30600,84,35744,2153,0,Carlisle,8362,,,,,2057,KSW,North West,Northern Trains,
Kirkby-in-Ashfield,66020,34564,21070,121654,1664,0,Nottingham,78672,,,,,1867,KKB,East Midlands,East Midlands Railway,
Kirkby-In-Furness,5344,14680,2682,22706,2253,0,Barrow-In-Furness,7384,,,,,1959,KBF,North West,Northern Trains,
Kirkcaldy,286618,519446,50172,856236,612,19552,Edinburgh,379590,CS,,,,9145,KDY,Scotland,ScotRail,
Kirkconnel,5986,11680,1058,18724,2288,0,Dumfries,4146,CS,,,,9518,KRK,Scotland,ScotRail,
Kirkdale,290752,448154,191456,930362,574,119835,Liverpool Central,324610,PTE,Merseyside,,,2245,KKD,North West,Merseyrail,
Kirkham and Wesham,80260,275678,41988,397926,984,6044,Preston (Lancs),68194,,,,,2668,KKM,North West,Northern Trains,
Kirkhill,19978,38566,5618,64162,1951,0,Glasgow Central,30884,"PTE, CS",Strathclyde,,,9771,KKH,Scotland,ScotRail,
Kirknewton,36896,29594,4678,71168,1911,0,Edinburgh,40790,CS,,,,9230,KKN,Scotland,ScotRail,
Kirkstall Forge,119222,185348,74252,378822,1013,0,Leeds,237898,PTE,West Yorkshire,,,6544,KLF,Yorkshire and The Humber,Northern Trains,
Kirkwood,42120,75580,18006,135706,1591,0,Glasgow Central,52288,"PTE, CS",Strathclyde,,,9766,KWD,Scotland,ScotRail,
Kirton Lindsey,40,700,0,740,2557,0,Brigg,406,,,,,6466,KTL,Yorkshire and The Humber,Northern Trains,
Kiveton Bridge,23102,38470,7614,69186,1920,0,Sheffield,34850,PTE,South Yorkshire,,,6401,KIV,Yorkshire and The Humber,Northern Trains,
Kiveton Park,18190,34368,5550,58108,1993,0,Sheffield,23530,PTE,South Yorkshire,,,6565,KVP,Yorkshire and The Humber,Northern Trains,
Knaresborough,124670,412386,68430,605486,789,0,York,153862,,,,,8214,KNA,Yorkshire and The Humber,Northern Trains,
Knebworth,198404,168042,70420,436866,938,0,London Kings Cross,167252,,,,,6088,KBW,East of England,Govia Thameslink Railway (Great Northern),
Knighton,9682,9026,500,19208,2287,0,Shrewsbury,6472,,,,,4206,KNI,West Midlands,TfW Rail,
Knockholt,67840,95330,25418,188588,1429,0,London Bridge,48032,EL,,,,5109,KCK,London,Southeastern,
Knottingley,79104,46460,30728,156292,1528,0,Leeds,82720,PTE,West Yorkshire,,,8546,KNO,Yorkshire and The Humber,Northern Trains,
Knucklas,2614,1542,0,4156,2455,0,Llandrindod,836,,,,,4228,KNU,Wales,TfW Rail,
Knutsford,90642,181046,99548,371236,1035,0,Manchester Piccadilly,99974,,,,,2848,KNF,North West,Northern Trains,
Kyle Of Lochalsh,23836,22716,236,46788,2070,0,Inverness,23854,AutoTOD,,,,8657,KYL,Scotland,ScotRail,
Ladybank,39494,43282,3678,86454,1822,4348,Edinburgh,35076,CS,,,,9149,LDY,Scotland,ScotRail,
Ladywell,387552,657234,210100,1254886,444,0,London Bridge,462518,"Same OD, EL",,,,5057,LAD,London,Southeastern,
Laindon,776914,787260,362804,1926978,292,0,London Fenchurch Street,723820,,,,,7445,LAI,East of England,c2c,
Lairg,2848,1130,0,3978,2460,0,Inverness,1788,AutoTOD,,,,8658,LRG,Scotland,ScotRail,
Lake,3922,14584,1238,19744,2281,0,Ryde Esplanade,8094,,,,,5504,LKE,South East,South Western Railway (Island Line),
Lakenheath,556,356,8,920,2544,0,Stansted Airport,168,Other,,,,7201,LAK,East of England,Greater Anglia,
Lamphey,2206,3656,0,5862,2430,0,Tenby,2204,,,,,4084,LAM,Wales,TfW Rail,
Lanark,94248,143762,25522,263532,1230,0,Glasgow Central,156570,"PTE, CS",Strathclyde,,,9710,LNK,Scotland,ScotRail,
Lancaster,204886,1747686,231470,2184042,267,450228,Preston (Lancs),322786,,,,,2685,LAN,North West,Avanti West Coast,
Lancing,278026,504430,197164,979620,547,0,Brighton,229258,Other,,,,5275,LAC,South East,Govia Thameslink Railway (Southern),
Landywood,55820,78922,33942,168684,1488,0,Birmingham New Street,108764,PTE,,,,1017,LAW,West Midlands,West Midlands Trains (West Midlands Railway),
Langbank,18788,34174,9244,62206,1966,0,Glasgow Central,29650,"PTE, CS",Strathclyde,,,9652,LGB,Scotland,ScotRail,
Langho,7958,22430,6526,36914,2146,0,Manchester Victoria,11522,,,,,2735,LHO,North West,Northern Trains,
Langley (Berks),376078,584910,192350,1153338,474,0,Bond Street,143364,EL,,,,3171,LNY,South East,Elizabeth line,
Langley Green,46556,64934,49708,161198,1517,0,Birmingham Moor Street,47672,PTE,West Midlands,,,4607,LGG,West Midlands,West Midlands Trains (West Midlands Railway),
Langley Mill,59868,33002,7368,100238,1754,0,Nottingham,35508,,,,,1761,LGM,East Midlands,East Midlands Railway,
Langside,74310,117246,34256,225812,1318,0,Glasgow Central,164086,"PTE, CS",Strathclyde,,,9818,LGS,Scotland,ScotRail,
Langwathby,1902,18064,322,20288,2277,0,Leeds,6892,,,,,2058,LGW,North West,Northern Trains,
Langwith-Whaley Thorns,5388,3114,1314,9816,2369,0,Nottingham,3506,,,,,1871,LAG,East Midlands,East Midlands Railway,
Lapford,3624,1666,3198,8488,2390,0,Exeter Central,3544,,,,,5824,LAP,South West,Great Western Railway,
Lapworth,14050,14384,9962,38396,2137,0,Birmingham New Street,9732,"PTE, Hatton/Lapworth",,,Hatton Lapworth adjustment,4595,LPW,West Midlands,Chiltern Railways,
Larbert,322316,427144,62640,812100,642,0,Glasgow Queen Street,320306,CS,,,,9876,LBT,Scotland,ScotRail,
Largs,116582,253058,15302,384942,1001,0,Glasgow Central,150312,CS,Strathclyde,,,9521,LAR,Scotland,ScotRail,
Larkhall,91384,133614,29942,254940,1246,0,Glasgow Central,112840,"PTE, CS",Strathclyde,,,9728,LRH,Scotland,ScotRail,
Laurencekirk,42536,34272,10582,87390,1818,0,Aberdeen,44232,CS,,,,8931,LAU,Scotland,ScotRail,
Lawrence Hill,240714,59472,39670,339856,1096,0,Bristol Temple Meads,75920,,,,,3225,LWH,South West,Great Western Railway,
Layton (Lancs),9122,56974,8462,74558,1891,0,Preston (Lancs),22240,,,,,2669,LAY,North West,Northern Trains,
Lazonby and Kirkoswald,2346,13412,2790,18548,2290,0,Carlisle,10164,,,,,2059,LZB,North West,Northern Trains,
Lea Bridge,304782,437248,135284,877314,600,0,Stratford (London),420104,"Same OD, EL",,,,6927,LEB,London,Greater Anglia,
Lea Green,127228,227164,46298,400690,981,0,Liverpool Lime Street,148138,PTE,Merseyside,,,2339,LEG,North West,Northern Trains,
Lea Hall,144268,177830,120486,442584,927,0,Birmingham New Street,323020,PTE,West Midlands,,,1133,LEH,West Midlands,West Midlands Trains (West Midlands Railway),
Leagrave,338516,861236,296260,1496012,369,0,London St Pancras International,418888,,,,,1534,LEA,East of England,Govia Thameslink Railway (Thameslink),
Lealholm,234,3370,3264,6868,2411,0,Whitby,4786,,,,,7925,LHM,Yorkshire and The Humber,Northern Trains,
Leamington Spa,924114,1317578,302828,2544520,222,228744,London Marylebone,495926,PTE,,,,4597,LMS,West Midlands,Chiltern Railways,
Leasowe,195822,244800,80298,520920,844,0,Liverpool Central,131190,PTE,Merseyside,,,2237,LSW,North West,Merseyrail,
Leatherhead,534418,641486,304742,1480646,375,12718,London Waterloo,409442,,,,,5368,LHD,South East,Govia Thameslink Railway (Southern),
Ledbury,61032,104502,29072,194606,1415,3,Hereford,73196,PTE,,,,4784,LED,West Midlands,West Midlands Trains (West Midlands Railway),
Lee (London),492542,685350,304776,1482668,374,0,London Bridge,521924,"Same OD, EL",,,,5110,LEE,London,Southeastern,
Leeds,7051004,17166038,3092466,27309508,16,2877961,London Kings Cross,2137222,PTE,West Yorkshire,,,8487,LDS,Yorkshire and The Humber,Network Rail,
Leicester,1045920,4045740,435476,5527136,92,517869,London St Pancras International,954994,,,,,1947,LEI,East Midlands,East Midlands Railway,
Leigh (Kent),11220,14378,15966,41564,2109,0,Tonbridge,20510,,,,,5294,LIH,South East,Govia Thameslink Railway (Southern),
Leigh-On-Sea,671144,772654,246070,1689868,333,0,London Fenchurch Street,810348,,,,,7446,LES,East of England,c2c,
Leighton Buzzard,371360,776258,376080,1523698,364,0,London Euston,1075184,,,,,1373,LBZ,East of England,West Midlands Trains (London Northwestern Railway),
Lelant,540,30532,0,31072,2183,0,St Ives (Cornwall),27166,Other,,,,3539,LEL,South West,Great Western Railway,
Lelant Saltings,36,614,0,650,2560,0,St Ives (Cornwall),428,Other,,,,3498,LTS,South West,Great Western Railway,
Lenham,34612,39410,56976,130998,1613,0,Maidstone East,44866,,,,,5111,LEN,South East,Southeastern,
Lenzie,259086,381488,79312,719886,697,0,Glasgow Queen Street,476750,"PTE, CS",Strathclyde,,,9955,LNZ,Scotland,ScotRail,
Leominster,78854,135152,46214,260220,1234,17,Hereford,165596,,,,,3620,LEO,West Midlands,TfW Rail,
Letchworth Garden City,688734,806492,284408,1779634,313,0,London Kings Cross,330356,,,,,6089,LET,East of England,Govia Thameslink Railway (Great Northern),
Leuchars (For St. Andrews),133106,443790,7136,584032,803,0,Edinburgh,264432,CS,,,,9188,LEU,Scotland,ScotRail,
Leven,75322,105322,4780,185424,1440,0,Edinburgh,107830,CS,,,New Station,442,LEV,Scotland,ScotRail,
Levenshulme,172052,209708,90252,472012,894,0,Manchester Piccadilly,260064,PTE,Greater Manchester,,,2862,LVM,North West,Northern Trains,
Lewes,567130,1448782,610334,2626246,212,581212,Brighton,516394,Other,,,,5329,LWS,South East,Govia Thameslink Railway (Southern),
Lewisham,2028308,3321472,1674190,7023970,69,1504910,London Bridge,1573596,,,,,5051,LEW,London,Southeastern,
Leyland,104828,304252,41638,450718,916,0,Manchester Piccadilly,91032,,,,,2710,LEY,North West,Northern Trains,
Leyton Midland Road,465554,802210,283568,1551332,357,0,Blackhorse Road,408812,,,,,7402,LEM,London,London Overground,
Leytonstone High Road,330756,614872,206306,1151934,476,0,Blackhorse Road,320458,,,,,7403,LER,London,London Overground,
Lichfield City,282824,287856,206654,777334,666,0,Birmingham New Street,362796,PTE,,,,1177,LIC,West Midlands,West Midlands Trains (West Midlands Railway),
Lichfield Trent Valley,134648,479970,273340,887958,595,83390,London Euston,323140,PTE,,,,1291,LTV,West Midlands,West Midlands Trains (West Midlands Railway),
Lidlington,6522,5874,4180,16576,2310,0,Bedford,8284,,,,Marston Vale Line full timetable resumed February 2024 after 14 months partial service,1579,LID,East of England,West Midlands Trains (London Northwestern Railway),
Limehouse,1096248,1021440,442090,2559778,218,0,Barking,780396,CPAY,,,,7491,LHS,London,c2c,
Lincoln,634314,1502188,149538,2286040,259,19773,London Kings Cross,268196,,,,,6340,LCN,East Midlands,East Midlands Railway,
Lingfield,105070,147990,162220,415280,965,0,London Victoria,132674,Season,,,,5369,LFD,South East,Govia Thameslink Railway (Southern),
Lingwood,16514,24218,8976,49708,2051,0,Norwich,35098,,,,,7305,LGD,East of England,Greater Anglia,
Linlithgow,433050,563242,62582,1058874,509,0,Edinburgh,545118,CS,,,,9438,LIN,Scotland,ScotRail,
Liphook,118278,207890,282486,608654,786,0,London Waterloo,138822,,,,,5634,LIP,South East,South Western Railway,
Liskeard,84862,216842,51852,353556,1068,63806,Plymouth,134142,,,,,3573,LSK,South West,Great Western Railway,
Liss,51178,125246,132024,308448,1144,0,Liphook,89978,,,,,5635,LIS,South East,South Western Railway,
Lisvane and Thornhill,185794,15452,39930,241176,1273,0,Cardiff Central,100076,,,Possible overestimate. Estimates likely to be artificially high due to end of fare zone issues,,3853,LVT,Wales,TfW Rail,
Little Kimble,5184,2330,1412,8926,2383,0,Aylesbury,4108,,,,,3066,LTK,South East,Chiltern Railways,
Little Sutton,75710,91018,17296,184024,1448,0,Ellesmere Port,35692,PTE,Merseyside,,,2156,LTT,North West,Merseyrail,
Littleborough,80834,204454,92992,378280,1016,0,Manchester Victoria,209536,PTE,Greater Manchester,,,2661,LTL,North West,Northern Trains,
Littlehampton,146162,423290,234994,804446,647,890,Chichester,141800,Other,,,,5260,LIT,South East,Govia Thameslink Railway (Southern),
Littlehaven,115878,112192,53072,281142,1193,0,London Bridge,38176,,,,,5498,LVN,South East,Govia Thameslink Railway (Southern),
Littleport,77870,111436,62474,251780,1253,0,Cambridge,109536,,,,,7072,LTP,East of England,Govia Thameslink Railway (Great Northern),
Liverpool Central,3819598,9130830,1869788,14820216,31,1018090,Ormskirk,756906,"Group, Counts",Merseyside,,,2242,LVC,North West,Merseyrail,LIVERPOOL BR
Liverpool James Street,804126,1922280,393640,3120046,173,0,Birkenhead Hamilton Square,315200,"Group, Counts",Merseyside,,,2244,LVJ,North West,Merseyrail,LIVERPOOL BR
Liverpool Lime Street,3719084,8890546,1820584,14430214,32,986504,London Euston,1838790,"Group, Counts",Merseyside,,,2246,LIV,North West,Network Rail,LIVERPOOL BR
Liverpool South Parkway,383928,1463828,316352,2164108,273,231539,Liverpool Lime Street,435832,PTE,Merseyside,,,9709,LPY,North West,Merseyrail,
Livingston North,450814,508658,74144,1033616,520,0,Edinburgh,575108,CS,,,,9371,LSN,Scotland,ScotRail,
Livingston South,165122,177838,27380,370340,1037,0,Edinburgh,206894,CS,,,,9372,LVG,Scotland,ScotRail,
Llanaber,1842,1982,20,3844,2465,0,Barmouth,1018,Other,,,,4327,LLA,Wales,TfW Rail,
Llanbedr,6866,6746,1000,14612,2331,0,Barmouth,3796,,,,,4356,LBR,Wales,TfW Rail,
Llanbister Road,612,378,0,990,2542,0,Shrewsbury,228,,,,,4226,LLT,Wales,TfW Rail,
Llanbradach,51268,2512,15418,69198,1919,0,Cardiff Central,25292,,,,,4018,LNB,Wales,TfW Rail,
Llandaf,325232,27510,78026,430768,947,0,Cardiff Central,124090,,,,,3844,LLN,Wales,TfW Rail,
Llandanwg,3248,2620,218,6086,2427,0,Barmouth,1804,,,,,4460,LDN,Wales,TfW Rail,
Llandecwyn,576,650,0,1226,2526,0,Harlech,218,"Other, AutoTOD",,,,4334,LLC,Wales,TfW Rail,
Llandeilo,8654,7242,10,15906,2318,0,Swansea,2400,,,,,4248,LLL,Wales,TfW Rail,
Llandovery,8242,5460,0,13702,2340,0,Swansea,2562,,,,,4059,LLV,Wales,TfW Rail,
Llandrindod,12602,17636,40,30278,2187,0,Shrewsbury,6332,,,,,4227,LLO,Wales,TfW Rail,
Llandudno,161044,271402,23606,456052,911,0,Llandudno Junction,75638,,,,,2484,LLD,Wales,TfW Rail,
Llandudno Junction,116310,257712,23100,397122,987,161394,Llandudno,75638,,,,,2485,LLJ,Wales,TfW Rail,
Llandybie,4524,3958,122,8604,2386,0,Swansea,2846,,,,,4247,LLI,Wales,TfW Rail,
Llanelli,135822,217838,39022,392682,988,23059,Swansea,149520,,,,,4133,LLE,Wales,TfW Rail,
Llanfairfechan,13418,22958,1276,37652,2142,0,Bangor (Gwynedd),11786,,,,,2488,LLF,Wales,TfW Rail,
Llanfairpwll,14674,20970,3006,38650,2134,0,Bangor (Gwynedd),9204,,,,,2467,LPG,Wales,TfW Rail,
Llangadog,2532,1484,0,4016,2458,0,Swansea,910,,,,,4060,LLG,Wales,TfW Rail,
Llangammarch,1412,744,0,2156,2495,0,Llandrindod,784,,,,,4162,LLM,Wales,TfW Rail,
Llangennech,1988,2314,20,4322,2452,0,Swansea,1602,,,,,4138,LLH,Wales,TfW Rail,
Llangynllo,410,342,0,752,2556,0,Knighton,190,,,,,4207,LGO,Wales,TfW Rail,
Llanharan,75740,29246,20106,125092,1644,0,Cardiff Central,79182,,,,,9925,LLR,Wales,TfW Rail,
Llanhilleth,74280,7428,12310,94018,1792,0,Cardiff Central,51064,,,,Increase in services from December 2024,9916,LTH,Wales,TfW Rail,
Llanishen,168322,13332,44146,225800,1319,0,Cardiff Central,80106,,,,,3847,LLS,Wales,TfW Rail,
Llanrwst,14214,13390,0,27604,2212,0,Llandudno,10904,,,,,2457,LWR,Wales,TfW Rail,
Llansamlet,12906,22726,2852,38484,2135,0,Swansea,12488,Season,,,Increase in services from December 2024,4223,LAS,Wales,TfW Rail,
Llantwit Major,157602,52418,55784,265804,1225,0,Cardiff Central,97720,,,,,9699,LWM,Wales,TfW Rail,
Llanwrda,730,456,0,1186,2530,0,Swansea,160,,,,,4061,LNR,Wales,TfW Rail,
Llanwrtyd,2924,2376,0,5300,2439,0,Llandrindod,920,,,,,4163,LNW,Wales,TfW Rail,
Llwyngwril,11358,11590,15832,38780,2133,0,Tywyn,18980,,,,,4421,LLW,Wales,TfW Rail,
Llwynypia,41160,2172,9808,53140,2023,0,Cardiff Central,15292,,,,Rhondda Line was closed between April 2023 and February 2024,3852,LLY,Wales,TfW Rail,
Loch Awe,3766,1266,1134,6166,2425,0,Oban,3740,AutoTOD,,,,8712,LHA,Scotland,ScotRail,
Loch Eil Outward Bound,4510,784,0,5294,2440,0,Glenfinnan,2008,AutoTOD,,,,8846,LHE,Scotland,ScotRail,
Lochailort,1716,722,0,2438,2490,0,Fort William,1020,AutoTOD,,,,8829,LCL,Scotland,ScotRail,
Locheilside,320,142,0,462,2565,0,Mallaig,164,AutoTOD,,,,8830,LCS,Scotland,ScotRail,
Lochgelly,24982,29228,3208,57418,1995,0,Edinburgh,28698,CS,,,,9156,LCG,Scotland,ScotRail,
Lochluichart,370,54,0,424,2567,0,Dingwall,178,,,,,8660,LCC,Scotland,ScotRail,
Lochwinnoch,45500,69648,19446,134594,1594,0,Glasgow Central,73976,"PTE, CS",Strathclyde,,,9655,LHW,Scotland,ScotRail,
Lockerbie,19514,188490,2844,210848,1366,0,Edinburgh,66714,,,,,9614,LOC,Scotland,ScotRail,
Lockwood,9886,26246,11524,47656,2063,0,Leeds,10340,PTE,West Yorkshire,,,8443,LCK,Yorkshire and The Humber,Northern Trains,
London Blackfriars,5550722,7724618,1917748,15193088,29,2234915,Brighton,1320580,"Group, London, EL",,,,5112,BFR,London,Govia Thameslink Railway (Thameslink),LONDON BR
London Bridge,17233582,28084008,9368058,54685648,5,6980031,East Croydon,3063708,"Group, London, Same OD, CPAY",,,,5148,LBG,London,Network Rail,LONDON BR
London Cannon Street,3696786,2320644,1490542,7507972,64,258224,Lewisham,316858,"Group, Same OD, CPAY",,,,5142,CST,London,Network Rail,LONDON BR
London Charing Cross,5425312,11337910,3004562,19767784,23,315874,London Bridge,1281250,"Group, London, CPAY",,,,5143,CHX,London,Network Rail,LONDON BR
London Euston,5155132,32611086,2482756,40248974,10,2432912,Milton Keynes Central,3746734,"Group, CS, CPAY",,,,1444,EUS,London,Network Rail,LONDON BR
London Fenchurch Street,5404074,3655110,1803446,10862630,45,843565,Upminster,1272914,"Group, CPAY",,,,7490,FST,London,c2c,LONDON BR
London Fields,609292,1135794,166260,1911346,296,0,London Liverpool Street,826050,"Same OD, EL",,,,6966,LOF,London,London Overground,
London Kings Cross,2200682,23981176,1545250,27727108,14,1552750,Cambridge,2900308,"Group, Same OD, EL",,,,6121,KGX,London,Network Rail,LONDON BR
London Liverpool Street,35286688,50038262,12690708,98015658,1,6534549,Tottenham Court Road,8699014,"Group, Same OD, EL, CPAY",,,,6965,LST,London,Network Rail,LONDON BR
London Marylebone,3073274,7148930,1550688,11772892,40,1036405,High Wycombe,1439626,"Group, Same OD, CPAY",,,,1475,MYB,London,Chiltern Railways,LONDON BR
London Paddington,18153760,45604450,6138874,69897084,3,3848407,Tottenham Court Road,7219052,"Group, London, HEx, Same OD, EL, CPAY",,,,3087,PAD,London,Network Rail,LONDON BR
London Road (Brighton),132156,223586,35984,391726,989,0,Falmer,122566,Other,,,,5281,LRB,South East,Govia Thameslink Railway (Southern),
London Road (Guildford),269582,478340,120972,868894,606,0,London Waterloo,115816,Counts,,,,5632,LRD,South East,South Western Railway,
London St Pancras International,8706410,24340754,5795608,38842772,11,2741892,St Albans City,2067040,"Group, London, Same OD",,,,1555,STP,London,Network Rail,LONDON BR
London Victoria,15611522,29692306,8480530,53784358,6,3232110,Gatwick Airport,5455484,"Group, CPAY",,,,5426,VIC,London,Network Rail,LONDON BR
London Waterloo,23538702,35973920,10876924,70389546,2,4464632,Clapham Junction,3752812,"Group, Same OD, CPAY",,,,5598,WAT,London,Network Rail,LONDON BR
London Waterloo East,2048474,3701036,1091492,6841002,72,802753,London Bridge,641826,"Group, London, Same OD, CPAY",,,,5158,WAE,London,Southeastern,LONDON BR
Long Buckby,62604,214328,53400,330332,1111,0,London Euston,90592,,,,,1067,LBK,East Midlands,West Midlands Trains (London Northwestern Railway),
Long Eaton,343030,247430,61332,651792,754,11535,Nottingham,156382,,,,,1829,LGE,East Midlands,East Midlands Railway,
Long Preston,3948,12790,1476,18214,2295,460,Leeds,5482,,,,,2657,LPR,Yorkshire and The Humber,Northern Trains,
Longbeck,12724,39074,6548,58346,1990,0,Middlesbrough,21608,,,,,7978,LGK,North East,Northern Trains,
Longbridge,278030,361388,252280,891698,592,0,Birmingham New Street,461558,PTE,West Midlands,,,1110,LOB,West Midlands,West Midlands Trains (West Midlands Railway),
Longcross,47980,29476,7464,84920,1829,0,London Waterloo,27400,,,,,5674,LNG,South East,South Western Railway,
Longfield,125304,200064,113574,438942,933,0,London Victoria,271450,,,,,5114,LGF,South East,Southeastern,
Longniddry,101908,93972,9320,205200,1386,0,Edinburgh,159646,CS,,,,9354,LND,Scotland,ScotRail,
Longport,46108,18764,14370,79242,1865,0,Stoke-On-Trent,21338,,,,,1305,LPT,West Midlands,East Midlands Railway,
Longton,46820,26652,7754,81226,1857,0,Stoke-On-Trent,23702,,,,,1306,LGN,West Midlands,East Midlands Railway,
Looe,53428,62454,3718,119600,1675,0,Liskeard,50104,,,,,3574,LOO,South West,Great Western Railway,
Lostock,103220,124598,58090,285908,1186,0,Manchester Piccadilly,76174,PTE,Greater Manchester,,,2598,LOT,North West,Northern Trains,
Lostock Gralam,14078,25946,20672,60696,1979,0,Greenbank,16282,,,,,2307,LTG,North West,Northern Trains,
Lostock Hall,6416,13824,4126,24366,2238,0,Preston (Lancs),6992,,,,,2689,LOH,North West,Northern Trains,
Lostwithiel,23194,53572,17418,94184,1790,0,Truro,21048,,,,,3517,LOS,South West,Great Western Railway,
Loughborough,334562,933392,153832,1421786,390,13159,Leicester,318452,,,,,1897,LBO,East Midlands,East Midlands Railway,
Loughborough Junction,432844,598054,202742,1233640,453,0,London Blackfriars,185596,,,,,5082,LGJ,London,Govia Thameslink Railway (Thameslink),
Low Moor,103762,149182,39434,292378,1173,0,Leeds,117922,PTE,West Yorkshire,,,8416,LMR,Yorkshire and The Humber,Northern Trains,
Lowdham,41024,8334,5826,55184,2009,0,Nottingham,26808,,,,,6202,LOW,East Midlands,East Midlands Railway,
Lower Sydenham,252098,403610,130894,786602,660,0,London Bridge,294482,"Same OD, EL",,,,5053,LSY,London,Southeastern,
Lowestoft,110132,319072,38952,468156,899,9861,Norwich,165404,Other,,,,7268,LWT,East of England,Greater Anglia,
Ludlow,98096,132810,40194,271100,1215,477,Hereford,85464,,,,,3635,LUD,West Midlands,TfW Rail,
Luton,686656,2616284,363026,3665966,149,73669,London St Pancras International,1445282,,,,,1536,LUT,East of England,Govia Thameslink Railway (Thameslink),
Luton Airport Parkway,1615364,2959764,165614,4740742,112,7632,London St Pancras International,2033480,,,,,3645,LTN,East of England,Govia Thameslink Railway (Thameslink),
Luxulyan,1044,2152,0,3196,2480,0,Newquay,1062,,,,,3518,LUX,South West,Great Western Railway,
Lydney,86472,93064,14492,194028,1416,0,Cardiff Central,52588,,,,,4826,LYD,South West,TfW Rail,
Lye (West Midlands),23100,30536,27488,81124,1858,0,Birmingham Moor Street,24106,PTE,West Midlands,,,4640,LYE,West Midlands,West Midlands Trains (West Midlands Railway),
Lymington Pier,18244,69514,13012,100770,1751,0,Brockenhurst,21448,,,,,5892,LYP,South East,South Western Railway,
Lymington Town,56466,158068,27506,242040,1272,0,Brockenhurst,55468,,,,,5887,LYT,South East,South Western Railway,
Lympstone Commando,25870,61106,20,86996,1821,0,Exeter Central,58994,,,,,5762,LYC,South West,Great Western Railway,
Lympstone Village,52548,34146,6300,92994,1797,0,Exeter Central,29098,,,,,5761,LYM,South West,Great Western Railway,
Lytham,18120,104320,5664,128104,1632,0,Preston (Lancs),30710,,,,,2670,LTM,North West,Northern Trains,
Macclesfield,292706,1112038,81664,1486408,372,8728,Manchester Piccadilly,669450,PTE,,,,2871,MAC,North West,Avanti West Coast,
Machynlleth,50360,77002,850,128212,1631,68832,Aberystwyth,27254,Other,,,,4422,MCN,Wales,TfW Rail,
Maesteg,114238,11914,30010,156162,1529,0,Cardiff Central,63358,,,,,3963,MST,Wales,TfW Rail,
Maesteg (Ewenny Road),13654,1400,2422,17476,2303,0,Cardiff Central,6588,,,Possible overestimate. Estimates likely to be artificially high due to end of fare zone issues,,3962,MEW,Wales,TfW Rail,
Maghull,223844,892082,183746,1299672,430,0,Liverpool Central,559028,PTE,Merseyside,,,2155,MAG,North West,Merseyrail,
Maghull North,165576,358964,88970,613510,777,0,Old Roan,152896,PTE,Merseyside,,,6576,MNS,North West,Merseyrail,
Maiden Newton,6270,15390,222,21882,2265,0,Dorchester West,5558,,,,,5853,MDN,South West,Great Western Railway,
Maidenhead,1559420,2569532,721154,4850106,108,644539,London Paddington,1699538,"Same OD, EL",,,,3147,MAI,South East,Great Western Railway,
Maidstone Barracks,74212,125184,75598,274994,1208,4295,Strood (Kent),30504,"Group, Counts, ODM Counts",,,Counts 2024-25,5237,MDB,South East,Southeastern,MAIDSTONE BR
Maidstone East,466182,786370,474878,1727430,323,28955,London Victoria,376692,"Group, Counts, ODM Counts",,,Counts 2024-25,5115,MDE,South East,Southeastern,MAIDSTONE BR
Maidstone West,151514,255578,154340,561432,817,71567,Strood (Kent),62288,"Group, Counts, ODM Counts",,,Counts 2024-25,5222,MDW,South East,Southeastern,MAIDSTONE BR
Malden Manor,190224,205540,88242,484006,881,0,London Waterloo,193886,"Same OD, EL",,,,5599,MAL,London,South Western Railway,
Mallaig,45178,45298,0,90476,1806,0,Fort William,58268,AutoTOD,,,,8831,MLG,Scotland,ScotRail,
Malton,62100,272260,41262,375622,1026,0,York,183622,,,,,8164,MLT,Yorkshire and The Humber,TransPennine Express,
Malvern Link,123416,121274,75982,320672,1124,14831,Worcester Foregate Street,71258,PTE,,,,4884,MVL,West Midlands,West Midlands Trains (West Midlands Railway),
Manchester Airport,974410,4382024,161650,5518084,93,21499,Manchester Piccadilly,1479290,PTE,Greater Manchester,,,2961,MIA,North West,TransPennine Express,
Manchester Oxford Road,1302074,4507546,582994,6392614,78,957922,Liverpool Lime Street,684634,"Group, Counts",Greater Manchester,,Counts 2024-25,2966,MCO,North West,Northern Trains,MANCHESTER BR
Manchester Piccadilly,5581272,19321368,2498970,27401610,15,2144028,London Euston,3563372,"Group, Counts",Greater Manchester,,Counts 2024-25,2968,MAN,North West,Network Rail,MANCHESTER BR
Manchester Victoria,1706568,5907832,764102,8378502,57,1183890,Leeds,1074260,"Group, Counts",Greater Manchester,,Counts 2024-25,2970,MCV,North West,Northern Trains,MANCHESTER BR
Manea,13274,11830,4604,29708,2192,0,Cambridge,7940,,,,,7165,MNE,East of England,Greater Anglia,
Manningtree,213688,589290,240426,1043404,515,248801,London Liverpool Street,552748,,,,,6856,MNG,East of England,Greater Anglia,
Manor Park,1173712,2480138,772842,4426692,124,0,Stratford (London),947118,EL,,,,6883,MNP,London,Elizabeth line,
Manor Road,85582,180142,27766,293490,1168,0,Liverpool Central,54294,PTE,Merseyside,,,2253,MNR,North West,Merseyrail,
Manorbier,3620,6276,0,9896,2368,0,Tenby,4976,,,,,4094,MRB,Wales,TfW Rail,
Manors,11362,50782,1770,63914,1953,0,Durham,23142,,Tyne & Wear,,Northumberland line reopened December 2024,7603,MAS,North East,Northern Trains,
Mansfield,165292,134324,23796,323412,1119,0,Nottingham,138044,,,,,1727,MFT,East Midlands,East Midlands Railway,
Mansfield Woodhouse,64248,43140,15158,122546,1657,0,Nottingham,76148,,,,,1728,MSW,East Midlands,East Midlands Railway,
March,115308,195310,63114,373732,1029,64,Peterborough,125592,,,,,7166,MCH,East of England,Greater Anglia,
Marden (Kent),92450,251126,142248,485824,879,0,London Bridge,174626,,,,,5223,MRN,South East,Southeastern,
Margate,179818,945484,162028,1287330,434,9245,London St Pancras International,416474,,,,,5018,MAR,South East,Southeastern,
Market Harborough,127926,643884,171658,943468,566,0,London St Pancras International,447496,,,,,1909,MHR,East Midlands,East Midlands Railway,
Market Rasen,19324,42892,2946,65162,1945,0,Lincoln,39892,,,,,6318,MKR,East Midlands,East Midlands Railway,
Markinch,92920,135736,6554,235210,1285,0,Edinburgh,115690,CS,,,,9160,MNC,Scotland,ScotRail,
Marks Tey,164496,154412,155444,474352,892,339446,London Liverpool Street,223568,,,,,6863,MKT,East of England,Greater Anglia,
Marlow,105856,193460,62134,361450,1052,0,London Paddington,88826,,,,,3021,MLW,South East,Great Western Railway,
Marple,141024,95182,89544,325750,1116,0,Manchester Piccadilly,244460,PTE,Greater Manchester,,,2830,MPL,North West,Northern Trains,
Marsden (Yorks),94148,97656,28780,220584,1337,0,Manchester Piccadilly,55964,PTE,West Yorkshire,,,8445,MSN,Yorkshire and The Humber,Northern Trains,
Marsh Barton,46292,51698,10858,108848,1722,0,Exmouth,12330,,,,Opened in 2023-24,7779,MBT,South West,Great Western Railway,
Marske,10136,44138,8634,62908,1961,0,Middlesbrough,20726,,,,,7928,MSK,North East,Northern Trains,
Marston Green,166464,257604,165192,589260,801,0,Birmingham New Street,385796,PTE,West Midlands,,,1034,MGN,West Midlands,West Midlands Trains (West Midlands Railway),
Martin Mill,9322,36314,22422,68058,1928,0,London St Pancras International,21792,,,,,5040,MTM,South East,Southeastern,
Martins Heron,132228,237924,62788,432940,943,0,London Waterloo,155510,,,,,5692,MAO,South East,South Western Railway,
Marton,6272,23536,2414,32222,2177,0,Middlesbrough,6784,,,,,7947,MTO,North East,Northern Trains,
Maryhill,31200,38790,15604,85594,1827,0,Glasgow Queen Street,43026,"PTE, CS",Strathclyde,,,9957,MYH,Scotland,ScotRail,
Maryland,1177240,2266716,611484,4055440,135,0,Stratford (London),668978,EL,,,,6970,MYL,London,Elizabeth line,
Maryport,25430,80506,11222,117158,1685,0,Carlisle,40628,,,,,1988,MRY,North West,Northern Trains,
Matlock,63410,156140,7462,227012,1313,0,Derby,71968,Other,,,,1581,MAT,East Midlands,East Midlands Railway,
Matlock Bath,19766,62464,1360,83590,1837,0,Derby,23854,Other,,,,1582,MTB,East Midlands,East Midlands Railway,
Mauldeth Road,80292,209166,28606,318064,1130,0,Manchester Piccadilly,151340,PTE,Greater Manchester,,,2867,MAU,North West,Northern Trains,
Maxwell Park,37862,64704,13884,116450,1688,0,Glasgow Central,83312,"PTE, CS",Strathclyde,,,9802,MAX,Scotland,ScotRail,
Maybole,12512,20826,1720,35058,2156,0,Ayr,17156,"PTE, CS",Strathclyde,,,9529,MAY,Scotland,ScotRail,
Maze Hill,486190,744504,167210,1397904,400,0,London Bridge,385924,Same OD,,,,5149,MZH,London,Southeastern,
Meadowhall,462010,1260834,187994,1910838,297,48761,Sheffield,435736,PTE,South Yorkshire,,,6663,MHS,Yorkshire and The Humber,Northern Trains,
Meldreth,91396,94120,60330,245846,1264,0,Cambridge,140854,,,,,7036,MEL,East of England,Govia Thameslink Railway (Great Northern),
Melksham,26582,29496,4852,60930,1977,0,Swindon (Wilts),13176,,,,,3346,MKM,South West,Great Western Railway,
Melton (Suffolk),26102,55204,7776,89082,1810,0,London Liverpool Street,27878,,,,,7221,MES,East of England,Greater Anglia,
Melton Mowbray,82708,158528,15898,257134,1244,0,Leicester,105828,,,,,1851,MMO,East Midlands,East Midlands Railway,
Menheniot,1660,3174,1398,6232,2423,0,Plymouth,3408,,,,,3576,MEN,South West,Great Western Railway,
Menston,233852,199984,224424,658260,751,0,Leeds,339436,PTE,West Yorkshire,,,8574,MNN,Yorkshire and The Humber,Northern Trains,
Meols,146810,227032,40322,414164,966,0,Liverpool Central,86002,PTE,Merseyside,,,2254,MEO,North West,Merseyrail,
Meols Cop,34540,32818,11282,78640,1869,0,Manchester Piccadilly,16576,PTE,Merseyside,,,2357,MEC,North West,Northern Trains,
Meopham,88428,104532,65768,258728,1236,0,London Victoria,149742,,,,,5116,MEP,South East,Southeastern,
Meridian Water,123388,326628,44338,494354,866,0,Stratford (London),183296,"Same OD, EL",,,,6599,MRW,London,Greater Anglia,
Merryton,25178,40076,9218,74472,1892,0,Glasgow Central,36024,"PTE, CS",Strathclyde,,,9705,MEY,Scotland,ScotRail,
Merstham,280700,322294,141454,744448,683,0,London Bridge,154472,,,,,5475,MHM,South East,Govia Thameslink Railway (Southern),
Merthyr Tydfil,299772,30306,82892,412970,968,0,Cardiff Central,129504,,,,,3855,MER,Wales,TfW Rail,
Merthyr Vale,40576,2212,17132,59920,1983,0,Merthyr Tydfil,26928,Season,,,,3857,MEV,Wales,TfW Rail,
Metheringham,48634,16374,16922,81930,1852,0,Lincoln,48244,,,,,6297,MGM,East Midlands,East Midlands Railway,
MetroCentre,83568,485700,63054,632322,766,0,Newcastle,346054,PTE,Tyne & Wear,,,7725,MCE,North East,Northern Trains,
Mexborough,41502,100816,27910,170228,1483,0,Doncaster,55884,PTE,South Yorkshire,,,6707,MEX,Yorkshire and The Humber,Northern Trains,
Micheldever,23824,75908,31820,131552,1606,0,London Waterloo,67006,,,,,5908,MIC,South East,South Western Railway,
Micklefield,66902,102644,50818,220364,1339,2024,Leeds,124630,PTE,West Yorkshire,,,8477,MIK,Yorkshire and The Humber,Northern Trains,
Middlesbrough,233030,1160468,149728,1543226,359,86879,Newcastle,178826,,,,,7929,MBR,North East,TransPennine Express,
Middlewood,3962,15344,1972,21278,2271,0,Manchester Piccadilly,7004,PTE,Greater Manchester,,,2971,MDL,North West,Northern Trains,
Midgham,8292,28218,7528,44038,2090,0,Reading,15178,,,,,3159,MDG,South East,Great Western Railway,
Milford (Surrey),77230,72274,44396,193900,1418,0,London Waterloo,110630,,,,,5644,MLF,South East,South Western Railway,
Milford Haven,19580,35880,470,55930,2003,0,Haverfordwest,9642,,,,,4095,MFH,Wales,TfW Rail,
Mill Hill (Lancs),18458,30196,11830,60484,1981,0,Preston (Lancs),13724,,,,,2750,MLH,North West,Northern Trains,
Mill Hill Broadway,713624,885768,275468,1874860,304,125,West Hampstead Thameslink,264310,,,,,1527,MIL,London,Govia Thameslink Railway (Thameslink),
Millbrook (Bedfordshire),4918,3402,962,9282,2378,0,Bedford,4064,,,,Marston Vale Line full timetable resumed February 2024 after 14 months partial service,1537,MLB,East of England,West Midlands Trains (London Northwestern Railway),
Millbrook (Hants),10124,19246,7076,36446,2149,0,Southampton Central,9194,,,,,5909,MBK,South East,South Western Railway,
Milliken Park,62656,102526,30892,196074,1408,0,Glasgow Central,94574,"PTE, CS",Strathclyde,,,9658,MIN,Scotland,ScotRail,
Millom,48764,105322,32568,186654,1436,0,Barrow-In-Furness,89150,,,,,1997,MLM,North West,Northern Trains,
Mills Hill (Manchester),74504,183756,45600,303860,1153,0,Manchester Victoria,179280,PTE,Greater Manchester,,,2920,MIH,North West,Northern Trains,
Milngavie,261552,435676,65770,762998,670,0,Glasgow Queen Street,234348,"PTE, CS",Strathclyde,,,9985,MLN,Scotland,ScotRail,
Milton Keynes Central,1125274,4369176,605150,6099600,83,240791,London Euston,3746734,,,,,1378,MKC,South East,West Midlands Trains (London Northwestern Railway),
Minffordd,3954,4132,10088,18174,2296,0,Harlech,9872,,,,,4469,MFF,Wales,TfW Rail,
Minster,24668,41428,25336,91432,1802,1918,Canterbury West,26890,,,,,5019,MSR,South East,Southeastern,
Mirfield,116804,192152,55156,364112,1043,43652,Leeds,160816,PTE,West Yorkshire,,,8518,MIR,Yorkshire and The Humber,Northern Trains,
Mistley,15564,24140,24072,63776,1954,0,London Liverpool Street,16008,,,,,6906,MIS,East of England,Greater Anglia,
Mitcham Eastfields,406910,523582,387602,1318094,425,0,London Victoria,380464,Same OD,,,,5069,MTC,London,Govia Thameslink Railway (Southern),
Mitcham Junction,137386,177506,93126,408018,974,0,London Victoria,82788,,,,,5427,MIJ,London,Govia Thameslink Railway (Southern),
Mobberley,5618,12036,4858,22512,2255,0,Manchester Piccadilly,7632,,,,,2849,MOB,North West,Northern Trains,
Monifieth,30718,11696,780,43194,2096,0,Dundee,20970,CS,,,,9060,MON,Scotland,ScotRail,
Monks Risborough,7602,3510,9426,20538,2272,0,Aylesbury,12458,,,,,3067,MRS,South East,Chiltern Railways,
Montpelier,179484,61420,11124,252028,1251,0,Bristol Temple Meads,68202,,,,,3203,MTP,South West,Great Western Railway,
Montrose,119542,176266,21598,317406,1132,0,Aberdeen,76552,CS,,,,9080,MTS,Scotland,ScotRail,
Moorfields,1708768,4084846,836484,6630098,75,851735,Kirkby (Merseyside),205324,"Group, Counts",Merseyside,,,2226,MRF,North West,Merseyrail,LIVERPOOL BR
Moorgate,3167286,4795450,828646,8791382,54,380285,Old Street,1366744,"Group, London, Same OD, EL, CPAY",,,,6005,MOG,London,London Underground,LONDON BR
Moorside,11690,25392,5774,42856,2099,0,Manchester Victoria,17730,PTE,Greater Manchester,,,2799,MSD,North West,Northern Trains,
Moorthorpe,106436,58596,42870,207902,1378,0,Leeds,54548,PTE,West Yorkshire,,,8539,MRP,Yorkshire and The Humber,Northern Trains,
Morar,2972,1318,0,4290,2453,0,Fort William,1362,,,,,8833,MRR,Scotland,ScotRail,
Morchard Road,13346,4440,4068,21854,2266,0,Exeter Central,9568,,,,,5825,MRD,South West,Great Western Railway,
Morden South,26394,31908,17646,75948,1881,0,Wimbledon,14486,,,,,5291,MDS,London,Govia Thameslink Railway (Thameslink),
Morecambe,25892,129708,19350,174950,1472,0,Lancaster,58188,,,,,2695,MCM,North West,Northern Trains,
Moreton (Dorset),14964,61892,1972,78828,1868,0,Weymouth,20700,,,,,5957,MTN,South West,South Western Railway,
Moreton (Merseyside),190244,277208,85316,552768,825,0,Liverpool Central,109592,PTE,Merseyside,,,2151,MRT,North West,Merseyrail,
Moreton-In-Marsh,62736,298948,14120,375804,1025,0,London Paddington,194066,,,,,4814,MIM,South West,Great Western Railway,
Morfa Mawddach,5806,7002,700,13508,2343,0,Barmouth,5262,Other,,,,4470,MFA,Wales,TfW Rail,
Morley,114392,120300,39606,274298,1210,0,Leeds,171922,PTE,West Yorkshire,,,8504,MLY,Yorkshire and The Humber,Northern Trains,
Morpeth,105494,491984,25136,622614,774,1620,Newcastle,272662,,,,,7680,MPT,North East,Northern Trains,
Mortimer,43372,86012,28574,157958,1521,0,London Paddington,43636,,,,,5501,MOR,South East,Great Western Railway,
Mortlake,618192,715888,212558,1546638,358,0,London Waterloo,632536,"Same OD, EL",,,,5600,MTL,London,South Western Railway,
Moses Gate,12048,17846,7034,36928,2145,0,Manchester Victoria,15594,PTE,Greater Manchester,,,2606,MSS,North West,Northern Trains,
Moss Side,1162,3616,0,4778,2447,0,Lytham,1072,,,,,2675,MOS,North West,Northern Trains,
Mossley (Manchester),121252,75398,63638,260288,1233,0,Manchester Piccadilly,178566,PTE,Greater Manchester,,,2903,MSL,North West,Northern Trains,
Mossley Hill,82368,67328,49528,199224,1399,0,Liverpool Lime Street,117326,PTE,Merseyside,,,2171,MSH,North West,Northern Trains,
Mosspark,43436,72346,14188,129970,1620,0,Glasgow Central,86530,"PTE, CS",Strathclyde,,,9632,MPK,Scotland,ScotRail,
Moston,22370,68954,14636,105960,1735,0,Manchester Victoria,49614,PTE,Greater Manchester,,,2973,MSO,North West,Northern Trains,
Motherwell,360406,597140,91484,1049030,514,100406,Glasgow Central,371618,CS,Strathclyde,,,9691,MTH,Scotland,ScotRail,
Motspur Park,301872,384132,136368,822372,635,7759,London Waterloo,303578,"Same OD, EL",,,,5645,MOT,London,South Western Railway,
Mottingham,444362,609818,320500,1374680,407,0,London Bridge,430690,Same OD,,,,5118,MTG,London,Southeastern,
Mottisfont and Dunbridge,5570,17746,5516,28832,2200,0,Salisbury,8120,,,,,5944,DBG,South East,South Western Railway,
Mouldsworth,9186,14406,2312,25904,2228,0,Chester,12448,,,,,2158,MLD,North West,Northern Trains,
Moulsecoomb,151122,240082,53382,444586,925,0,Brighton,114302,Other,,,,5312,MCB,South East,Govia Thameslink Railway (Southern),
Mount Florida,409762,655858,119086,1184706,465,5394,Glasgow Central,756964,"PTE, CS",Strathclyde,,,9819,MFL,Scotland,ScotRail,
Mount Vernon,22872,34086,6586,63544,1955,0,Glasgow Central,25504,"PTE, CS",Strathclyde,,,9779,MTV,Scotland,ScotRail,
Mountain Ash,100930,6324,23494,130748,1615,0,Cardiff Central,41462,Season,,,,3859,MTA,Wales,TfW Rail,
Muir Of Ord,36036,7240,2726,46002,2078,0,Inverness,35324,CS,,,,8665,MOO,Scotland,ScotRail,
Muirend,120670,186166,29784,336620,1103,0,Glasgow Central,237274,"PTE, CS",Strathclyde,,,9608,MUI,Scotland,ScotRail,
Musselburgh,260082,170984,30026,461092,907,0,Edinburgh,323464,CS,,,,9304,MUB,Scotland,ScotRail,
Mytholmroyd,79422,81458,34940,195820,1411,0,Manchester Victoria,36344,PTE,West Yorkshire,,,8526,MYT,Yorkshire and The Humber,Northern Trains,
Nafferton,3658,30774,6376,40808,2116,0,Hull,9676,,,,,8107,NFN,Yorkshire and The Humber,Northern Trains,
Nailsea and Backwell,172164,208224,95924,476312,890,0,Bristol Temple Meads,119782,,,,,3389,NLS,South West,Great Western Railway,
Nairn,49226,83676,4988,137890,1583,0,Inverness,85972,CS,,,,8666,NRN,Scotland,ScotRail,
Nantwich,105336,99488,18572,223396,1327,0,Manchester Piccadilly,59494,,,,,1247,NAN,North West,TfW Rail,
Narberth,6308,16158,26,22492,2256,0,Tenby,4828,,,,,4098,NAR,Wales,TfW Rail,
Narborough,104224,134220,55230,293674,1167,0,Leicester,97214,PTE,,,,1881,NBR,East Midlands,East Midlands Railway,
Navigation Road,36836,40386,19276,96498,1777,0,Stockport,30412,PTE,Greater Manchester,,,2940,NVR,North West,Northern Trains,
Neath,427092,353202,58484,838778,626,0,Swansea,220520,,,,,4216,NTH,Wales,TfW Rail,
Needham Market,53806,52828,22954,129588,1624,0,Ipswich,49634,,,,,7354,NMT,East of England,Greater Anglia,
Neilston,65796,131258,178940,375994,1023,0,Glasgow Central,154320,"PTE, CS",Strathclyde,,,9773,NEI,Scotland,ScotRail,
Nelson,41540,52084,20156,113780,1700,0,Blackburn,22138,,,,,2565,NEL,North West,Northern Trains,
Neston,33588,6914,702,41204,2114,0,Shotton,8440,,,,,2139,NES,North West,TfW Rail,
Netherfield,4834,2850,2316,10000,2367,0,Nottingham,2316,,,,,6241,NET,East Midlands,East Midlands Railway,
Nethertown,128,1206,0,1334,2518,0,Whitehaven,578,,,,,2047,NRT,North West,Northern Trains,
Netley,24370,44808,13272,82450,1843,0,Southampton Central,18682,,,,,5911,NTL,South East,South Western Railway,
New Barnet,512630,591758,168372,1272760,439,0,Finsbury Park,320600,EL,,,,6018,NBA,London,Govia Thameslink Railway (Great Northern),
New Beckenham,274586,376314,70284,721184,695,0,London Bridge,300034,Same OD,,,,5058,NBC,London,Southeastern,
New Brighton,307752,726108,158374,1192234,462,0,Liverpool Central,284826,PTE,Merseyside,,,2152,NBN,North West,Merseyrail,
New Clee,960,984,1606,3550,2472,0,Grimsby Docks,830,,,,,6289,NCE,Yorkshire and The Humber,East Midlands Railway,
New Cross,985218,1657922,537704,3180844,167,469891,Canada Water,625552,EL,,,,5150,NWX,London,Southeastern,
New Cross Gate,1136494,2699746,713930,4550170,120,129133,Canada Water,1338746,EL,,,,5345,NXG,London,London Overground,
New Cumnock,7776,13944,1302,23022,2248,0,Kilmarnock,5976,"PTE, CS",Strathclyde,,,9533,NCK,Scotland,ScotRail,
New Eltham,793988,917950,326282,2038220,283,0,London Bridge,687432,Same OD,,,,5119,NEH,London,Southeastern,
New Holland,3652,5794,908,10354,2363,0,Barton-On-Humber,5496,,,,,6209,NHL,Yorkshire and The Humber,East Midlands Railway,
New Hythe,56018,59052,69378,184448,1445,0,Maidstone West,37036,,,,,5238,NHE,South East,Southeastern,
New Lane,692,1438,10,2140,2496,0,Southport,960,,,,,2358,NLN,North West,Northern Trains,
New Malden,978390,1574806,523948,3077144,175,33976,London Waterloo,1128786,"Same OD, EL",,,,5567,NEM,London,South Western Railway,
New Mills Central,38274,69882,54240,162396,1512,2082,Manchester Piccadilly,94268,PTE,,,,2974,NMC,East Midlands,Northern Trains,
New Mills Newtown,37726,116024,58652,212402,1359,0,Manchester Piccadilly,92588,PTE,,,,2769,NMN,East Midlands,Northern Trains,
New Milton,129566,371342,54170,555078,823,0,Bournemouth,102860,,,,,5881,NWM,South East,South Western Railway,
New Pudsey,360176,310050,118798,789024,657,0,Leeds,449688,PTE,West Yorkshire,,,8506,NPD,Yorkshire and The Humber,Northern Trains,
New Southgate,398916,399584,121892,920392,579,0,Finsbury Park,197734,"Same OD, EL",,,,6019,NSG,London,Govia Thameslink Railway (Great Northern),
Newark Castle,129358,433274,55942,618574,776,33213,Nottingham,261966,"Group, Counts, ODM Counts",,,,6498,NCT,East Midlands,East Midlands Railway,NEWARK BR
Newark Northgate,225600,755634,97566,1078800,502,141774,London Kings Cross,605880,"Group, Counts, ODM Counts",,,,6499,NNG,East Midlands,London North Eastern Railway,NEWARK BR
Newbridge,116656,9914,26170,152740,1542,0,Cardiff Central,90618,,,,Increase in services from December 2024,9919,NBE,Wales,TfW Rail,
Newbury,328416,958432,251810,1538658,360,130672,London Paddington,696944,,,,,3074,NBY,South East,Great Western Railway,
Newbury Racecourse,20894,82996,10738,114628,1696,0,Reading,32434,,,,,3071,NRC,South East,Great Western Railway,
Newcastle,604434,9580790,362992,10548216,47,428980,London Kings Cross,1587956,PTE,Tyne & Wear,,,7728,NCL,North East,London North Eastern Railway,
Newcourt,121100,21138,12534,154772,1535,0,Exeter Central,64124,,,,,9589,NCO,South West,Great Western Railway,
Newcraighall,115380,110744,7228,233352,1288,0,Edinburgh,176796,CS,,,,8808,NEW,Scotland,ScotRail,
Newhaven Harbour,7394,11086,9454,27934,2208,0,Newhaven Town,6828,Other,,,,5330,NVH,South East,Govia Thameslink Railway (Southern),
Newhaven Town,124362,209268,96930,430560,948,0,Lewes,170234,Other,,,,5331,NVN,South East,Govia Thameslink Railway (Southern),
Newington,40768,50472,49548,140788,1574,0,London Victoria,29148,,,,,5175,NGT,South East,Southeastern,
Newmarket,134286,169826,70044,374156,1028,0,Cambridge,184722,,,,,7038,NMK,East of England,Greater Anglia,
Newport (Essex),55762,69924,80326,206012,1383,0,London Liverpool Street,60154,,,,,7039,NWE,East of England,Greater Anglia,
Newport (South Wales),1251652,1364038,201782,2817472,196,563224,Cardiff Central,1065106,,,,,3674,NWP,Wales,TfW Rail,
Newquay,2176,122712,646,125534,1641,0,London Paddington,24276,,,,,3523,NQY,South West,Great Western Railway,
Newsham,1832,12688,1056,15576,2320,0,Newcastle,13942,,Tyne & Wear,,New Station,7668,NWH,North East,Northern Trains,
Newstead,20732,7430,4654,32816,2176,0,Nottingham,17374,,,,,1863,NSD,East Midlands,East Midlands Railway,
Newton (Lanark),204156,312894,92862,609912,784,55407,Glasgow Central,312480,"PTE, CS",Strathclyde,,,9774,NTN,Scotland,ScotRail,
Newton Abbot,216908,915078,202886,1334872,420,514502,Exeter Central,145412,,,,,3426,NTA,South West,Great Western Railway,
Newton Aycliffe,15722,49476,12916,78114,1871,0,Darlington,18572,,,,,7834,NAY,North East,Northern Trains,
Newton For Hyde,56810,49542,33604,139956,1579,0,Manchester Piccadilly,94128,PTE,Greater Manchester,,,2789,NWN,North West,Northern Trains,
Newton St Cyres,5488,1574,586,7648,2400,0,Exeter Central,2790,,,,,5828,NTC,South West,Great Western Railway,
Newtongrange,71258,71304,7400,149962,1545,0,Edinburgh,105212,CS,,,,6929,NEG,Scotland,ScotRail,
Newton-Le-Willows,287888,713530,105142,1106560,491,363013,Liverpool Lime Street,237788,PTE,Merseyside,,,2257,NLW,North West,Northern Trains,
Newtonmore,5456,2978,20,8454,2391,0,Inverness,2662,"CS, AutoTOD",,,,8668,NWR,Scotland,ScotRail,
Newton-On-Ayr,32064,42156,5788,80008,1862,0,Glasgow Central,29320,"PTE, CS",Strathclyde,,,9571,NOA,Scotland,ScotRail,
Newtown (Powys),79192,66188,25986,171366,1482,0,Shrewsbury,74622,,,,,4426,NWT,Wales,TfW Rail,
Ninian Park,113268,5940,36838,156046,1531,0,Cardiff Central,31596,,,,Rhondda Line was closed between April 2023 and February 2024,3895,NNP,Wales,TfW Rail,
Nitshill,46838,61948,22572,131358,1610,0,Glasgow Central,81442,"PTE, CS",Strathclyde,,,9609,NIT,Scotland,ScotRail,
Norbiton,821258,1116156,332406,2269820,262,0,London Waterloo,849656,"Same OD, EL",,,,5568,NBT,London,South Western Railway,
Norbury,697078,984078,667610,2348766,245,0,London Victoria,663122,,,,,5428,NRB,London,Govia Thameslink Railway (Southern),
Normans Bay,6768,13992,1730,22490,2257,0,Eastbourne,5338,,,,,5460,NSB,South East,Govia Thameslink Railway (Southern),
Normanton,96594,68768,36660,202022,1393,0,Leeds,120822,PTE,West Yorkshire,,,8528,NOR,Yorkshire and The Humber,Northern Trains,
North Berwick,223882,317090,25270,566242,814,0,Edinburgh,436682,CS,,,,9358,NBW,Scotland,ScotRail,
North Camp,77534,152236,21482,251252,1254,0,Guildford,77322,,,,,5636,NCM,South East,Great Western Railway,
North Dulwich,284818,347060,98788,730666,690,0,London Bridge,315002,Same OD,,,,5429,NDL,London,Govia Thameslink Railway (Southern),
North Fambridge,29344,18350,21880,69574,1916,0,London Liverpool Street,40020,,,,,6875,NFA,East of England,Greater Anglia,
North Llanrwst,2230,2142,20,4392,2451,0,Llandudno,1324,,,,,2455,NLR,Wales,TfW Rail,
North Queensferry,48506,68202,4812,121520,1665,0,Edinburgh,68544,CS,,,,9189,NQU,Scotland,ScotRail,
North Road (Darlington),10982,31882,8384,51248,2034,0,Middlesbrough,11592,,,,,7895,NRD,North East,Northern Trains,
North Sheen,141810,150970,49240,342020,1091,0,London Waterloo,121444,"Same OD, EL",,,,5601,NSH,London,South Western Railway,
North Walsham,71090,128698,27904,227692,1310,0,Norwich,83306,,,,,7308,NWA,East of England,Greater Anglia,
North Wembley,330106,741250,160066,1231422,454,0,Queens Park (London),319370,EL,,,,1422,NWB,London,London Underground,
Northallerton,73078,678964,45724,797766,652,0,York,154024,,,,,7996,NTR,Yorkshire and The Humber,TransPennine Express,
Northampton,458918,2033580,354880,2847378,192,1079,London Euston,1340792,,,,,1069,NMP,East Midlands,West Midlands Trains (London Northwestern Railway),
Northfield,207450,252044,183612,643106,761,0,Birmingham New Street,394146,PTE,West Midlands,,,1111,NFD,West Midlands,West Midlands Trains (West Midlands Railway),
Northfleet,113766,96254,47622,257642,1241,0,Gravesend,84510,,,,,5120,NFL,South East,Southeastern,
Northolt Park,61808,100440,13970,176218,1466,0,London Marylebone,135296,"Same OD, EL",,,,1478,NLT,London,Chiltern Railways,
Northumberland Park,264956,616928,170474,1052358,511,0,Stratford (London),362944,"Same OD, EL",,,,6971,NUM,London,Greater Anglia,
Northwich,48746,115196,24578,188520,1430,0,Manchester Piccadilly,58904,,,,,2326,NWI,North West,Northern Trains,
Norwich,657366,3681816,217492,4556674,119,553617,London Liverpool Street,1202464,,,,,7309,NRW,East of England,Greater Anglia,
Norwood Junction,1449320,2461984,715786,4627090,117,909783,London Bridge,1285328,EL,,,,5376,NWD,London,London Overground,
Nottingham,1793270,5887362,432092,8112724,59,557919,London St Pancras International,925438,,,,,1826,NOT,East Midlands,East Midlands Railway,
Nuneaton,401154,830904,121520,1353578,417,601480,London Euston,378252,,,,,1077,NUN,West Midlands,West Midlands Trains (London Northwestern Railway),
Nunhead,386258,451438,159614,997310,542,0,London Victoria,308418,Same OD,,,,5068,NHD,London,Govia Thameslink Railway (Thameslink),
Nunthorpe,12308,44684,2472,59464,1985,0,Middlesbrough,18074,,,,,7946,NNT,North East,Northern Trains,
Nutbourne,18140,22700,26074,66914,1935,0,Chichester,16764,,,,,5262,NUT,South East,Govia Thameslink Railway (Southern),
Nutfield,21634,22514,10582,54730,2013,0,Redhill,18028,,,,,5476,NUF,South East,Govia Thameslink Railway (Southern),
Oakengates,21832,37608,12524,71964,1905,0,Shrewsbury,25272,PTE,,,,4689,OKN,West Midlands,West Midlands Trains (West Midlands Railway),
Oakham,51328,161240,13462,226030,1317,3005,Leicester,52130,,,,,1904,OKM,East Midlands,East Midlands Railway,
Oakleigh Park,424478,400570,99146,924194,577,0,Finsbury Park,231342,"Same OD, EL",,,,6020,OKL,London,Govia Thameslink Railway (Great Northern),
Oban,78530,71752,51468,201750,1394,0,Glasgow Queen Street,67642,AutoTOD,,,,8725,OBN,Scotland,ScotRail,
Ockendon,387416,464730,175420,1027566,524,0,West Ham,267184,EL,,,,7451,OCK,East of England,c2c,
Ockley,16830,13740,3606,34176,2163,0,London Victoria,12072,,,,,5310,OLY,South East,Govia Thameslink Railway (Southern),
Okehampton,188928,83514,75478,347920,1078,0,Exeter Central,130234,,,,,5786,OKE,South West,Dartmoor Railway,
Old Hill,55480,62168,35864,153512,1539,0,Birmingham Moor Street,48806,PTE,West Midlands,,,4641,OHL,West Midlands,West Midlands Trains (West Midlands Railway),
Old Roan,153108,675400,134798,963306,556,0,Liverpool Central,308886,PTE,Merseyside,,,2258,ORN,North West,Merseyrail,
Old Street,2240136,3288776,548254,6077166,84,0,Moorgate,1366744,"London, Same OD, EL, CPAY",,,,6003,OLD,London,London Underground,LONDON BR
Oldfield Park,164184,171714,50096,385994,999,0,Bristol Temple Meads,127712,,,,,3219,OLF,South West,Great Western Railway,
Olton,154196,206598,102114,462908,905,0,Birmingham Moor Street,262754,PTE,West Midlands,,,4533,OLT,West Midlands,West Midlands Trains (West Midlands Railway),
Ore,74596,99598,97912,272106,1213,0,Bexhill,68234,,,,,5021,ORE,South East,Govia Thameslink Railway (Southern),
Ormskirk,388394,1539400,369296,2297090,257,24090,Liverpool Central,756906,PTE,Merseyside,,,2281,OMS,North West,Merseyrail,
Orpington,1631636,2553826,804160,4989622,103,725083,London Bridge,1610916,EL,,,,5122,ORP,London,Southeastern,
Orrell,35196,32548,29930,97674,1771,0,Manchester Victoria,24612,PTE,Greater Manchester,,,2259,ORR,North West,Northern Trains,
Orrell Park,304708,452534,218932,976174,550,0,Liverpool Central,484108,PTE,Merseyside,,,2247,OPK,North West,Merseyrail,
Otford,109230,243590,92680,445500,922,48704,London Bridge,111166,,,,,5071,OTF,South East,Southeastern,
Oulton Broad North,37836,93882,5500,137218,1585,0,Norwich,93842,,,,,7273,OUN,East of England,Greater Anglia,
Oulton Broad South,19254,39236,1998,60488,1980,0,Beccles,17478,Other,,,,7274,OUS,East of England,Greater Anglia,
Outwood,163222,83280,63864,310366,1140,0,Leeds,200064,PTE,West Yorkshire,,,8309,OUT,Yorkshire and The Humber,Northern Trains,
Overpool,84864,124652,14544,224060,1324,0,Liverpool Central,35578,PTE,Merseyside,,,2157,OVE,North West,Merseyrail,
Overton,29860,112548,31794,174202,1473,0,London Waterloo,98852,,,,,5526,OVR,South East,South Western Railway,
Oxenholme Lake District,0,662020,13124,675144,740,701346,London Euston,132936,,,,,2090,OXN,North West,Avanti West Coast,
Oxford,1044754,6448338,652122,8145214,58,539490,London Paddington,2864164,Season,,,,3115,OXF,South East,Great Western Railway,
Oxford Parkway,130808,484300,39434,654542,753,0,London Marylebone,392012,,,,,3121,OXP,South East,Chiltern Railways,
Oxshott,150676,197090,101728,449494,918,0,London Waterloo,258030,,,,,5602,OXS,South East,South Western Railway,
Oxted,339896,491386,505056,1336338,418,0,London Victoria,343288,,,,,5377,OXT,South East,Govia Thameslink Railway (Southern),
Paddock Wood,267216,499186,323790,1090192,496,169808,London Bridge,247600,,,,,5224,PDW,South East,Southeastern,
Padgate,55980,49234,12984,118198,1681,0,Manchester Piccadilly,34276,,,,,2387,PDG,North West,Northern Trains,
Paignton,93318,530854,82846,707018,709,24,Exeter Central,104798,,,,,3427,PGN,South West,Great Western Railway,
Paisley Canal,103756,143410,52772,299938,1159,0,Glasgow Central,200868,"PTE, CS",Strathclyde,,,9657,PCN,Scotland,ScotRail,
Paisley Gilmour Street,1115130,1609374,516616,3241120,165,193147,Glasgow Central,1515294,"PTE, CS",Strathclyde,,,9683,PYG,Scotland,ScotRail,
Paisley St James,34346,46176,15716,96238,1781,0,Glasgow Central,44710,"PTE, CS",Strathclyde,,,9664,PYJ,Scotland,ScotRail,
Palmers Green,571424,787106,198492,1557022,353,0,Finsbury Park,421736,EL,,,,6021,PAL,London,Govia Thameslink Railway (Great Northern),
Pangbourne,103964,202244,67334,373542,1030,0,London Paddington,147214,,,,,3036,PAN,South East,Great Western Railway,
Pannal,49154,95564,46916,191634,1423,0,Leeds,79040,,,,,8479,PNL,Yorkshire and The Humber,Northern Trains,
Pantyffynnon,2198,2702,10,4910,2446,0,Swansea,1834,,,,,4250,PTF,Wales,TfW Rail,
Par,41936,148384,32384,222704,1330,101405,Truro,46356,,,,,3524,PAR,South West,Great Western Railway,
Parbold,33604,45696,19462,98762,1765,0,Manchester Piccadilly,19150,,,,,2402,PBL,North West,Northern Trains,
Park Street,5574,14228,2368,22170,2260,0,Watford Junction,10120,,,,,1561,PKT,East of England,West Midlands Trains (London Northwestern Railway),
Parkstone (Dorset),61634,150778,16998,229410,1302,0,London Waterloo,59962,,,,,5882,PKS,South West,South Western Railway,
Parson Street,92444,95466,16304,204214,1389,0,Bristol Temple Meads,34984,,,,,3246,PSN,South West,Great Western Railway,
Partick,1007534,1663494,420652,3091680,174,560824,Glasgow Central,301090,"PTE, CS",Strathclyde,,,9917,PTK,Scotland,ScotRail,
Parton,3406,7244,1906,12556,2351,0,Sellafield,3408,,,,,2032,PRN,North West,Northern Trains,
Patchway,60062,26982,7132,94176,1791,0,Bristol Temple Meads,28420,,,,,3213,PWY,South West,Great Western Railway,
Patricroft,42038,83840,21624,147502,1554,0,Manchester Piccadilly,37652,PTE,Greater Manchester,,,2916,PAT,North West,Northern Trains,
Patterton,122044,179744,186612,488400,874,0,Glasgow Central,260424,"PTE, CS",Strathclyde,,,9775,PTT,Scotland,ScotRail,
Peartree,4274,406,576,5256,2441,0,Derby,2010,,,,,1687,PEA,East Midlands,East Midlands Railway,
Peckham Rye,1940530,3275028,921116,6136674,82,1140205,Canada Water,836132,EL,,,,5423,PMR,London,Govia Thameslink Railway (Southern),
Pegswood,746,712,10,1468,2516,0,Newcastle,912,,,,,7685,PEG,North East,Northern Trains,
Pemberton,15530,22676,10452,48658,2055,0,Manchester Victoria,19624,PTE,Greater Manchester,,,2403,PEM,North West,Northern Trains,
Pembrey and Burry Port,55294,61332,13984,130610,1617,0,Swansea,40908,,,,,4140,PBY,Wales,TfW Rail,
Pembroke,13030,21876,200,35106,2155,0,Tenby,14982,,,,,4101,PMB,Wales,TfW Rail,
Pembroke Dock,18564,27630,200,46394,2073,0,Tenby,18912,,,,,4102,PMD,Wales,TfW Rail,
Penally,2940,6024,0,8964,2382,0,Tenby,3100,,,,,4129,PNA,Wales,TfW Rail,
Penarth,368774,46238,92514,507526,858,0,Cardiff Central,201098,,,Possible overestimate. Estimates likely to be artificially high due to end of fare zone issues,,3863,PEN,Wales,TfW Rail,
Pencoed,123654,36888,71760,232302,1292,0,Cardiff Central,81118,,,,,3851,PCD,Wales,TfW Rail,
Pengam,166026,10866,37356,214248,1352,0,Cardiff Central,108906,,,,,4021,PGM,Wales,TfW Rail,
Penge East,433718,617372,184454,1235544,452,93,London Victoria,647682,"Group, Same OD",,,,5072,PNE,London,Southeastern,PENGE BR
Penge West,193362,380016,61588,634966,764,0,Canada Water,177356,"Group, EL",,,,5378,PNW,London,London Overground,PENGE BR
Penhelig,3910,4272,10,8192,2394,0,Tywyn,1974,Other,,,,4335,PHG,Wales,TfW Rail,
Penistone,43752,103874,15272,162898,1511,0,Barnsley,41474,PTE,South Yorkshire,,,6634,PNS,Yorkshire and The Humber,Northern Trains,
Penkridge,166840,77716,48038,292594,1171,0,Birmingham New Street,79450,PTE,,,,1195,PKG,West Midlands,West Midlands Trains (West Midlands Railway),
Penmaenmawr,7264,11078,1326,19668,2282,0,Colwyn Bay,3612,,,,,2494,PMW,Wales,TfW Rail,
Penmere,55294,109002,44286,208582,1377,0,Truro,102266,,,,,3499,PNM,South West,Great Western Railway,
Penrhiwceiber,35204,1612,9676,46492,2072,0,Cardiff Central,12114,,,,,3992,PER,Wales,TfW Rail,
Penrhyndeudraeth,9536,9672,42414,61622,1971,0,Harlech,41576,,,,,4473,PRH,Wales,TfW Rail,
Penrith (North Lakes),0,623306,92516,715822,701,208586,Carlisle,198098,,,,,2102,PNR,North West,Avanti West Coast,
Penryn (Cornwall),84108,163094,37772,284974,1189,0,Truro,79542,,,,,3525,PYN,South West,Great Western Railway,
Pensarn (Gwynedd),758,878,0,1636,2506,0,Barmouth,438,,,,,4463,PES,Wales,TfW Rail,
Penshurst,10266,17140,19272,46678,2071,0,Tonbridge,26954,,,,,5477,PHR,South East,Govia Thameslink Railway (Southern),
Pentre-Bach,26084,1534,2770,30388,2186,0,Cardiff Central,7884,,,,,3944,PTB,Wales,TfW Rail,
Pen-Y-Bont (Mid Wales),682,582,0,1264,2523,0,Shrewsbury,326,,,,,4254,PNY,Wales,TfW Rail,
Penychain,3852,5040,0,8892,2384,0,Pwllheli,3140,,,,,4409,PNC,Wales,TfW Rail,
Penyffordd,25294,2384,876,28554,2201,0,Wrexham General,5972,,,,,2433,PNF,Wales,TfW Rail,
Penzance,49088,593000,43382,685470,730,4548,Truro,122050,,,,,3526,PNZ,South West,Great Western Railway,
Perranwell,16656,17902,6980,41538,2110,0,Truro,13126,,,,,3528,PRW,South West,Great Western Railway,
Perry Barr,51552,82356,50754,184662,1443,0,Birmingham New Street,63348,PTE,West Midlands,,,1128,PRY,West Midlands,West Midlands Trains (West Midlands Railway),
Pershore,30986,72102,12790,115878,1690,0,Worcester Foregate Street,31004,,,,,4887,PSH,West Midlands,Great Western Railway,
Perth,250700,568924,33612,853236,613,110940,Dundee,168042,CS,,,,8805,PTH,Scotland,ScotRail,
Peterborough,697858,4198640,403228,5299726,98,960218,London Kings Cross,2355752,,,,,6133,PBO,East of England,London North Eastern Railway,
Petersfield,264422,664782,291998,1221202,458,6732,London Waterloo,473306,,,,,5657,PTR,South East,South Western Railway,
Petts Wood,701694,765726,240182,1707602,329,0,London Bridge,401774,Same OD,,,,5123,PET,London,Southeastern,
Pevensey and Westham,42562,72914,50264,165740,1499,0,Eastbourne,45046,,,,,5461,PEV,South East,Govia Thameslink Railway (Southern),
Pevensey Bay,780,1250,3818,5848,2431,0,Pevensey and Westham,1568,,,,,5462,PEB,South East,Govia Thameslink Railway (Southern),
Pewsey,16720,177676,14702,209098,1372,0,London Paddington,113858,,,,,3062,PEW,South West,Great Western Railway,
Pilning,102,182,10,294,2574,0,Cardiff Queen Street,52,,,,,3214,PIL,South West,Great Western Railway,
Pinhoe,35780,151006,45044,231830,1294,0,Exeter Central,97030,,,,,5757,PIN,South West,South Western Railway,
Pitlochry,39704,90156,1540,131400,1608,0,Edinburgh,27182,AutoTOD,,,,8801,PIT,Scotland,ScotRail,
Pitsea,375438,580132,188324,1143894,479,191581,London Fenchurch Street,298398,,,,,7452,PSE,East of England,c2c,
Pleasington,2132,7234,398,9764,2371,0,Blackburn,1994,,,,,2752,PLS,North West,Northern Trains,
Plockton,7996,2174,226,10396,2361,0,Kyle Of Lochalsh,4180,AutoTOD,,,,8670,PLK,Scotland,ScotRail,
Pluckley,28206,53458,32992,114656,1695,0,London Bridge,30860,,,,,5225,PLC,South East,Southeastern,
Plumley,6120,12306,122,18548,2290,0,Manchester Piccadilly,6428,,,,,2308,PLM,North West,Northern Trains,
Plumpton,21314,64040,19408,104762,1743,0,Lewes,24998,Other,,,,5332,PMP,South East,Govia Thameslink Railway (Southern),
Plumstead,284004,442552,196482,923038,578,0,London Bridge,177956,,,,,5208,PLU,London,Southeastern,
Plymouth,261454,2226872,184436,2672762,209,128466,London Paddington,281146,,,,,3580,PLY,South West,Great Western Railway,
Pokesdown,105796,239684,31624,377104,1020,0,London Waterloo,52800,,,,,5885,POK,South West,South Western Railway,
Polegate,139034,643256,297690,1079980,501,0,Eastbourne,244628,Other,,,,5455,PLG,South East,Govia Thameslink Railway (Southern),
Polesworth,90,18,46,154,2581,0,Nottingham,48,,,,,1078,PSW,West Midlands,West Midlands Trains (London Northwestern Railway),
Pollokshaws East,127942,166766,67366,362074,1050,0,Glasgow Central,232010,"PTE, CS",Strathclyde,,,9820,PWE,Scotland,ScotRail,
Pollokshaws West,121086,157294,26304,304684,1152,0,Glasgow Central,192684,"PTE, CS",Strathclyde,,,9804,PWW,Scotland,ScotRail,
Pollokshields East,127242,169970,40388,337600,1101,0,Glasgow Central,211688,"PTE, CS",Strathclyde,,,9821,PLE,Scotland,ScotRail,
Pollokshields West,53152,76714,17128,146994,1557,0,Glasgow Central,96970,"PTE, CS",Strathclyde,,,9623,PLW,Scotland,ScotRail,
Polmont,277354,354014,64926,696294,718,0,Edinburgh,312122,CS,,,,9936,PMT,Scotland,ScotRail,
Polsloe Bridge,70978,99052,18664,188694,1428,0,Exeter Central,39232,,,,,3422,POL,South West,Great Western Railway,
Ponders End,307144,483224,93660,884028,598,0,Tottenham Hale,381296,"Same OD, EL",,,,6819,PON,London,Greater Anglia,
Pontarddulais,2606,3692,114,6412,2420,0,Swansea,1390,,,,,4251,PTD,Wales,TfW Rail,
Pontefract Baghill,4370,12414,1346,18130,2298,0,York,8268,"Group, ODM Counts",West Yorkshire,,,8540,PFR,Yorkshire and The Humber,Northern Trains,PONTEFRACT BR
Pontefract Monkhill,114712,84340,29576,228628,1306,9912,Leeds,134406,"Group, ODM Counts",West Yorkshire,,,8548,PFM,Yorkshire and The Humber,Northern Trains,PONTEFRACT BR
Pontefract Tanshelf,49450,36358,12750,98558,1767,0,Leeds,57926,ODM Counts,West Yorkshire,,,8541,POT,Yorkshire and The Humber,Northern Trains,PONTEFRACT BR
Pontlottyn,22820,1326,7494,31640,2181,0,Cardiff Central,10340,,,,,4023,PLT,Wales,TfW Rail,
Pontyclun,180294,65308,32210,277812,1198,0,Cardiff Central,184148,,,,,3850,PYC,Wales,TfW Rail,
Pont-y-Pant,458,536,0,994,2541,0,Betws-y-Coed,378,,,,,2459,PYP,Wales,TfW Rail,
Pontypool and New Inn,71340,27622,28254,127216,1635,0,Cardiff Central,53720,,,,,3744,PPL,Wales,TfW Rail,
Pontypridd,593530,37012,149438,779980,663,32696,Cardiff Central,194958,Season,,Possible overestimate. Estimates likely to be artificially high due to end of fare zone issues,Rhondda Line was closed between April 2023 and February 2024,3904,PPD,Wales,TfW Rail,
Poole,244412,658814,61864,965090,555,6630,London Waterloo,150876,,,,,5883,POO,South West,South Western Railway,
Poppleton,19196,83370,17814,120380,1670,0,York,63344,,,,,8254,POP,Yorkshire and The Humber,Northern Trains,
Port Glasgow,117096,219118,54778,390992,991,9767,Glasgow Central,183310,"PTE, CS",Strathclyde,,,9667,PTG,Scotland,ScotRail,
Port Sunlight,234216,348210,96006,678432,736,0,Liverpool James Street,155854,PTE,Merseyside,,,2198,PSL,North West,Merseyrail,
Port Talbot Parkway,324264,246340,41466,612070,779,0,Cardiff Central,160486,,,,,4181,PTA,Wales,TfW Rail,
Portchester,106700,210154,49720,366574,1041,0,Fratton,38754,,,,,5928,PTC,South East,South Western Railway,
Porth,162928,9962,51634,224524,1322,0,Cardiff Central,94542,,,,Rhondda Line was closed between April 2023 and February 2024,3870,POR,Wales,TfW Rail,
Porthmadog,37642,41510,21548,100700,1752,0,Pwllheli,27438,Other,,,,4313,PTM,Wales,TfW Rail,
Portlethen,35232,25866,7116,68214,1927,0,Aberdeen,47972,CS,,,,8860,PLN,Scotland,ScotRail,
Portslade,304826,547942,182010,1034778,519,0,London Victoria,216088,Other,,,,5276,PLD,South East,Govia Thameslink Railway (Southern),
Portsmouth and Southsea,307740,1128162,149684,1585586,346,26477,Havant,150862,"Group, ODM Counts",,,Counts 2024-25,5537,PMS,South East,South Western Railway,PORTSMOUTH BR
Portsmouth Arms,342,254,0,596,2562,0,Barnstaple,184,,,,,5829,PMA,South West,Great Western Railway,
Portsmouth Harbour,405892,1487988,197424,2091304,277,44300,Havant,198978,"Group, ODM Counts",,,Counts 2024-25,5540,PMH,South East,South Western Railway,PORTSMOUTH BR
Portway Park and Ride,43410,4920,11046,59376,1987,0,Bristol Temple Meads,23814,,,,Opened in 2023-24,1123,PRI,South West,Great Western Railway,
Possilpark and Parkhouse,33414,42672,11820,87906,1815,0,Glasgow Queen Street,50456,"PTE, CS",Strathclyde,,,9958,PPK,Scotland,ScotRail,
Potters Bar,959186,1262986,263992,2486164,227,51414,Finsbury Park,572194,"Same OD, EL",,,,6022,PBR,East of England,Govia Thameslink Railway (Great Northern),
Poulton-Le-Fylde,80006,513482,36558,630046,770,0,Preston (Lancs),143744,,,,,2671,PFY,North West,Northern Trains,
Poynton,56538,135464,17570,209572,1368,0,Manchester Piccadilly,101684,,,,,2874,PYT,North West,Northern Trains,
Prees,2276,3842,3210,9328,2377,0,Shrewsbury,6306,,,,,1346,PRS,West Midlands,TfW Rail,
Prescot,104272,106314,82098,292684,1170,0,Liverpool Lime Street,192460,PTE,Merseyside,,,2337,PSC,North West,Northern Trains,
Prestatyn,161374,176164,31344,368882,1040,0,Rhyl,97906,,,,,2521,PRT,Wales,TfW Rail,
Prestbury,15740,43444,5012,64196,1950,0,Manchester Piccadilly,35542,PTE,,,,2875,PRB,North West,Northern Trains,
Preston (Lancs),435822,4616552,303702,5356076,95,1228102,London Euston,554062,,,,,2753,PRE,North West,Avanti West Coast,
Preston Park,382282,570484,173326,1126092,488,0,London Victoria,209714,,,,,5285,PRP,South East,Govia Thameslink Railway (Southern),
Prestonpans,127272,109744,20498,257514,1242,0,Edinburgh,202686,CS,,,,9366,PST,Scotland,ScotRail,
Prestwick International Airport,60636,21436,3882,85954,1825,0,Glasgow Central,35528,CS,Strathclyde,,,9544,PRA,Scotland,Glasgow Prestwick Airport Ltd,
Prestwick Town,133154,194896,12542,340592,1094,0,Glasgow Central,162374,CS,Strathclyde,,,9543,PTW,Scotland,ScotRail,
Priesthill and Darnley,67078,79674,20528,167280,1494,0,Glasgow Central,111878,"PTE, CS",Strathclyde,,,9808,PTL,Scotland,ScotRail,
Princes Risborough,223504,183554,106378,513436,854,113434,London Marylebone,356252,,,,,3055,PRR,South East,Chiltern Railways,
Prittlewell,149276,145724,67280,362280,1048,0,London Liverpool Street,89380,,,,,7419,PRL,East of England,Greater Anglia,
Prudhoe,23708,143712,16844,184264,1446,0,Newcastle,114212,,Tyne & Wear,,,7509,PRU,North East,Northern Trains,
Pulborough,88420,176404,55498,320322,1126,0,London Victoria,118750,Other,,,,5468,PUL,South East,Govia Thameslink Railway (Southern),
Purfleet,220882,260948,91084,572914,810,0,West Ham,143614,EL,,,,7453,PFL,East of England,c2c,
Purley,944790,1420002,412310,2777102,200,576772,London Bridge,650378,,,,,5379,PUR,London,Govia Thameslink Railway (Southern),
Purley Oaks,177986,242206,60698,480890,886,0,London Bridge,255344,Same OD,,,,5430,PUO,London,Govia Thameslink Railway (Southern),
Putney,1885038,2687190,1073256,5645484,90,0,London Waterloo,1608546,,,,,5603,PUT,London,South Western Railway,
Pwllheli,28752,48586,21082,98420,1768,0,Porthmadog,27438,Other,,,,4314,PWL,Wales,TfW Rail,
Pye Corner,106638,3754,14522,124914,1646,0,Cardiff Central,84228,,,,Increase in services from December 2024,1663,PYE,Wales,TfW Rail,
Pyle,56688,35614,11956,104258,1745,0,Cardiff Central,45308,,,,,4185,PYL,Wales,TfW Rail,
Quakers Yard,43272,2456,7500,53228,2021,0,Cardiff Central,14672,,,,Station upgrade completed Dec 2023,3994,QYD,Wales,TfW Rail,
Queenborough,77832,68240,49956,196028,1410,0,Sittingbourne,58476,,,,,5176,QBR,South East,Southeastern,
Queens Park (Glasgow),259894,410910,57974,728778,693,0,Glasgow Central,444386,"PTE, CS",Strathclyde,,,9822,QPK,Scotland,ScotRail,
Queens Park (London),1405806,3018620,457604,4882030,106,0,Wembley Central,980466,CPAY,,,,1419,QPW,London,London Underground,
Queens Road (Peckham),917448,1500712,496508,2914668,186,13021,Canada Water,598710,EL,,,,5424,QRP,London,Govia Thameslink Railway (Southern),
Queenstown Road (Battersea),258816,430910,116284,806010,646,0,London Waterloo,136964,,,,,5596,QRB,London,South Western Railway,
Quintrell Downs,950,2564,0,3514,2474,0,Newquay,1558,,,,,3531,QUI,South West,Great Western Railway,
Radcliffe (Nottinghamshire),6086,6798,960,13844,2338,0,Nottingham,5266,,,,,6242,RDF,East Midlands,East Midlands Railway,
Radlett,486946,655708,127752,1270406,441,0,London St Pancras International,260152,,,,,1546,RDT,East of England,Govia Thameslink Railway (Thameslink),
Radley,34250,81092,16248,131590,1605,0,Oxford,42964,,,,,3118,RAD,South East,Great Western Railway,
Radyr,343162,28052,79142,450356,917,67009,Cardiff Central,200892,,,,Rhondda Line was closed between April 2023 and February 2024,3874,RDR,Wales,TfW Rail,
Rainford,10030,15014,1176,26220,2225,0,Manchester Victoria,3924,PTE,Merseyside,,,2404,RNF,North West,Northern Trains,
Rainham (Essex),630848,747016,147332,1525196,363,0,West Ham,526204,EL,,,,7454,RNM,London,c2c,
Rainham (Kent),406786,766140,529122,1702048,330,7214,London Victoria,526174,,,,,5177,RAI,South East,Southeastern,
Rainhill,71104,82012,33032,186148,1437,0,Liverpool Lime Street,89662,PTE,Merseyside,,,2296,RNH,North West,Northern Trains,
Ramsgate,214068,745422,416166,1375656,406,186228,London St Pancras International,338284,,,,,5023,RAM,South East,Southeastern,
Ramsgreave and Wilpshire,18086,49512,24182,91780,1799,0,Manchester Victoria,29276,,,,,2734,RGW,North West,Northern Trains,
Rannoch,6072,1730,0,7802,2397,0,Corrour,2304,"CS, AutoTOD",,,,8834,RAN,Scotland,ScotRail,
Rauceby,2276,284,2444,5004,2444,0,Sleaford,3566,,,,,6361,RAU,East Midlands,East Midlands Railway,
Ravenglass for Eskdale,5206,30090,3516,38812,2132,0,Millom,5268,,,,,1999,RAV,North West,Northern Trains,
Ravensbourne,111420,97620,26170,235210,1285,0,London Blackfriars,58870,Same OD,,,,5083,RVB,London,Govia Thameslink Railway (Thameslink),
Ravensthorpe,10788,13274,7380,31442,2182,0,Leeds,15242,PTE,West Yorkshire,,,8519,RVN,Yorkshire and The Humber,Northern Trains,
Rawcliffe,384,28,0,412,2568,0,Goole,230,,,,,8031,RWC,Yorkshire and The Humber,Northern Trains,
Rayleigh,643110,576932,332818,1552860,355,0,London Liverpool Street,756154,,,,,6884,RLG,East of England,Greater Anglia,
Raynes Park,1155286,1722880,619516,3497682,158,97448,London Waterloo,1177026,"Same OD, EL",,,,5569,RAY,London,South Western Railway,
Reading,3479892,9263712,1581060,14324664,33,4057839,London Paddington,4438238,"Group, EL",,,,3149,RDG,South East,Network Rail,READING BR
Reading Green Park,78770,112728,29984,221482,1335,0,Reading,67412,,,,Opened in 2023-24,996,RGP,South East,Great Western Railway,
Reading West,221408,196390,63750,481548,884,15434,Reading,161804,Group,,,,3160,RDW,South East,Great Western Railway,READING BR
Rectory Road,468404,742118,115014,1325536,423,0,London Liverpool Street,459456,"Same OD, EL",,,,6967,REC,London,London Overground,
Redbridge,10244,16974,6176,33394,2171,2375,Eastleigh,5606,,,,,5912,RDB,South East,South Western Railway,
Redcar Central,54234,324204,32928,411366,970,0,Middlesbrough,115280,,,,,7950,RCC,North East,Northern Trains,
Redcar East,18344,75676,12400,106420,1733,0,Middlesbrough,46802,,,,,7974,RCE,North East,Northern Trains,
Reddish North,46342,78164,38794,163300,1510,0,Manchester Piccadilly,115548,PTE,Greater Manchester,,,2979,RDN,North West,Northern Trains,
Reddish South,40,62,0,102,2582,0,Denton,46,AutoTOD,Greater Manchester,,,2857,RDS,North West,Northern Trains,
Redditch,311704,416274,182450,910428,583,0,Birmingham New Street,485520,PTE,,,,1208,RDC,West Midlands,West Midlands Trains (West Midlands Railway),
Redhill,1079372,1627434,468520,3175326,168,699087,London Bridge,595200,Season,,,,5478,RDH,South East,Govia Thameslink Railway (Southern),
Redland,150904,68432,11034,230370,1297,0,Bristol Temple Meads,79746,,,,,3247,RDA,South West,Great Western Railway,
Redruth,53730,310858,50988,415576,964,0,Truro,94010,,,,,3530,RED,South West,Great Western Railway,
Reedham (London),45904,44184,15620,105708,1736,0,London Bridge,51720,Same OD,,,,5431,RHM,London,Govia Thameslink Railway (Southern),
Reedham (Norfolk),11490,22172,7904,41566,2108,890,Norwich,26810,,,,,7316,REE,East of England,Greater Anglia,
Reigate,420028,478210,270320,1168558,470,0,London Victoria,281778,Season,,,,5480,REI,South East,Govia Thameslink Railway (Southern),
Renton,21358,37030,8974,67362,1933,0,Glasgow Queen Street,16174,"PTE, CS",Strathclyde,,,9867,RTN,Scotland,ScotRail,
Reston,5706,23710,480,29896,2190,0,Edinburgh,16016,,,,,8634,RSN,Scotland,ScotRail,
Retford,67908,499236,35446,602590,791,104595,London Kings Cross,239374,,,,,6511,RET,East Midlands,London North Eastern Railway,
Rhiwbina,63210,5378,13252,81840,1854,0,Cardiff Central,33800,,,,,3906,RHI,Wales,TfW Rail,
Rhoose Cardiff International Airport,105572,33894,32848,172314,1477,0,Cardiff Central,60506,,,,,3876,RIA,Wales,TfW Rail,
Rhosneigr,6452,6362,1228,14042,2337,0,Bangor (Gwynedd),4902,,,,,2544,RHO,Wales,TfW Rail,
Rhyl,231710,328098,52176,611984,780,0,Prestatyn,97906,,,,,2461,RHL,Wales,TfW Rail,
Rhymney,87504,6672,28334,122510,1658,0,Cardiff Central,51152,,,,,4027,RHY,Wales,TfW Rail,
Ribblehead,3944,29718,20,33682,2168,0,Leeds,6928,,,,,2106,RHD,Yorkshire and The Humber,Northern Trains,
Rice Lane,85354,209080,128400,422834,955,0,Liverpool Central,165946,PTE,Merseyside,,,2131,RIL,North West,Merseyrail,
Richmond (London),2875140,5487884,1152618,9515642,52,1110813,London Waterloo,2110088,,,,,5570,RMD,London,South Western Railway,
Rickmansworth,397950,563924,36308,998182,540,0,Harrow-On-The-Hill,551656,"Same OD, EL",,,,687,RIC,East of England,London Underground,
Riddlesdown,120652,128028,38358,287038,1182,0,London Victoria,105200,Same OD,,,,5432,RDD,London,Govia Thameslink Railway (Southern),
Ridgmont,8934,5446,3302,17682,2302,0,Bedford,8790,,,,Marston Vale Line full timetable resumed February 2024 after 14 months partial service,1538,RID,East of England,West Midlands Trains (London Northwestern Railway),
Riding Mill,4500,25606,3064,33170,2172,0,Newcastle,21886,,,,,7510,RDM,North East,Northern Trains,
Risca and Pontymister,71462,4334,19620,95416,1784,0,Cardiff Central,59772,,,,Increase in services from December 2024,9920,RCA,Wales,TfW Rail,
Rishton,12066,25238,4028,41332,2112,0,Blackburn,8294,,,,,2580,RIS,North West,Northern Trains,
Robertsbridge,46854,123262,104212,274328,1209,0,Hastings,65082,,,,,5226,RBR,South East,Southeastern,
Robroyston,89444,126054,27778,243276,1270,0,Glasgow Queen Street,179360,CS,Strathclyde,,,7780,RRN,Scotland,ScotRail,
Roby,52594,100932,47730,201256,1396,0,Liverpool Lime Street,147244,PTE,Merseyside,,,2261,ROB,North West,Northern Trains,
Rochdale,450446,887352,292074,1629872,339,74104,Manchester Victoria,820846,PTE,Greater Manchester,,,2924,RCD,North West,Northern Trains,
Roche,1396,3526,308,5230,2442,0,Newquay,2436,,,,,3532,ROC,South West,Great Western Railway,
Rochester,529904,1076266,453058,2059228,281,42930,London Victoria,637060,Season,,,,5203,RTR,South East,Southeastern,
Rochford,267518,237122,166608,671248,744,0,London Liverpool Street,214812,,,,,6885,RFD,East of England,Greater Anglia,
Rock Ferry,298836,295244,92126,686206,729,0,Liverpool Central,144150,PTE,Merseyside,,,2189,RFY,North West,Merseyrail,
Rogart,834,250,0,1084,2536,0,Inverness,478,,,,,8671,ROG,Scotland,ScotRail,
Rogerstone,68974,3430,14864,87268,1819,0,Cardiff Central,54068,,,,Increase in services from December 2024,9921,ROR,Wales,TfW Rail,
Rolleston,3324,778,500,4602,2448,0,Nottingham,2190,,,,,6353,ROL,East Midlands,East Midlands Railway,
Roman Bridge,192,420,0,612,2561,0,Llandudno Junction,106,,,,,2444,RMB,Wales,TfW Rail,
Romford,3818468,7017736,1307098,12143302,38,641463,Stratford (London),2955202,EL,,,,6886,RMF,London,Elizabeth line,
Romiley,86504,132390,68122,287016,1183,9807,Manchester Piccadilly,219382,PTE,Greater Manchester,,,2833,RML,North West,Northern Trains,
Romsey,109510,290298,56994,456802,909,0,Southampton Central,149954,,,,,5943,ROM,South East,South Western Railway,
Roose,16282,49294,13710,79286,1864,0,Ulverston,29730,,,,,1962,ROO,North West,Northern Trains,
Rose Grove,24294,30454,18552,73300,1898,5674,Manchester Piccadilly,9740,,,,,2722,RSG,North West,Northern Trains,
Rose Hill Marple,60950,27158,31636,119744,1673,0,Manchester Piccadilly,62040,PTE,Greater Manchester,,,2873,RSH,North West,Northern Trains,
Rosyth,85774,93074,19292,198140,1401,0,Edinburgh,117512,CS,,,,9190,ROS,Scotland,ScotRail,
Rotherham Central,141458,263302,58658,463418,904,3179,Sheffield,139022,PTE,South Yorkshire,,,6676,RMC,Yorkshire and The Humber,Northern Trains,
Rotherhithe,483522,1031258,224656,1739436,322,0,Canada Water,389264,EL,,,,1039,ROE,London,London Overground,
Roughton Road,9096,10206,2038,21340,2270,0,Norwich,7540,,,,,7297,RNR,East of England,Greater Anglia,
Rowlands Castle,25078,68568,38934,132580,1603,0,Liphook,28698,,,,,5658,RLN,South East,South Western Railway,
Rowley Regis,326710,387946,300156,1014812,530,0,Birmingham Snow Hill,375200,PTE,West Midlands,,,4606,ROW,West Midlands,West Midlands Trains (West Midlands Railway),
Roy Bridge,2486,846,0,3332,2478,0,Corrour,798,"CS, AutoTOD",,,,8835,RYB,Scotland,ScotRail,
Roydon,64004,46732,22652,133388,1602,0,London Liverpool Street,52222,,,,,6829,RYN,East of England,Greater Anglia,
Royston,455700,689522,270616,1415838,392,18806,Cambridge,328042,,,,,6090,RYS,East of England,Govia Thameslink Railway (Great Northern),
Ruabon,54474,57300,5680,117454,1684,0,Chester,28670,,,,,4477,RUA,Wales,TfW Rail,
Rufford,6426,16570,1442,24438,2237,0,Preston (Lancs),10478,,,,,2315,RUF,North West,Northern Trains,
Rugby,555436,1477822,359038,2392296,241,170035,London Euston,854128,PTE,,,,1087,RUG,West Midlands,Avanti West Coast,
Rugeley Town,63158,91906,30222,185286,1442,0,Birmingham New Street,103284,PTE,,,,1135,RGT,West Midlands,West Midlands Trains (West Midlands Railway),
Rugeley Trent Valley,41180,135174,24992,201346,1395,65040,London Euston,59022,PTE,,,,1084,RGL,West Midlands,West Midlands Trains (West Midlands Railway),
Runcorn,209878,492762,29322,731962,688,53679,Liverpool Lime Street,305858,,,,,2291,RUN,North West,Avanti West Coast,
Runcorn East,110698,73702,11176,195576,1412,0,Manchester Piccadilly,38050,,,,,2294,RUE,North West,TfW Rail,
Ruskington,53908,9558,7518,70984,1912,0,Lincoln,40398,,,,,6327,RKT,East Midlands,East Midlands Railway,
Ruswarp,310,3782,20,4112,2456,0,Whitby,2432,,,,,8174,RUS,Yorkshire and The Humber,Northern Trains,
Rutherglen,280058,471736,119544,871338,605,0,Glasgow Central,303756,"PTE, CS",Strathclyde,,,9787,RUT,Scotland,ScotRail,
Ryde Esplanade,22702,99290,8204,130196,1619,0,Shanklin,55374,,,,,5542,RYD,South East,South Western Railway (Island Line),
Ryde Pier Head,23726,104070,1388,129184,1625,13968,London Waterloo,32424,,,,,5541,RYP,South East,South Western Railway (Island Line),
Ryde St Johns Road,9546,30838,12872,53256,2020,0,Shanklin,17436,,,,,5543,RYR,South East,South Western Railway (Island Line),
Ryder Brow,5644,18958,3450,28052,2207,0,Manchester Piccadilly,22650,PTE,Greater Manchester,,,2977,RRB,North West,Northern Trains,
Rye (Sussex),75706,314868,89658,480232,888,0,London St Pancras International,153346,,,,,5024,RYE,South East,Govia Thameslink Railway (Southern),
Rye House,180248,210328,45484,436060,940,0,London Liverpool Street,136818,"Same OD, EL",,,,6820,RYH,East of England,Greater Anglia,
Salford Central,222622,453216,138908,814746,639,0,Bolton,89732,PTE,Greater Manchester,,,2798,SFD,North West,Northern Trains,
Salford Crescent,438250,720634,147882,1306766,427,175992,Manchester Victoria,151402,PTE,Greater Manchester,,,2794,SLD,North West,Northern Trains,
Salfords (Surrey),73404,67706,17228,158338,1520,0,London Bridge,26194,,,,,5380,SAF,South East,Govia Thameslink Railway (Southern),
Salhouse,3182,10212,978,14372,2336,0,Norwich,4916,,,,,7318,SAH,East of England,Greater Anglia,
Salisbury,396690,1378698,229300,2004688,287,247544,London Waterloo,522308,,,,,5663,SAL,South West,South Western Railway,
Saltaire,264372,321630,162544,748546,680,0,Leeds,349758,PTE,West Yorkshire,,,8561,SAE,Yorkshire and The Humber,Northern Trains,
Saltash,52418,66696,43110,162224,1513,0,Plymouth,72392,,,,,3587,STS,South West,Great Western Railway,
Saltburn,47388,277802,30918,356108,1063,0,Middlesbrough,85904,,,,,7951,SLB,North East,Northern Trains,
Saltcoats,79052,172504,23788,275344,1206,0,Glasgow Central,121920,CS,Strathclyde,,,9547,SLT,Scotland,ScotRail,
Saltmarshe,86,1480,0,1566,2511,0,Hull,438,AutoTOD,,,,8033,SAM,Yorkshire and The Humber,Northern Trains,
Salwick,824,302,498,1624,2508,0,Leyland,432,,,,,2673,SLW,North West,Northern Trains,
Sandal and Agbrigg,100602,60040,41526,202168,1392,0,Leeds,144880,PTE,West Yorkshire,,,8358,SNA,Yorkshire and The Humber,Northern Trains,
Sandbach,94494,159044,41200,294738,1166,0,Manchester Piccadilly,100728,,,,,1261,SDB,North West,Northern Trains,
Sanderstead,334090,381876,128216,844182,620,0,London Victoria,352746,,,,,5433,SNR,London,Govia Thameslink Railway (Southern),
Sandhills,346680,471270,231498,1049448,513,842213,Liverpool Central,425106,PTE,Merseyside,,,2249,SDL,North West,Merseyrail,
Sandhurst (Berks),37490,86154,18766,142410,1566,0,Reading,39798,,,,,5646,SND,South East,Great Western Railway,
Sandling,16718,45386,13178,75282,1884,0,London St Pancras International,18994,,,,,5025,SDG,South East,Southeastern,
Sandown,15978,51250,14690,81918,1853,0,Ryde Esplanade,24932,,,,,5525,SAN,South East,South Western Railway (Island Line),
Sandplace,702,264,0,966,2543,0,Looe,628,,,,,3584,SDP,South West,Great Western Railway,
Sandwell and Dudley,239044,574660,191984,1005688,535,0,Birmingham New Street,416026,PTE,West Midlands,,,1149,SAD,West Midlands,West Midlands Trains (West Midlands Railway),
Sandwich,51840,129728,138606,320174,1127,0,Deal,64468,,,,,5026,SDW,South East,Southeastern,
Sandy,232544,377888,69052,679484,735,0,London St Pancras International,118392,,,,,6172,SDY,East of England,Govia Thameslink Railway (Great Northern),
Sankey For Penketh,946,120,138,1204,2527,0,Birchwood,274,,,,,2388,SNK,North West,Northern Trains,
Sanquhar,10196,15898,500,26594,2223,0,Dumfries,7204,CS,,,,9549,SQH,Scotland,ScotRail,
Sarn,43770,2794,10412,56976,1999,0,Cardiff Central,27052,Season,,,,4270,SRR,Wales,TfW Rail,
Saundersfoot,3094,8318,40,11452,2357,0,Tenby,2214,,,,,4108,SDF,Wales,TfW Rail,
Saunderton,46476,12524,10922,69922,1915,0,London Marylebone,44892,,,,,3056,SDR,South East,Chiltern Railways,
Sawbridgeworth,207916,188416,74964,471296,895,0,London Liverpool Street,215444,,,,,6806,SAW,East of England,Greater Anglia,
Saxilby,15022,71048,7824,93894,1793,0,Lincoln,68276,,,,,6328,SXY,East Midlands,East Midlands Railway,
Saxmundham,41810,126460,8266,176536,1464,0,London Liverpool Street,54304,Other,,,,7224,SAX,East of England,Greater Anglia,
Scarborough,109282,863586,28246,1001114,537,0,York,239548,,,,,8185,SCA,Yorkshire and The Humber,TransPennine Express,
Scotscalder,186,40,0,226,2578,0,Thurso,84,AutoTOD,,,,8672,SCT,Scotland,ScotRail,
Scotstounhill,149112,218420,63374,430906,946,0,Glasgow Central,109766,"PTE, CS",Strathclyde,,,9996,SCH,Scotland,ScotRail,
Scunthorpe,71306,287516,20250,379072,1011,405,Doncaster,57948,,,,,6456,SCU,Yorkshire and The Humber,TransPennine Express,
Sea Mills,58248,17418,6280,81946,1851,0,Bristol Temple Meads,26796,,,,,3254,SML,South West,Great Western Railway,
Seaford (Sussex),149746,423300,134252,707298,707,0,Lewes,192926,Other,,,,5333,SEF,South East,Govia Thameslink Railway (Southern),
Seaforth and Litherland,189136,529186,133734,852056,615,0,Liverpool Central,289872,PTE,Merseyside,,,2250,SFL,North West,Merseyrail,
Seaham,25576,123266,16152,164994,1504,0,Newcastle,77636,,,,,7814,SEA,North East,Northern Trains,
Seamer,24914,129356,10224,164494,1506,39694,York,43226,,,,,8178,SEM,Yorkshire and The Humber,TransPennine Express,
Seascale,10362,34448,4118,48928,2053,0,Whitehaven,12062,,,,,2003,SSC,North West,Northern Trains,
Seaton Carew,17948,67356,13058,98362,1769,0,Newcastle,29602,,,,,8007,SEC,North East,Northern Trains,
Seaton Delaval,10426,59324,3326,73076,1899,0,Newcastle,65392,,Tyne & Wear,,New Station,9235,SEJ,North East,Northern Trains,
Seer Green and Jordans,45092,36768,25474,107334,1728,0,London Marylebone,92104,"Same OD, EL",,,,3061,SRG,South East,Chiltern Railways,
Selby,92040,542228,61572,695840,721,29440,Leeds,259580,,,,,8201,SBY,Yorkshire and The Humber,TransPennine Express,
Selhurst,359212,577600,281116,1217928,459,809,London Victoria,243616,,,,,5434,SRS,London,Govia Thameslink Railway (Southern),
Sellafield,80570,26784,79648,187002,1435,168,Corkickle,26428,,,,,2004,SEL,North West,Northern Trains,
Selling,41410,39608,18554,99572,1759,0,Canterbury East,42956,,,,,5179,SEG,South East,Southeastern,
Selly Oak,624248,956798,727716,2308762,254,0,Birmingham New Street,1680664,PTE,West Midlands,,,1105,SLY,West Midlands,West Midlands Trains (West Midlands Railway),
Settle,15052,128244,4168,147464,1555,0,Leeds,27758,,,,,2107,SET,Yorkshire and The Humber,Northern Trains,
Seven Kings,1248770,2313838,521598,4084206,133,0,Stratford (London),1009298,EL,,,,6893,SVK,London,Elizabeth line,
Seven Sisters,2614984,4768996,1010202,8394182,56,17,Edmonton Green,1736388,CPAY,,,,6931,SVS,London,London Overground,
Sevenoaks,870092,1935218,935720,3741030,147,1264894,London Bridge,1516960,,,,,5124,SEV,South East,Southeastern,
Severn Beach,85964,5088,40160,131212,1611,0,Bristol Temple Meads,62546,,,,Introduced a fare differential between Severn Beach and St Andrews Road March 2024,3205,SVB,South West,Great Western Railway,
Severn Tunnel Junction,170418,26512,15738,212668,1356,33770,Cardiff Central,69878,,,,,3679,STJ,Wales,TfW Rail,
Shadwell,1102056,2333222,482014,3917292,140,0,Canada Water,521878,EL,,,,1082,SDE,London,London Overground,
Shalford (Surrey),39182,41518,14790,95490,1783,0,London Waterloo,29126,,,,,5638,SFR,South East,Great Western Railway,
Shanklin,24652,112708,8874,146234,1558,0,Ryde Esplanade,55374,,,,,5529,SHN,South East,South Western Railway (Island Line),
Shawfair,33590,35512,3370,72472,1903,0,Edinburgh,34458,CS,,,,6963,SFI,Scotland,ScotRail,
Shawford,23628,81410,35004,140042,1578,0,London Waterloo,63924,,,,,5929,SHW,South East,South Western Railway,
Shawlands,45154,72440,14966,132560,1604,0,Glasgow Central,88378,"PTE, CS",Strathclyde,,,9823,SHL,Scotland,ScotRail,
Sheerness-On-Sea,149662,183164,106268,439094,932,0,Sittingbourne,148882,,,,,5184,SSS,South East,Southeastern,
Sheffield,1615410,8075052,624758,10315220,49,937768,Manchester Piccadilly,898646,PTE,South Yorkshire,,,6691,SHF,Yorkshire and The Humber,East Midlands Railway,
Shelford (Cambs),75522,96820,49204,221546,1334,0,Cambridge,127804,,,,,7043,SED,East of England,Greater Anglia,
Shenfield,2264932,2736378,813576,5814886,88,1070565,London Liverpool Street,2312312,EL,,,,6888,SNF,East of England,Greater Anglia,
Shenstone,50346,39348,60194,149888,1546,0,Birmingham New Street,50958,PTE,,,,1178,SEN,West Midlands,West Midlands Trains (West Midlands Railway),
Shepherd's Bush,2052396,3664142,1215380,6931918,71,10289,Clapham Junction,928490,CPAY,,,,9587,SPB,London,London Overground,
Shepherds Well,18242,30984,21052,70278,1914,0,Canterbury East,25106,,,,,5186,SPH,South East,Southeastern,
Shepley,19092,33038,10186,62316,1964,0,Huddersfield,19002,PTE,West Yorkshire,,,8448,SPY,Yorkshire and The Humber,Northern Trains,
Shepperton,96170,166208,84580,346958,1080,0,London Waterloo,128232,,,,,5605,SHP,South East,South Western Railway,
Shepreth,33250,58616,17648,109514,1718,0,Cambridge,51382,,,,,7044,STH,East of England,Govia Thameslink Railway (Great Northern),
Sherborne,32882,166760,7712,207354,1380,0,London Waterloo,66486,,,,,5835,SHE,South West,South Western Railway,
Sherburn-In-Elmet,19622,77642,24834,122098,1660,0,York,90202,,,,,8257,SIE,Yorkshire and The Humber,Northern Trains,
Sheringham,63778,189050,15070,267898,1220,0,Norwich,97600,,,,,7319,SHM,East of England,Greater Anglia,
Shettleston,221226,333370,96986,651582,755,0,Glasgow Queen Street,296280,"PTE, CS",Strathclyde,,,9903,SLS,Scotland,ScotRail,
Shieldmuir,46096,59338,16234,121668,1663,0,Glasgow Central,67496,"PTE, CS",Strathclyde,,,9552,SDM,Scotland,ScotRail,
Shifnal,91526,100898,44256,236680,1281,0,Birmingham New Street,54624,PTE,,,,4619,SFN,West Midlands,West Midlands Trains (West Midlands Railway),
Shildon,11666,43622,5000,60288,1982,0,Darlington,16680,,,,,7893,SHD,North East,Northern Trains,
Shiplake,53000,55234,20548,128782,1628,0,London Paddington,53792,Same OD,,,,3150,SHI,South East,Great Western Railway,
Shipley (Yorks),381104,594220,220218,1195542,461,329396,Leeds,609928,PTE,West Yorkshire,,,8347,SHY,Yorkshire and The Humber,Northern Trains,
Shippea Hill,62,14,0,76,2585,0,Cambridge,24,Other,,,,7073,SPP,East of England,Greater Anglia,
Shipton,1204,1878,822,3904,2462,0,Oxford,2218,,,,,3009,SIP,South East,Great Western Railway,
Shirebrook,40112,27664,7284,75060,1888,0,Nottingham,30680,,,,,1595,SHB,East Midlands,East Midlands Railway,
Shirehampton,43908,11296,8772,63976,1952,0,Clifton Down,18744,,,,,3206,SHH,South West,Great Western Railway,
Shireoaks,8240,38694,7348,54282,2014,0,Sheffield,31010,,South Yorkshire,,,6570,SRO,East Midlands,Northern Trains,
Shirley,81526,139748,93698,314972,1137,0,Birmingham Moor Street,179386,PTE,West Midlands,,,4526,SRL,West Midlands,West Midlands Trains (West Midlands Railway),
Shoeburyness,145988,267390,127534,540912,834,0,London Fenchurch Street,139594,,,,,7455,SRY,East of England,c2c,
Sholing,30544,43634,16562,90740,1805,0,Fareham,11736,,,,,5930,SHO,South East,South Western Railway,
Shoreditch High Street,2052134,4687106,555294,7294534,65,383375,Whitechapel,968950,,,,,1024,SDC,London,London Overground,
Shoreham (Kent),12536,62046,8184,82766,1841,0,London Blackfriars,10372,,,,,5074,SEH,South East,Southeastern,
Shoreham-By-Sea,307008,726130,269452,1302590,428,0,Brighton,321676,Other,,,,5277,SSE,South East,Govia Thameslink Railway (Southern),
Shortlands,464622,479280,184750,1128652,487,7369,London Victoria,433050,Same OD,,,,5084,SRT,London,Southeastern,
Shotton,167552,96584,12812,276948,1199,22323,Chester,41970,,,,,2546,SHT,Wales,TfW Rail,
Shotts,67204,88352,17488,173044,1475,0,Glasgow Central,83384,CS,Strathclyde,,,9739,SHS,Scotland,ScotRail,
Shrewsbury,775262,1235012,310996,2321270,251,244743,Birmingham New Street,259020,,,,,4387,SHR,West Midlands,TfW Rail,
Sidcup,1048310,1239996,326624,2614930,214,0,London Bridge,757904,Same OD,,,,5125,SID,London,Southeastern,
Sileby,73276,49246,30838,153360,1541,0,Leicester,76126,,,,,1902,SIL,East Midlands,East Midlands Railway,
Silecroft,1238,5806,600,7644,2401,0,Millom,1620,,,,,2000,SIC,North West,Northern Trains,
Silkstone Common,9944,21932,2228,34104,2164,0,Sheffield,11472,PTE,South Yorkshire,,,6782,SLK,Yorkshire and The Humber,Northern Trains,
Silver Street,714180,1153158,269114,2136452,275,0,Seven Sisters,944484,"Same OD, EL",,,,6972,SLV,London,London Overground,
Silverdale,6168,33692,8456,48316,2057,0,Lancaster,20872,,,,,1968,SVR,North West,Northern Trains,
Singer,116214,182718,59388,358320,1060,0,Glasgow Queen Street,51256,"PTE, CS",Strathclyde,,,9988,SIN,Scotland,ScotRail,
Sittingbourne,627512,990064,709240,2326816,249,416366,London Victoria,498312,,,,,5187,SIT,South East,Southeastern,
Skegness,83782,310144,3594,397520,986,0,Nottingham,91916,,,,,6265,SKG,East Midlands,East Midlands Railway,
Skewen,16412,21912,5656,43980,2093,0,Swansea,20416,,,,Increase in services from December 2024,4217,SKE,Wales,TfW Rail,
Skipton,356470,660820,269128,1286418,435,11602,Leeds,359680,,,,,2728,SKI,Yorkshire and The Humber,Northern Trains,
Slade Green,377306,494650,231858,1103814,492,43117,Woolwich Arsenal,132786,EL,,,,5154,SGR,London,Southeastern,
Slaithwaite,101704,96666,36924,235294,1284,0,Huddersfield,58070,PTE,West Yorkshire,,,8450,SWT,Yorkshire and The Humber,Northern Trains,
Slateford,40116,28630,3182,71928,1906,0,Edinburgh,25104,CS,,,,9236,SLA,Scotland,ScotRail,
Sleaford,118150,134626,43014,295790,1164,35611,Lincoln,109982,,,,,6362,SLR,East Midlands,East Midlands Railway,
Sleights,638,6210,0,6848,2412,0,Whitby,3928,,,,,8179,SLH,Yorkshire and The Humber,Northern Trains,
Slough,1626712,3188898,688070,5503680,94,1278291,London Paddington,1161802,EL,,,,3172,SLO,South East,Great Western Railway,
Small Heath,97702,81756,44988,224446,1323,0,Birmingham Moor Street,142076,PTE,West Midlands,,,4530,SMA,West Midlands,West Midlands Trains (West Midlands Railway),
Smallbrook Junction,932,8046,0,8978,2381,0,Ryde Esplanade,3484,,,,,5494,SAB,South East,South Western Railway (Island Line),
Smethwick Galton Bridge,250246,263072,184272,697590,716,493769,Birmingham New Street,259126,PTE,West Midlands,,,1114,SGB,West Midlands,West Midlands Trains (West Midlands Railway),
Smethwick Rolfe Street,137016,164480,102468,403964,977,27,Birmingham New Street,290420,PTE,West Midlands,,,1150,SMR,West Midlands,West Midlands Trains (West Midlands Railway),
Smithy Bridge,51102,106614,33690,191406,1425,0,Manchester Victoria,107630,PTE,Greater Manchester,,,2660,SMB,North West,Northern Trains,
Snaith,1142,112,0,1254,2524,0,Leeds,728,,,,,8036,SNI,Yorkshire and The Humber,Northern Trains,
Snodland,89028,82536,104290,275854,1202,0,Maidstone West,53176,,,,,5189,SDA,South East,Southeastern,
Snowdown,3474,4830,3370,11674,2356,0,Canterbury East,4966,,,,,5185,SWO,South East,Southeastern,
Soham,24938,33442,7416,65796,1941,0,Ely,19896,,,,,5247,SOJ,East of England,Greater Anglia,
Sole Street,16298,21236,18096,55630,2006,0,London Victoria,23292,,,,,5126,SOR,South East,Southeastern,
Solihull,477734,915074,505776,1898584,299,11093,Birmingham Moor Street,947716,PTE,West Midlands,,,4527,SOL,West Midlands,Chiltern Railways,
Somerleyton,2890,8576,492,11958,2353,0,Norwich,5840,,,,,7320,SYT,East of England,Greater Anglia,
South Acton,288626,366304,92548,747478,681,0,Willesden Junction,81098,Same OD,,,,1452,SAT,London,London Overground,
South Bank,9250,13084,7296,29630,2193,0,Redcar Central,5762,,,,,7953,SBK,North East,Northern Trains,
South Bermondsey,177584,310036,145074,632694,765,0,London Bridge,276628,"Same OD, EL",,,,5425,SBM,London,Govia Thameslink Railway (Southern),
South Croydon,459796,456492,172360,1088648,497,0,London Bridge,310524,,,,,5410,SCY,London,Govia Thameslink Railway (Southern),
South Elmsall,145624,102426,40460,288510,1177,0,Doncaster,104348,PTE,West Yorkshire,,,8355,SES,Yorkshire and The Humber,Northern Trains,
South Greenford,21594,27446,3172,52212,2031,0,Greenford,17470,"Same OD, EL",,,,3138,SGN,London,Great Western Railway,
South Gyle,104050,96794,19698,220542,1338,0,Edinburgh,86108,CS,,,,9318,SGL,Scotland,ScotRail,
South Hampstead,127226,269544,80790,477560,889,0,London Euston,223864,Same OD,,,,1451,SOH,London,London Overground,
South Kenton,175818,385618,81716,643152,760,0,Queens Park (London),150844,"Same OD, EL",,,,1453,SOK,London,London Underground,
South Merton,49524,53806,22106,125436,1642,0,Wimbledon,38752,Same OD,,,,5292,SMO,London,Govia Thameslink Railway (Thameslink),
South Milford,31544,84744,19290,135578,1592,0,Leeds,96296,,,,,8142,SOM,Yorkshire and The Humber,Northern Trains,
South Ruislip,64456,84220,16344,165020,1503,0,London Marylebone,42662,Same OD,,,,3057,SRU,London,London Underground,
South Tottenham,321884,662772,372780,1357436,415,0,Barking,426218,,,,,7404,STO,London,London Overground,
South Wigston,50326,64442,19078,133846,1599,0,Birmingham New Street,35658,,,,,1949,SWS,East Midlands,East Midlands Railway,
South Woodham Ferrers,128578,95622,93844,318044,1131,0,London Liverpool Street,160418,,,,,6892,SOF,East of England,Greater Anglia,
Southall,2133060,4570508,965592,7669160,61,0,Bond Street,1187232,EL,,,,3187,STL,London,Elizabeth line,
Southampton Airport Parkway,300996,1016526,126732,1444254,385,122226,London Waterloo,591406,,,,,5922,SOA,South East,South Western Railway,
Southampton Central,1294614,4436256,442090,6172960,81,975473,London Waterloo,1000182,,,,,5932,SOU,South East,South Western Railway,
Southbourne,56036,116832,56212,229080,1304,0,Chichester,62924,,,,,5263,SOB,South East,Govia Thameslink Railway (Southern),
Southbury,328830,609912,100182,1038924,517,0,Seven Sisters,435912,EL,,,,6947,SBU,London,London Overground,
Southease,9738,16796,798,27332,2216,0,Lewes,7408,,,,,5339,SEE,South East,Govia Thameslink Railway (Southern),
Southend Airport,131960,72616,27230,231806,1295,0,London Liverpool Street,77984,,,,,4787,SIA,East of England,Stobart Rail,
Southend Central,511014,1144642,586424,2242080,265,1934,London Fenchurch Street,300646,"Group, Counts",,,,7456,SOC,East of England,c2c,SOUTHEND BR
Southend East,289940,649448,332726,1272114,440,0,London Fenchurch Street,341564,Counts,,,,7457,SOE,East of England,c2c,
Southend Victoria,315794,707358,362394,1385546,403,0,London Liverpool Street,500318,"Group, Counts",,,,7420,SOV,East of England,Greater Anglia,SOUTHEND BR
Southminster,29572,35720,28212,93504,1795,0,London Liverpool Street,35582,,,,,6890,SMN,East of England,Greater Anglia,
Southport,418150,2973798,396620,3788568,142,14712,Liverpool Central,587260,PTE,Merseyside,,,2262,SOP,North West,Merseyrail,
Southwick,106526,185386,50102,342014,1092,0,Brighton,101930,Other,,,,5286,SWK,South East,Govia Thameslink Railway (Southern),
Sowerby Bridge,150674,202180,64452,417306,960,0,Leeds,117518,PTE,West Yorkshire,,,8527,SOW,Yorkshire and The Humber,Northern Trains,
Spalding,69862,126248,11664,207774,1379,0,Peterborough,100718,,,,,6388,SPA,East Midlands,East Midlands Railway,
Spean Bridge,5518,1998,0,7516,2403,0,Glasgow Central,1390,"CS, AutoTOD",,,,8836,SBR,Scotland,ScotRail,
Spital,174954,157304,44982,377240,1019,0,Liverpool Central,106138,PTE,Merseyside,,,2199,SPI,North West,Merseyrail,
Spondon,25034,12684,9288,47006,2068,0,Nottingham,12518,,,,,1699,SPO,East Midlands,East Midlands Railway,
Spooner Row,352,136,198,686,2559,0,Norwich,548,,,,,7379,SPN,East of England,Greater Anglia,
Spring Road,46974,68402,46770,162146,1514,0,Birmingham Moor Street,104334,PTE,West Midlands,,,4535,SRI,West Midlands,West Midlands Trains (West Midlands Railway),
Springburn,149812,168974,67328,386114,998,25722,Glasgow Queen Street,132482,"PTE, CS",Strathclyde,,,9997,SPR,Scotland,ScotRail,
Springfield,1104,334,0,1438,2517,0,Edinburgh,262,"CS, AutoTOD",,,,9175,SPF,Scotland,ScotRail,
Squires Gate,5866,18608,3050,27524,2213,0,Preston (Lancs),8500,,,,,2666,SQU,North West,Northern Trains,
St Albans Abbey,25888,119052,4454,149394,1548,3,Watford Junction,77392,,,,,1562,SAA,East of England,West Midlands Trains (London Northwestern Railway),
St Albans City,2531990,3435140,701868,6668998,74,110208,London St Pancras International,2067040,,,,,1548,SAC,East of England,Govia Thameslink Railway (Thameslink),
St Andrews Road,40612,3190,38172,81974,1850,0,Bristol Temple Meads,48650,,,,Introduced a fare differential between Severn Beach and St Andrews Road March 2024,3252,SAR,South West,Great Western Railway,
St Annes-On-The-Sea,24098,114090,9800,147988,1553,0,Preston (Lancs),35524,,,,,2672,SAS,North West,Northern Trains,
St Austell,67842,392396,65590,525828,842,0,Truro,127812,,,,,3534,SAU,South West,Great Western Railway,
St Bees,18464,53272,12566,84302,1831,0,Whitehaven,19494,,,,,2002,SBS,North West,Northern Trains,
St Budeaux Ferry Road,1056,2682,746,4484,2449,0,Plymouth,1128,AutoTOD,,,,3590,SBF,South West,Great Western Railway,
St Budeaux Victoria Road,2964,5860,3040,11864,2354,0,Plymouth,3268,,,,,3592,SBV,South West,Great Western Railway,
St Columb Road,920,2572,50,3542,2473,0,Newquay,1112,,,,,3536,SCR,South West,Great Western Railway,
St Denys,67442,137208,28286,232936,1290,44971,Southampton Central,29626,,,,,5914,SDN,South East,South Western Railway,
St Erth,22340,410170,12244,444754,924,265787,St Ives (Cornwall),321408,Other,,,,3537,SER,South West,Great Western Railway,
St Germans,7828,48534,19580,75942,1882,0,Plymouth,37942,,,,,3586,SGM,South West,Great Western Railway,
St Helens Central,229460,302490,137502,669452,746,0,Liverpool Lime Street,324550,PTE,Merseyside,,,2341,SNH,North West,Northern Trains,
St Helens Junction,55958,117568,32794,206320,1381,0,Liverpool Lime Street,51932,PTE,Merseyside,,,2340,SHJ,North West,Northern Trains,
St Helier (London),54274,64830,37660,156764,1526,0,Wimbledon,48302,,,,,5290,SIH,London,Govia Thameslink Railway (Thameslink),
St Ives (Cornwall),11890,836694,2408,850992,616,0,St Erth,321408,Other,,,,3538,SIV,South West,Great Western Railway,
St James Park (Exeter),67686,72102,5658,145446,1563,0,Exmouth,31226,,,,,5751,SJP,South West,Great Western Railway,
St James Street (Walthamstow),493618,897624,160536,1551778,356,0,London Liverpool Street,683038,"Same OD, EL",,,,6973,SJS,London,London Overground,
St Johns (London),283250,337652,221480,842382,622,0,London Bridge,300802,"Same OD, EL",,,,5059,SAJ,London,Southeastern,
St Keyne Wishing Well Halt,1350,226,10,1586,2509,0,Looe,924,,,,,3572,SKN,South West,Great Western Railway,
St Leonards Warrior Square,204830,613620,182946,1001396,536,156493,Bexhill,145840,,,,,5239,SLQ,South East,Southeastern,
St Margarets (Herts),148876,159222,42566,350664,1072,0,London Liverpool Street,129822,"Same OD, EL",,,,6821,SMT,East of England,Greater Anglia,
St Margarets (London),413684,467200,133834,1014718,531,0,London Waterloo,336812,"Same OD, EL",,,,5604,SMG,London,South Western Railway,
St Mary Cray,458700,593146,282898,1334744,421,0,London Victoria,542070,Same OD,,,,5073,SMY,London,Southeastern,
St Michaels,337858,478628,198858,1015344,529,0,Liverpool Central,403560,PTE,Merseyside,,,2248,STM,North West,Merseyrail,
St Neots,357386,550230,174250,1081866,500,0,London Kings Cross,169298,,,,,6110,SNO,East of England,Govia Thameslink Railway (Great Northern),
Stafford,623956,1595668,236888,2456512,231,533274,London Euston,512610,PTE,,,,1268,STA,West Midlands,Avanti West Coast,
Staines,673860,1427166,270084,2371110,243,327430,London Waterloo,815646,,,,,5670,SNS,South East,South Western Railway,
Stallingborough,2248,3878,40,6166,2425,0,Grimsby Town,2908,,,,,6287,SLL,Yorkshire and The Humber,East Midlands Railway,
Stalybridge,288258,399896,151982,840136,625,54442,Manchester Victoria,457194,PTE,Greater Manchester,,,2983,SYB,North West,TransPennine Express,
Stamford (Lincs),133020,181954,28078,343052,1089,0,Peterborough,119204,,,,,6140,SMD,East Midlands,East Midlands Railway,
Stamford Hill,215340,363182,97754,676276,738,0,London Liverpool Street,170644,"Same OD, EL",,,,6968,SMH,London,London Overground,
Stanford-Le-Hope,266082,338296,140526,744904,682,0,London Fenchurch Street,254534,,,,,7458,SFO,East of England,c2c,
Stanlow and Thornton [note 1],,,,,,,,,,,,Station Closed,2159,SNT,North West,Northern Trains,
Stansted Airport,6681642,3384228,25034,10090904,50,2276,London Liverpool Street,6465414,,,,,6834,SSD,East of England,Greater Anglia,
Stansted Mountfitchet,240696,217102,93442,551240,827,11591,London Liverpool Street,219700,,,,,6833,SST,East of England,Greater Anglia,
Staplehurst,142660,411936,176412,731008,689,0,London Bridge,265886,,,,,5228,SPU,South East,Southeastern,
Stapleton Road,213718,72632,18702,305052,1150,0,Bristol Temple Meads,80550,,,,,3250,SRD,South West,Great Western Railway,
Starbeck,64684,164190,38346,267220,1222,0,Leeds,75140,,,,,8221,SBE,Yorkshire and The Humber,Northern Trains,
Starcross,59726,30392,17100,107218,1729,0,Exeter Central,27270,,,,,3413,SCS,South West,Great Western Railway,
Staveley (Cumbria),3136,22680,17060,42876,2098,0,Kendal,23316,,,,,1977,SVL,North West,Northern Trains,
Stechford,126536,161204,129554,417294,961,0,Birmingham New Street,279336,PTE,West Midlands,,,1043,SCF,West Midlands,West Midlands Trains (West Midlands Railway),
Steeton and Silsden,181486,272270,141146,594902,796,0,Leeds,283336,PTE,West Yorkshire,,,8469,SON,Yorkshire and The Humber,Northern Trains,
Stepps,100220,136012,31420,267652,1221,0,Glasgow Queen Street,192216,"PTE, CS",Strathclyde,,,9842,SPS,Scotland,ScotRail,
Stevenage,1666568,2510348,499530,4676446,115,1192784,London Kings Cross,960492,,,,,6092,SVG,East of England,Govia Thameslink Railway (Great Northern),
Stevenston,31514,61006,7104,99624,1758,0,Glasgow Central,45644,CS,Strathclyde,,,9553,STV,Scotland,ScotRail,
Stewartby,34702,8476,41798,84976,1828,0,Bedford,68942,,,,Marston Vale Line full timetable resumed February 2024 after 14 months partial service,1386,SWR,East of England,West Midlands Trains (London Northwestern Railway),
Stewarton,82086,139278,27130,248494,1258,0,Glasgow Central,157808,CS,Strathclyde,,,9554,STT,Scotland,ScotRail,
Stirling,960326,1435996,131456,2527778,224,462222,Glasgow Queen Street,647156,CS,,,,9888,STG,Scotland,ScotRail,
Stockport,948804,3007590,339576,4295970,128,461907,Manchester Piccadilly,1506002,PTE,Greater Manchester,,,2771,SPT,North West,Avanti West Coast,
Stocksfield,8226,37520,6658,52404,2030,0,Newcastle,36324,,,,,7513,SKS,North East,Northern Trains,
Stocksmoor,5708,11534,5650,22892,2250,0,Huddersfield,7760,PTE,West Yorkshire,,,8451,SSM,Yorkshire and The Humber,Northern Trains,
Stockton,18154,92170,9676,120000,1672,0,Newcastle,32598,,,,,7975,STK,North East,Northern Trains,
Stoke Mandeville,85156,49298,57446,191900,1422,0,London Marylebone,116202,,,,,1467,SKM,South East,Chiltern Railways,
Stoke Newington,462112,829684,173778,1465574,380,0,London Liverpool Street,416030,"Same OD, EL",,,,6934,SKW,London,London Overground,
Stoke-On-Trent,752120,2062472,201210,3015802,178,177469,Manchester Piccadilly,710004,,,,,1314,SOT,West Midlands,Avanti West Coast,
Stone (Staffs),155796,46454,44162,246412,1263,0,Stafford,79408,,,,,1316,SNE,West Midlands,West Midlands Trains (West Midlands Railway),
Stone Crossing,137686,81542,99474,318702,1128,0,London Bridge,39190,,,,,5248,SCG,South East,Southeastern,
Stonebridge Park,374448,790302,190676,1355426,416,0,Queens Park (London),395146,,,,,1454,SBP,London,London Underground,
Stonegate,29858,67386,27034,124278,1648,0,London Bridge,49558,,,,,5240,SOG,South East,Southeastern,
Stonehaven,151774,307162,21426,480362,887,0,Aberdeen,248086,CS,,,,8964,STN,Scotland,ScotRail,
Stonehouse,73782,108228,11130,193140,1419,0,London Paddington,69948,,,,,4770,SHU,South West,Great Western Railway,
Stoneleigh,331604,383738,91744,807086,645,0,London Waterloo,337816,"Same OD, EL",,,,5606,SNL,South East,South Western Railway,
Stourbridge Junction,325244,649104,497642,1471990,377,319696,Birmingham Snow Hill,451994,PTE,West Midlands,,,4646,SBJ,West Midlands,West Midlands Trains (West Midlands Railway),
Stourbridge Town,69536,139076,169970,378582,1015,0,Kidderminster,63944,PTE,West Midlands,,,4643,SBT,West Midlands,West Midlands Trains (West Midlands Railway),
Stow,33032,38456,3500,74988,1889,0,Edinburgh,44366,CS,,,,9396,SOI,Scotland,ScotRail,
Stowmarket,269052,541524,165332,975908,551,81458,London Liverpool Street,278238,,,,,7355,SMK,East of England,Greater Anglia,
Stranraer,13904,16264,28,30196,2188,0,Glasgow Central,13302,"CS, AutoTOD",,,,9555,STR,Scotland,ScotRail,
Stratford (London),14805516,29495416,7172586,51473518,7,4873825,London Liverpool Street,5181418,"EL, CPAY",,,,6969,SRA,London,Elizabeth line,
Stratford International,593420,1799138,346386,2738944,203,214467,London St Pancras International,853538,Same OD,,,,7222,SFA,London,HS1 Ltd,
Stratford-Upon-Avon,148462,429608,262762,840832,624,112,Birmingham Moor Street,255212,PTE,,,,4558,SAV,West Midlands,West Midlands Trains (West Midlands Railway),
Stratford-upon-Avon Parkway,46000,54684,8388,109072,1720,1258,Birmingham New Street,48488,,,,,6794,STY,West Midlands,West Midlands Trains (West Midlands Railway),
Strathcarron,4550,1998,72,6620,2417,0,Inverness,2812,AutoTOD,,,,8673,STC,Scotland,ScotRail,
Strawberry Hill,273416,348920,65258,687594,727,518,London Waterloo,188194,Same OD,,,,5607,STW,London,South Western Railway,
Streatham (Greater London),839114,1110476,488130,2437720,235,298484,Farringdon,265856,,,,,5383,STE,London,Govia Thameslink Railway (Southern),
Streatham Common,820384,1192456,752562,2765402,201,91029,London Victoria,735586,,,,,5384,SRC,London,Govia Thameslink Railway (Southern),
Streatham Hill,603364,862174,358728,1824266,309,0,London Victoria,495374,,,,,5435,SRH,London,Govia Thameslink Railway (Southern),
Streethouse,11772,9912,3922,25606,2230,0,Leeds,14284,PTE,West Yorkshire,,,8543,SHC,Yorkshire and The Humber,Northern Trains,
Strines,3032,7572,3082,13686,2342,0,Manchester Piccadilly,6582,PTE,,,,2834,SRN,North West,Northern Trains,
Stromeferry,804,328,0,1132,2532,0,Inverness,348,,,,,8674,STF,Scotland,ScotRail,
Strood (Kent),400476,477158,290004,1167638,471,534077,London St Pancras International,200212,Season,,,,5191,SOO,South East,Southeastern,
Stroud (Gloucs),182490,379330,93536,655356,752,0,London Paddington,234030,,,,,4771,STD,South West,Great Western Railway,
Sturry,31458,51406,29316,112180,1709,0,Canterbury West,34788,,,,,5029,STU,South East,Southeastern,
Styal,10882,12748,4428,28058,2206,0,Manchester Piccadilly,5716,,,,,2868,SYA,North West,Northern Trains,
Sudbury (Suffolk),103344,182226,62330,347900,1079,0,London Liverpool Street,111158,,,,,7098,SUY,East of England,Greater Anglia,
Sudbury and Harrow Road,16764,3620,2568,22952,2249,0,London Marylebone,20642,"Same OD, EL, CPAY",,,,1483,SUD,London,Chiltern Railways,
Sudbury Hill Harrow,27700,23280,2888,53868,2016,0,London Marylebone,45454,"Same OD, EL, CPAY",,,,1484,SDH,London,Chiltern Railways,
Sugar Loaf,0,842,0,842,2550,0,Swansea,348,AutoTOD,,,,4157,SUG,Wales,TfW Rail,
Summerston,37434,64830,11732,113996,1699,0,Glasgow Queen Street,81552,"PTE, CS",Strathclyde,,,9959,SUM,Scotland,ScotRail,
Sunbury,122714,176638,91184,390536,992,0,London Waterloo,172926,,,,,5608,SUU,South East,South Western Railway,
Sunderland,151544,499558,57996,709098,705,5702,Newcastle,154454,PTE,Tyne & Wear,,,7640,SUN,North East,Northern Trains,
Sundridge Park,86966,83920,22138,193024,1420,0,London Bridge,66280,Same OD,,,,5155,SUP,London,Southeastern,
Sunningdale,203540,335278,58396,597214,795,0,London Waterloo,249618,,,,,5671,SNG,South East,South Western Railway,
Sunnymeads,8004,17638,1624,27266,2218,0,London Waterloo,8234,,,,,5675,SNY,South East,South Western Railway,
Surbiton,2622084,3921760,1045720,7589564,63,635591,London Waterloo,3605796,"Same OD, EL",,,,5571,SUR,London,South Western Railway,
Surrey Quays,1373466,2781608,778518,4933592,105,1272957,Canada Water,1680796,EL,,,,1083,SQE,London,London Overground,
Sutton (London),1586408,2173294,879818,4639520,116,470441,London Victoria,901384,,,,,5385,SUO,London,Govia Thameslink Railway (Southern),
Sutton Coldfield,265454,409468,359932,1034854,518,0,Birmingham New Street,517628,PTE,West Midlands,,,1044,SUT,West Midlands,West Midlands Trains (West Midlands Railway),
Sutton Common,105388,106428,53906,265722,1226,0,Wimbledon,75308,Same OD,,,,5436,SUC,London,Govia Thameslink Railway (Thameslink),
Sutton Parkway,84242,37214,19846,141302,1571,0,Nottingham,84778,,,,,1861,SPK,East Midlands,East Midlands Railway,
Swale,3438,1912,1950,7300,2406,0,Sittingbourne,1254,,,,,5249,SWL,South East,Southeastern,
Swanley,585334,800782,137466,1523582,365,180928,London Victoria,413426,Same OD,,,,5075,SAY,South East,Southeastern,
Swanscombe,132302,123760,83542,339604,1098,0,Gravesend,64594,,,,,5156,SWM,South East,Southeastern,
Swansea,858050,1311344,134456,2303850,255,29264,Cardiff Central,593316,,,,,4222,SWA,Wales,TfW Rail,
Swanwick,193470,290106,79334,562910,816,0,Southampton Central,151328,,,,,5920,SNW,South East,South Western Railway,
Sway,19534,47698,14166,81398,1856,0,Southampton Central,15920,,,,,5884,SWY,South East,South Western Railway,
Swaythling,21564,42732,10276,74572,1890,0,Eastleigh,11964,,,,,5933,SWG,South East,South Western Railway,
Swinderby,16938,2606,2548,22092,2262,0,Lincoln,11774,,,,,6355,SWD,East Midlands,East Midlands Railway,
Swindon (Wilts),361158,2546072,243682,3150912,170,234297,London Paddington,1012382,,,,,3333,SWI,South West,Great Western Railway,
Swineshead,470,224,538,1232,2525,0,Sleaford,878,,,,,6228,SWE,East Midlands,East Midlands Railway,
Swinton (Manchester),48204,86310,30768,165282,1501,0,Manchester Victoria,62528,PTE,Greater Manchester,,,2800,SNN,North West,Northern Trains,
Swinton (South Yorks),100160,194726,51302,346188,1082,3770,Sheffield,140020,PTE,South Yorkshire,,,6686,SWN,Yorkshire and The Humber,Northern Trains,
Sydenham (London),1146210,1906478,488852,3541540,155,0,Canada Water,995818,EL,,,,5437,SYD,London,London Overground,
Sydenham Hill,272078,294646,127622,694346,723,0,London Victoria,343750,Same OD,,,,5085,SYH,London,Southeastern,
Syon Lane,443592,279256,145882,868730,607,0,London Waterloo,178858,Same OD,,,,5609,SYL,London,South Western Railway,
Syston,134072,34468,44640,213180,1354,0,Leicester,88170,,,,,1900,SYS,East Midlands,East Midlands Railway,
Tackley,4916,18226,2192,25334,2232,0,Oxford,17044,,,,,3195,TAC,South East,Great Western Railway,
Tadworth,93678,84758,30826,209262,1370,0,London Bridge,103372,Same OD,,,,5386,TAD,South East,Govia Thameslink Railway (Southern),
Taffs Well,186426,12874,57422,256722,1245,0,Cardiff Central,75556,,,,Rhondda Line was closed between April 2023 and February 2024,3880,TAF,Wales,TfW Rail,
Tain,17958,4614,712,23284,2244,0,Inverness,10632,,,,,8676,TAI,Scotland,ScotRail,
Talsarnau,2976,2012,0,4988,2445,0,Porthmadog,1158,,,,,4479,TAL,Wales,TfW Rail,
Talybont,18976,14910,1986,35872,2152,0,Barmouth,20846,Other,,,,4355,TLB,Wales,TfW Rail,
Tal-y-Cafn,1920,1052,0,2972,2481,0,Llandudno,488,,PTE Urban Area Station,,,2463,TLC,Wales,TfW Rail,
Tame Bridge Parkway,214162,284016,133994,632172,767,42805,Birmingham New Street,460038,PTE,West Midlands,,,1010,TAB,West Midlands,West Midlands Trains (West Midlands Railway),
Tamworth,483594,659442,97210,1240246,450,358577,Birmingham New Street,438128,,,,,1322,TAM,West Midlands,West Midlands Trains (London Northwestern Railway),
Taplow,170990,283750,74228,528968,839,0,Maidenhead,81304,EL,,,,3151,TAP,South East,Elizabeth line,
Tattenham Corner,62956,65218,21380,149554,1547,0,London Bridge,70154,Same OD,,,,5387,TAT,South East,Govia Thameslink Railway (Southern),
Taunton,275108,1262002,78504,1615614,341,82424,London Paddington,307892,,,,,3471,TAU,South West,Great Western Railway,
Taynuilt,7312,3740,27836,38888,2131,0,Oban,34582,,,,,8727,TAY,Scotland,ScotRail,
Teddington,640688,913082,163312,1717082,326,94434,London Waterloo,619424,Same OD,,,,5572,TED,London,South Western Railway,
Teesside Airport [note 1],,,,,,,,,,,,Station Closed,7521,TEA,North East,Northern Trains,
Teignmouth,154680,474456,131432,760568,672,0,Exeter Central,141276,,,,,3430,TGM,South West,Great Western Railway,
Telford Central,384078,636400,157098,1177576,466,3835,Birmingham New Street,339880,PTE,,,,4691,TFC,West Midlands,West Midlands Trains (West Midlands Railway),
Templecombe,16130,67396,8206,91732,1800,0,London Waterloo,31046,,,,,5837,TMC,South West,South Western Railway,
Tenby,46098,87052,296,133446,1601,0,Pembroke Dock,18912,,,,,4110,TEN,Wales,TfW Rail,
Teynham,53258,71446,56772,181476,1453,0,Sittingbourne,45688,,,,,5193,TEY,South East,Southeastern,
Thames Ditton,337392,329128,94162,760682,671,0,London Waterloo,263820,Same OD,,,,5610,THD,South East,South Western Railway,
Thanet Parkway,21498,73594,28632,123724,1650,824,London St Pancras International,62484,,,,Opened in 2023-24,2041,THP,South East,Southeastern,
Thatcham,135504,242804,86608,464916,903,0,London Paddington,179180,,,,,3152,THA,South East,Great Western Railway,
Thatto Heath,56242,58804,33676,148722,1551,0,Liverpool Lime Street,88478,PTE,Merseyside,,,2264,THH,North West,Northern Trains,
The Hawthorns,84820,138928,110680,334428,1106,0,Birmingham Snow Hill,83310,PTE,West Midlands,,,4523,THW,West Midlands,West Midlands Trains (West Midlands Railway),
The Lakes (Warks),5604,7116,5058,17778,2300,0,Stratford-Upon-Avon,4776,PTE,,,,4538,TLK,West Midlands,West Midlands Trains (West Midlands Railway),
Theale,136622,176152,77734,390508,993,0,London Paddington,148246,,,,,3153,THE,South East,Great Western Railway,
Theobalds Grove,270286,427220,53668,751174,679,0,Seven Sisters,246508,EL,,,,6949,TEO,East of England,London Overground,
Thetford,67230,210688,27700,305618,1148,6,Norwich,95006,Other,,,,7203,TTF,East of England,Greater Anglia,
Thirsk,69576,199132,19316,288024,1179,0,York,95760,,,,,8191,THI,Yorkshire and The Humber,TransPennine Express,
Thornaby,82740,511244,65808,659792,749,60295,Newcastle,90044,,,,,7976,TBY,North East,TransPennine Express,
Thorne North,29056,124944,24734,178734,1459,484,Doncaster,101886,Group,South Yorkshire,,,6530,TNN,Yorkshire and The Humber,Northern Trains,THORNE BR
Thorne South,22288,26576,17648,66512,1938,0,Doncaster,30566,Group,South Yorkshire,,,6531,TNS,Yorkshire and The Humber,Northern Trains,THORNE BR
Thornford,502,1810,0,2312,2492,0,Weymouth,632,,,,,5849,THO,South West,Great Western Railway,
Thornliebank,82688,92316,21420,196424,1405,0,Glasgow Central,133638,"PTE, CS",Strathclyde,,,9812,THB,Scotland,ScotRail,
Thornton Abbey,262,462,0,724,2558,0,Barton-On-Humber,276,,,,,6210,TNA,Yorkshire and The Humber,East Midlands Railway,
Thornton Heath,672416,1081998,677594,2432008,237,15190,London Victoria,603172,,,,,5388,TTH,London,Govia Thameslink Railway (Southern),
Thorntonhall,7752,9458,956,18166,2297,0,Glasgow Central,9144,"PTE, CS",Strathclyde,,,9825,THT,Scotland,ScotRail,
Thorpe Bay,250958,298616,118364,667938,747,0,London Fenchurch Street,287316,,,,,7460,TPB,East of England,c2c,
Thorpe Culvert,534,234,20,788,2554,0,Skegness,500,,,,,6267,TPC,East Midlands,East Midlands Railway,
Thorpe-le-Soken,46316,62518,34244,143078,1565,288537,London Liverpool Street,42854,,,,,6857,TLS,East of England,Greater Anglia,
Three Bridges,998564,1689422,619454,3307440,164,1076845,London Blackfriars,540368,,,,,5491,TBD,South East,Govia Thameslink Railway (Southern),
Three Oaks,3734,7978,3770,15482,2323,0,Hastings,3216,,,,,5028,TOK,South East,Govia Thameslink Railway (Southern),
Thurgarton,2320,202,682,3204,2479,0,Nottingham,1154,,,,,6203,THU,East Midlands,East Midlands Railway,
Thurnscoe,37790,26994,17610,82394,1844,0,Sheffield,22842,PTE,South Yorkshire,,,8282,THC,Yorkshire and The Humber,Northern Trains,
Thurso,20924,15464,592,36980,2144,0,Inverness,15332,AutoTOD,,,,8677,THS,Scotland,ScotRail,
Thurston,46786,59170,17684,123640,1653,0,Bury St Edmunds,43808,,,,,7356,TRS,East of England,Greater Anglia,
Tilbury Town,302408,534246,274098,1110752,489,22660,Grays,297624,,,,,7462,TIL,East of England,c2c,
Tile Hill,144914,257032,139580,541526,833,0,Birmingham New Street,319750,PTE,West Midlands,,,1035,THL,West Midlands,West Midlands Trains (West Midlands Railway),
Tilehurst,112904,185538,86870,385312,1000,0,London Paddington,145892,,,,,3154,TLH,South East,Great Western Railway,
Tipton,99418,177674,81564,358656,1057,0,Birmingham New Street,192520,PTE,West Midlands,,,1159,TIP,West Midlands,West Midlands Trains (West Midlands Railway),
Tir-Phil,21270,1018,6072,28360,2204,0,Cardiff Central,8924,,,,,4025,TIR,Wales,TfW Rail,
Tisbury,40660,125460,25104,191224,1426,0,Salisbury,60630,,,,,5798,TIS,South West,South Western Railway,
Tiverton Parkway,80678,539302,62926,682906,734,0,London Paddington,198372,,,,,3474,TVP,South West,Great Western Railway,
Todmorden,203146,393892,121080,718118,699,0,Manchester Victoria,225382,PTE,West Yorkshire,,,2677,TOD,Yorkshire and The Humber,Northern Trains,
Tolworth,235354,249394,91122,575870,809,0,London Waterloo,210418,"Same OD, EL",,,,5573,TOL,London,South Western Railway,
Ton Pentre,60990,3732,14500,79222,1866,0,Cardiff Central,28676,,,,Rhondda Line was closed between April 2023 and February 2024,3897,TPN,Wales,TfW Rail,
Tonbridge,863806,1829312,1355040,4048158,136,480924,London Charing Cross,927264,,,,,5229,TON,South East,Southeastern,
Tondu,40078,3054,6818,49950,2047,0,Cardiff Central,24366,Season,,,,4271,TDU,Wales,TfW Rail,
Tonfanau,1060,1420,10,2490,2488,0,Barmouth,644,Other,,,,4432,TNF,Wales,TfW Rail,
Tonypandy,82866,5126,24300,112292,1708,0,Cardiff Central,37412,,,,Rhondda Line was closed between April 2023 and February 2024,3882,TNP,Wales,TfW Rail,
Tooting,302860,339440,161366,803666,649,0,Wimbledon,203940,,,,,5389,TOO,London,Govia Thameslink Railway (Thameslink),
Topsham,184790,94724,20824,300338,1158,0,Exeter Central,99872,,,,,5758,TOP,South West,Great Western Railway,
Torquay,53460,388152,66474,508086,857,1174,Exeter Central,77406,,,,,3434,TQY,South West,Great Western Railway,
Torre,75898,170196,130398,376492,1021,0,Teignmouth,61242,,,,,3432,TRR,South West,Great Western Railway,
Totnes,56480,646942,93902,797324,653,0,London Paddington,154148,,,,,3558,TOT,South West,Great Western Railway,
Tottenham Court Road,18656278,42310604,7166944,68133826,4,60,London Liverpool Street,8699014,"Group, Same OD, EL, CPAY",,,,6556,TCR,London,London Underground,
Tottenham Hale,3627230,4768296,860930,9256456,53,751212,Stansted Airport,1714236,"Same OD, EL, CPAY",,,,6951,TOM,London,Greater Anglia,
Totton,70372,115124,30816,216312,1348,0,Southampton Central,36312,,,,,5921,TTN,South East,South Western Railway,
Town Green,89718,268820,51160,409698,971,0,Liverpool Central,167466,PTE,Merseyside,,,2283,TWN,North West,Merseyrail,
Trafford Park,19212,17316,8020,44548,2087,0,Manchester Piccadilly,11232,PTE,Greater Manchester,,,2969,TRA,North West,Northern Trains,
Trefforest,606222,33062,73150,712434,703,0,Cardiff Central,211536,Season,,,Rhondda Line was closed between April 2023 and February 2024,3887,TRF,Wales,TfW Rail,
Trefforest Estate,80412,3060,37964,121436,1666,0,Trefforest,13800,,,,Rhondda Line was closed between April 2023 and February 2024,3886,TRE,Wales,TfW Rail,
Trehafod,29116,1558,7730,38404,2136,0,Cardiff Central,10622,,,Possible overestimate. Estimates likely to be artificially high due to end of fare zone issues,Rhondda Line was closed between April 2023 and February 2024,3888,TRH,Wales,TfW Rail,
Treherbert,107498,6160,61532,175190,1470,0,Cardiff Central,67048,Season,,,Rhondda Line was closed between April 2023 and February 2024,3889,TRB,Wales,TfW Rail,
Treorchy,83802,5454,36088,125344,1643,0,Cardiff Central,37662,,,,Rhondda Line was closed between April 2023 and February 2024,3891,TRY,Wales,TfW Rail,
Trimley,22708,24526,9832,57066,1998,0,Ipswich,27748,,,,,7225,TRM,East of England,Greater Anglia,
Tring,248196,438930,100856,787982,658,0,London Euston,585454,,,,,1393,TRI,East of England,West Midlands Trains (London Northwestern Railway),
Troed-Y-Rhiw,30532,1534,8796,40862,2115,0,Merthyr Tydfil,17104,,,,,4276,TRD,Wales,TfW Rail,
Troon,197022,272674,28346,498042,864,7100,Glasgow Central,218974,"PTE, CS",Strathclyde,,,9562,TRN,Scotland,ScotRail,
Trowbridge,366072,428160,110092,904324,585,36224,Bath Spa,327322,,,,,3348,TRO,South West,Great Western Railway,
Truro,208340,922356,203972,1334668,422,283377,St Austell,127812,,,,,3540,TRU,South West,Great Western Railway,
Tulloch,1864,388,0,2252,2493,0,Corrour,1336,"CS, AutoTOD",,,,8837,TUL,Scotland,ScotRail,
Tulse Hill,775308,1067064,339148,2181520,269,390929,London Bridge,277890,,,,,5390,TUH,London,Govia Thameslink Railway (Southern),
Tunbridge Wells,636448,1799086,603156,3038690,177,65618,London Bridge,900404,,,,,5230,TBW,South East,Southeastern,
Turkey Street,346280,588054,56300,990634,544,0,Seven Sisters,399874,EL,,,,6952,TUR,London,London Overground,
Tutbury and Hatton,35230,50292,4256,89778,1807,0,Derby,18272,,,,,1783,TUT,East Midlands,East Midlands Railway,
Tweedbank,161542,236366,7916,405824,975,0,Edinburgh,288368,CS,,,,9500,TWB,Scotland,ScotRail,
Twickenham,1612876,2806014,553314,4972204,104,279755,London Waterloo,1649130,"Same OD, EL",,,,5574,TWI,London,South Western Railway,
Twyford,644844,879820,230126,1754790,320,772325,London Paddington,886744,"Same OD, EL",,,,3155,TWY,South East,Great Western Railway,
Ty Croes,3172,2988,2084,8244,2393,0,Bangor (Gwynedd),2698,,,,,2439,TYC,Wales,TfW Rail,
Ty Glas,66904,3084,24506,94494,1788,0,Cardiff Central,27410,,,,,3817,TGS,Wales,TfW Rail,
Tygwyn,472,620,0,1092,2535,0,Barmouth,272,,,,,4357,TYG,Wales,TfW Rail,
Tyndrum Lower,4584,1160,242,5986,2428,0,Oban,1194,"Group, AutoTOD",,,,8728,TYL,Scotland,ScotRail,TYNDRUM BR
Tyseley,97572,75280,70878,243730,1269,10489,Birmingham Moor Street,134858,PTE,West Midlands,,,4518,TYS,West Midlands,West Midlands Trains (West Midlands Railway),
Tywyn,50960,50472,32268,133700,1600,0,Barmouth,39134,Other,,,,4433,TYW,Wales,TfW Rail,
Uckfield,66924,117756,50778,235458,1283,0,London Bridge,142806,Season,,,,5334,UCK,South East,Govia Thameslink Railway (Southern),
Uddingston,255524,362632,83910,702066,710,0,Glasgow Central,464576,"PTE, CS",Strathclyde,,,9776,UDD,Scotland,ScotRail,
Ulceby,1882,2598,0,4480,2450,0,Grimsby Town,1294,,,,,6211,ULC,Yorkshire and The Humber,East Midlands Railway,
Ulleskelf,3406,11292,1804,16502,2311,0,York,10940,,,,,8261,ULL,Yorkshire and The Humber,Northern Trains,
Ulverston,44162,198160,48032,290354,1176,0,Barrow-In-Furness,49544,,,,,2010,ULV,North West,Northern Trains,
Umberleigh,14528,18378,21172,54078,2015,0,Exeter Central,18702,,,,,5826,UMB,South West,Great Western Railway,
University (Birmingham),1041886,1262012,1451714,3755612,145,0,Birmingham New Street,1523768,PTE,West Midlands,,,4504,UNI,West Midlands,West Midlands Trains (West Midlands Railway),
Uphall,224016,224034,40006,488056,875,0,Edinburgh,289538,CS,,,,9373,UHA,Scotland,ScotRail,
Upholland,12208,11380,4096,27684,2211,0,Manchester Victoria,6066,,,,,2364,UPL,North West,Northern Trains,
Upminster,1878150,2657288,485462,5020900,101,811429,West Ham,1274300,EL,,,,7464,UPM,London,c2c,
Upper Halliford,31988,43392,31074,106454,1732,0,London Waterloo,37490,,,,,5613,UPH,South East,South Western Railway,
Upper Holloway,430250,668500,326920,1425670,387,0,Barking,265184,,,,,1524,UHL,London,London Overground,
Upper Tyndrum,4018,1504,238,5760,2433,2,Oban,1172,"Group, CS",,,,8838,UTY,Scotland,ScotRail,TYNDRUM BR
Upper Warlingham,358814,347124,144898,850836,617,0,London Victoria,327078,Same OD,,,,5391,UWL,South East,Govia Thameslink Railway (Southern),
Upton (Merseyside),15786,3558,2848,22192,2259,0,Shotton,5346,PTE,Merseyside,,,2141,UPT,North West,TfW Rail,
Upwey,12976,38232,2326,53534,2018,17018,Dorchester South,7630,,,,,5967,UPW,South West,South Western Railway,
Urmston,152972,150520,67582,371074,1036,0,Manchester Oxford Road,170990,PTE,Greater Manchester,,,2938,URM,North West,Northern Trains,
Uttoxeter,77036,97206,14164,188406,1432,0,Derby,38358,,,,,1342,UTT,West Midlands,East Midlands Railway,
Valley,9732,8536,3320,21588,2268,0,Bangor (Gwynedd),10202,,,,,2440,VAL,Wales,TfW Rail,
Vauxhall,5302680,7384224,2847264,15534168,26,0,Wimbledon,1370318,"London, CPAY",,,,5597,VXH,London,South Western Railway,LONDON BR
Virginia Water,189672,382618,77504,649794,757,94411,London Waterloo,244626,,,,,5676,VIR,South East,South Western Railway,
Waddon,231624,265768,107160,604552,790,0,London Bridge,154104,Same OD,,,,5392,WDO,London,Govia Thameslink Railway (Southern),
Wadhurst,82320,192170,84120,358610,1058,0,London Bridge,125780,,,,,5231,WAD,South East,Southeastern,
Wainfleet,31494,13784,2546,47824,2062,0,Skegness,31992,,,,,6268,WFL,East Midlands,East Midlands Railway,
Wakefield Kirkgate,149636,395456,66696,611788,782,209305,Leeds,71172,"Group, Counts, ODM Counts",West Yorkshire,,,8584,WKK,Yorkshire and The Humber,Northern Trains,WAKEFIELD BR
Wakefield Westgate,570850,1508624,254436,2333910,248,116315,Leeds,819990,"Group, Counts, ODM Counts",West Yorkshire,,,8591,WKF,Yorkshire and The Humber,London North Eastern Railway,WAKEFIELD BR
Walkden,93644,160090,46768,300502,1157,0,Manchester Victoria,134056,PTE,Greater Manchester,,,2612,WKD,North West,Northern Trains,
Wallasey Grove Road,175954,251490,71318,498762,863,0,Liverpool James Street,134274,PTE,Merseyside,,,2154,WLG,North West,Merseyrail,
Wallasey Village,171482,225590,71984,469056,898,0,Liverpool Central,115204,PTE,Merseyside,,,2265,WLV,North West,Merseyrail,
Wallington,590292,760920,257922,1609134,343,0,London Bridge,398008,,,,,5394,WLT,London,Govia Thameslink Railway (Southern),
Wallyford,177824,151666,19772,349262,1075,0,Edinburgh,261788,CS,,,,9365,WAF,Scotland,ScotRail,
Walmer,41556,116314,64404,222274,1332,0,London St Pancras International,68016,,,,,5041,WAM,South East,Southeastern,
Walsall,394864,572472,273022,1240358,449,5246,Birmingham New Street,678262,PTE,West Midlands,,,1216,WSL,West Midlands,West Midlands Trains (West Midlands Railway),
Walsden,23354,38614,18498,80466,1861,0,Manchester Victoria,25836,PTE,West Yorkshire,,,2665,WDN,Yorkshire and The Humber,Northern Trains,
Waltham Cross,490702,708058,98936,1297696,432,0,Tottenham Hale,498738,"Same OD, EL",,,,6823,WLC,East of England,Greater Anglia,
Walthamstow Central,1398986,2439100,434004,4272090,129,0,Highams Park,1053336,"EL, CPAY",,,,6953,WHC,London,London Overground,
Walthamstow Queen's Road,299300,497592,200540,997432,541,0,Barking,277460,EL,,,,7407,WMW,London,London Overground,
Walton (Merseyside),82284,184922,102864,370070,1038,0,Liverpool Central,136782,PTE,Merseyside,,,2251,WAO,North West,Merseyrail,
Walton-On-Thames,882694,1055046,488146,2425886,238,0,London Waterloo,1508532,,,,,5575,WAL,South East,South Western Railway,
Walton-on-the-Naze,29568,85888,25186,140642,1575,0,Colchester,32696,,,,,6858,WON,East of England,Greater Anglia,
Wanborough,26296,24832,11022,62150,1967,0,Guildford,15106,,,,,5639,WAN,South East,South Western Railway,
Wandsworth Common,359476,434576,167484,961536,557,0,London Victoria,413894,Same OD,,,,5395,WSW,London,Govia Thameslink Railway (Southern),
Wandsworth Road,219050,287964,103396,610410,783,0,Canada Water,96118,EL,,,,5372,WWR,London,London Overground,
Wandsworth Town,1457826,1687142,641178,3786146,143,0,London Waterloo,1564394,"Same OD, EL",,,,5576,WNT,London,South Western Railway,
Wanstead Park,265082,517922,288140,1071144,504,26795,Blackhorse Road,198768,Same OD,,,,7408,WNP,London,London Overground,
Wapping,720346,1530758,220104,2471208,228,0,Canada Water,781122,EL,,,,1085,WPE,London,London Overground,
Warblington,14676,15532,4426,34634,2159,0,Chichester,5898,,,,,5264,WBL,South East,Govia Thameslink Railway (Southern),
Ware (Herts),460584,508666,99208,1068458,505,0,London Liverpool Street,399102,"Same OD, EL",,,,6824,WAR,East of England,Greater Anglia,
Wareham (Dorset),62670,224940,14376,301986,1155,0,London Waterloo,48560,,,,,5959,WRM,South West,South Western Railway,
Wargrave,43486,44220,22984,110690,1714,0,Henley-On-Thames,36126,,,,,3158,WGV,South East,Great Western Railway,
Warminster,98120,221936,35898,355954,1064,17188,Bath Spa,71332,,,,,5505,WMN,South West,Great Western Railway,
Warnham,3842,3728,2136,9706,2372,0,London Victoria,3312,,,,,5316,WNH,South East,Govia Thameslink Railway (Southern),
Warrington Bank Quay,402340,973608,92470,1468418,379,394616,London Euston,294848,"Group, Counts, ODM Counts",,,Counts 2024-25,2384,WBQ,North West,Avanti West Coast,WARRINGTON BR
Warrington Central,347530,840974,79874,1268378,443,81594,Manchester Oxford Road,372272,"Group, Counts, ODM Counts",,,Counts 2024-25,2390,WAC,North West,Northern Trains,WARRINGTON BR
Warrington West,121564,242698,24708,388970,995,3661,Liverpool Lime Street,143240,,,,,6583,WAW,North West,Northern Trains,
Warwick,198692,305592,115174,619458,775,0,Birmingham Moor Street,164300,PTE,,,,4600,WRW,West Midlands,Chiltern Railways,
Warwick Parkway,122702,343130,27552,493384,869,0,London Marylebone,282486,PTE,,,,8530,WRP,West Midlands,Chiltern Railways,
Water Orton,37512,4936,4348,46796,2069,0,Birmingham New Street,27644,,,,,1121,WTO,West Midlands,West Midlands Trains (West Midlands Railway),
Waterbeach,118740,185228,67860,371828,1033,0,Cambridge,194452,,,,,7079,WBC,East of England,Govia Thameslink Railway (Great Northern),
Wateringbury,20786,32140,18820,71746,1908,0,Maidstone West,14642,,,,,5241,WTR,South East,Southeastern,
Waterloo (Merseyside),350506,924174,234302,1508982,367,0,Liverpool Central,597878,PTE,Merseyside,,,2133,WLO,North West,Merseyrail,
Watford High Street,228312,1110616,24440,1363368,412,0,Carpenders Park,228298,,,,,1455,WFH,East of England,London Overground,
Watford Junction,1956278,4424140,559704,6940122,70,381822,London Euston,3543406,,,,,1402,WFJ,East of England,West Midlands Trains (London Northwestern Railway),
Watford North,11180,41968,11650,64798,1948,0,Watford Junction,28072,,,,,1403,WFN,East of England,West Midlands Trains (London Northwestern Railway),
Watlington,35514,82920,15454,133888,1598,0,Kings Lynn,49822,,,,,7057,WTG,East of England,Govia Thameslink Railway (Great Northern),
Watton-At-Stone,61982,72958,33378,168318,1490,0,Hertford North,64026,,,,,6095,WAS,East of England,Govia Thameslink Railway (Great Northern),
Waun-gron Park,91700,5146,19156,116002,1689,0,Cardiff Central,39480,,,,Rhondda Line was closed between April 2023 and February 2024,3796,WNG,Wales,TfW Rail,
Wavertree Technology Park,103112,113140,76456,292708,1169,0,Liverpool Lime Street,131156,PTE,Merseyside,,,8589,WAV,North West,Northern Trains,
Weeley,12782,18622,10982,42386,2101,0,Colchester,13350,,,,,6859,WEE,East of England,Greater Anglia,
Weeton,24084,57930,12486,94500,1787,0,Leeds,42796,,,,,8509,WET,Yorkshire and The Humber,Northern Trains,
Welham Green,113760,122074,17362,253196,1250,0,Moorgate,45286,EL,,,,6073,WMG,East of England,Govia Thameslink Railway (Great Northern),
Welling,566132,683968,277788,1527888,361,0,London Bridge,344024,Same OD,,,,5128,WLI,London,Southeastern,
Wellingborough,143860,631480,205182,980522,546,4805,London St Pancras International,509210,,,,,1940,WEL,East Midlands,East Midlands Railway,
Wellington (Shropshire),314092,232670,129634,676396,737,0,Shrewsbury,237174,PTE,,,,4690,WLN,West Midlands,West Midlands Trains (West Midlands Railway),
Welshpool,77644,80702,18384,176730,1463,0,Shrewsbury,78638,,,,,4434,WLP,Wales,TfW Rail,
Welwyn Garden City,1128182,1151874,236160,2516216,225,8564,London Kings Cross,635654,"Same OD, EL",,,,6183,WGC,East of England,Govia Thameslink Railway (Great Northern),
Welwyn North,150502,183892,52246,386640,997,0,London Kings Cross,247934,,,,,6096,WLW,East of England,Govia Thameslink Railway (Great Northern),
Wem,38612,56896,16588,112096,1711,0,Shrewsbury,66632,,,,,1347,WEM,West Midlands,TfW Rail,
Wembley Central,965338,2875772,604414,4445524,123,82629,Queens Park (London),980466,EL,,,,1423,WMB,London,London Underground,
Wembley Stadium,200710,639796,44354,884860,597,0,London Marylebone,420208,"Same OD, EL",,,,1509,WCX,London,Chiltern Railways,
Wemyss Bay,90394,113530,7328,211252,1362,0,Glasgow Central,117930,CS,Strathclyde,,,9673,WMS,Scotland,ScotRail,
Wendover,137750,90260,100522,328532,1114,0,London Marylebone,191550,,,,,1466,WND,South East,Chiltern Railways,
Wennington,830,5554,248,6632,2416,0,Leeds,2016,,,,,2681,WNN,North West,Northern Trains,
West Allerton,25816,21514,14516,61846,1970,0,Liverpool Lime Street,41930,PTE,Merseyside,,,2266,WSA,North West,Northern Trains,
West Brompton,1378122,2396566,740438,4515126,122,0,Imperial Wharf,549014,CPAY,,,,8875,WBP,London,London Underground,
West Byfleet,396874,498856,276416,1172146,468,0,London Waterloo,605970,,,,,5684,WBY,South East,South Western Railway,
West Calder,62666,67288,10104,140058,1577,0,Edinburgh,78720,CS,,,,9250,WCL,Scotland,ScotRail,
West Croydon,1319014,2290474,760688,4370176,125,308065,Canada Water,639086,"Group, EL",,,,5411,WCY,London,London Overground,CROYDON BR
West Drayton,1149902,2068514,315194,3533610,156,0,Bond Street,515650,EL,,,,3174,WDT,London,Elizabeth line,
West Dulwich,332682,411776,119970,864428,608,0,London Victoria,524308,Same OD,,,,5086,WDU,London,Southeastern,
West Ealing,877938,1431234,239504,2548676,220,93991,Bond Street,510208,EL,,,,3188,WEA,London,Elizabeth line,
West Ham,3570670,5849420,1644928,11065018,42,5599,Barking,5081268,CPAY,,,,7474,WEH,London,London Underground,
West Hampstead,1158610,2125616,660662,3944888,139,573653,Hampstead Heath,439428,"Group, CPAY",,,,1421,WHD,London,London Overground,WEST HAMPSTEAD BR
West Hampstead Thameslink,1074104,1622542,451002,3147648,171,935688,Elstree and Borehamwood,398816,"Group, CPAY",,,,1525,WHP,London,Govia Thameslink Railway (Thameslink),WEST HAMPSTEAD BR
West Horndon,190144,163866,57960,411970,969,0,London Fenchurch Street,131328,,,,,7466,WHR,East of England,c2c,
West Kilbride,40096,77160,9492,126748,1636,0,Glasgow Central,61532,CS,Strathclyde,,,9564,WKB,Scotland,ScotRail,
West Kirby,219772,923342,92524,1235638,451,0,Liverpool Central,252282,PTE,Merseyside,,,2201,WKI,North West,Merseyrail,
West Malling,230026,470710,195934,896670,588,0,London Bridge,281280,,,,,5129,WMA,South East,Southeastern,
West Norwood,497732,731374,278236,1507342,368,34525,London Victoria,362338,,,,,5438,WNW,London,Govia Thameslink Railway (Southern),
West Ruislip,49240,75390,11778,136408,1587,9636,London Marylebone,59228,"Same OD, EL, AutoTOD",,,,3059,WRU,London,London Underground,
West Runton,19708,14918,246,34872,2158,0,Norwich,10164,,,,,7329,WRN,East of England,Greater Anglia,
West St Leonards,30788,63598,43802,138188,1582,0,Hastings,32856,,,,,5242,WLD,South East,Southeastern,
West Sutton,115806,116982,33112,265900,1224,0,Wimbledon,65854,Same OD,,,,5293,WSU,London,Govia Thameslink Railway (Thameslink),
West Wickham,329872,392872,69894,792638,656,0,London Bridge,321276,Same OD,,,,5054,WWI,London,Southeastern,
West Worthing,143712,402452,125956,672120,742,0,Brighton,166110,,,,,5278,WWO,South East,Govia Thameslink Railway (Southern),
Westbury,151826,350030,41194,543050,832,264345,London Paddington,119318,,,,,5712,WSB,South West,Great Western Railway,
Westcliff,315986,552816,187638,1056440,510,0,London Fenchurch Street,266546,Season,,,,7476,WCF,East of England,c2c,
Westcombe Park,361744,445308,124618,931670,573,0,London Bridge,247794,Same OD,,,,5151,WCB,London,Southeastern,
Westenhanger,16788,25232,20894,62914,1960,0,London St Pancras International,15430,,,,,5030,WHA,South East,Southeastern,
Wester Hailes,35532,23754,3558,62844,1963,0,Edinburgh,29236,CS,,,,9231,WTA,Scotland,ScotRail,
Westerfield,10730,9766,1170,21666,2267,5891,Ipswich,7602,,,,,7226,WFI,East of England,Greater Anglia,
Westerton,216756,378434,79680,674870,741,26787,Glasgow Queen Street,162626,"PTE, CS",Strathclyde,,,9998,WES,Scotland,ScotRail,
Westgate-On-Sea,45208,85438,68482,199128,1400,0,Ramsgate,48368,,,,,5195,WGA,South East,Southeastern,
Westhoughton,66806,54992,44336,166134,1496,0,Manchester Piccadilly,48438,PTE,Greater Manchester,,,2619,WHG,North West,Northern Trains,
Weston Milton,54054,45904,6940,106898,1731,0,Bristol Temple Meads,37620,,,,,3388,WNM,South West,Great Western Railway,
Weston-Super-Mare,276948,707588,56590,1041126,516,8823,Bristol Temple Meads,266116,,,,,3391,WSM,South West,Great Western Railway,
Wetheral,5288,40824,4546,50658,2045,0,Carlisle,28612,,,,,7572,WRL,North West,Northern Trains,
Weybridge,874562,807398,305962,1987922,288,592146,London Waterloo,986508,,,,,5577,WYB,South East,South Western Railway,
Weymouth,133124,601784,16394,751302,678,28590,Dorchester South,95622,,,,,5965,WEY,South West,South Western Railway,
Whaley Bridge,23000,96484,14924,134408,1596,0,Manchester Piccadilly,56654,,,,,2772,WBR,East Midlands,Northern Trains,
Whalley (Lancashire),15620,52182,13316,81118,1859,0,Manchester Victoria,28504,,,,,2736,WHE,North West,Northern Trains,
Whatstandwell,7870,17772,2788,28430,2203,0,Derby,9306,,,,,1585,WTS,East Midlands,East Midlands Railway,
Whifflet,83720,128772,32060,244552,1266,8876,Glasgow Central,79284,"PTE, CS",Strathclyde,,,9753,WFF,Scotland,ScotRail,
Whimple,9442,33980,7718,51140,2038,0,Exeter Central,26472,,,,,5759,WHM,South West,South Western Railway,
Whinhill,13648,24406,5070,43124,2097,0,Glasgow Central,19376,"PTE, CS",Strathclyde,,,9665,WNL,Scotland,ScotRail,
Whiston,53962,84524,39102,177588,1462,0,Liverpool Lime Street,93570,PTE,Merseyside,,,2161,WHN,North West,Northern Trains,
Whitby,8194,118254,27030,153478,1540,0,Middlesbrough,25384,,,,,8184,WTB,Yorkshire and The Humber,Northern Trains,
Whitchurch (Cardiff),17804,1398,3616,22818,2251,0,Cardiff Central,8770,,,,,3896,WHT,Wales,TfW Rail,
Whitchurch (Hampshire),33144,118442,49390,200976,1397,0,London Waterloo,115384,,,,,5527,WCH,South East,South Western Railway,
Whitchurch (Shropshire),64292,87002,13182,164476,1507,0,Shrewsbury,44788,,,,,1348,WTC,West Midlands,TfW Rail,
White Hart Lane,702582,1604944,309454,2616980,213,0,Seven Sisters,1021610,EL,,,,6956,WHL,London,London Overground,
White Notley,2968,3212,1480,7660,2399,0,London Liverpool Street,2278,,,,,6846,WNY,East of England,Greater Anglia,
Whitechapel,10871908,21691906,4577014,37140828,12,13770478,London Liverpool Street,4360840,"EL, CPAY",,,,4935,ZLW,London,London Underground,
Whitecraigs,127232,169962,24024,321218,1123,0,Glasgow Central,245748,"PTE, CS",Strathclyde,,,9777,WCR,Scotland,ScotRail,
Whitehaven,51924,212018,21140,285082,1188,0,Carlisle,73028,,,,,2048,WTH,North West,Northern Trains,
Whitland,13988,29450,1142,44580,2086,2752,Carmarthen,16628,,,,,4111,WTL,Wales,TfW Rail,
Whitley Bridge,706,122,32,860,2548,0,Leeds,436,,,,,8130,WBD,Yorkshire and The Humber,Northern Trains,
Whitlocks End,88944,103546,31418,223908,1325,0,Birmingham Moor Street,136692,PTE,West Midlands,,,4539,WTE,West Midlands,West Midlands Trains (West Midlands Railway),
Whitstable,143136,521354,212328,876818,602,0,London St Pancras International,265562,,,,,5196,WHI,South East,Southeastern,
Whittlesea,29264,17482,4448,51194,2035,0,Peterborough,18124,,,,,7187,WLE,East of England,Greater Anglia,
Whittlesford Parkway,124806,233140,96316,454262,913,0,London Liverpool Street,182484,,,,,7047,WLF,East of England,Greater Anglia,
Whitton (London),482244,631970,176852,1291066,433,0,London Waterloo,461666,"Same OD, EL",,,,5611,WTN,London,South Western Railway,
Whitwell (Derbyshire),5150,3890,1646,10686,2360,0,Nottingham,4272,,,,,6551,WWL,East Midlands,East Midlands Railway,
Whyteleafe,83604,124852,19742,228198,1308,0,London Bridge,110792,Same OD,,,,5396,WHY,South East,Govia Thameslink Railway (Southern),
Whyteleafe South,47500,51826,15338,114664,1694,0,London Bridge,46832,Same OD,,,,5439,WHS,South East,Govia Thameslink Railway (Southern),
Wick,9892,5654,500,16046,2316,0,Inverness,5298,AutoTOD,,,,8680,WCK,Scotland,ScotRail,
Wickford,760142,566502,511620,1838264,308,406901,London Liverpool Street,892142,,,,,6891,WIC,East of England,Greater Anglia,
Wickham Market,18758,44396,4482,67636,1932,0,London Liverpool Street,23544,,,,,7227,WCM,East of England,Greater Anglia,
Widdrington,1282,1210,160,2652,2483,0,Newcastle,1778,,,,,7695,WDD,North East,Northern Trains,
Widnes,163120,240556,24354,428030,950,0,Liverpool Lime Street,171234,,,,,2391,WID,North West,Northern Trains,
Widney Manor,103184,133156,109464,345804,1083,0,Birmingham Moor Street,211342,PTE,West Midlands,,,4528,WMR,West Midlands,West Midlands Trains (West Midlands Railway),
Wigan North Western,299754,907402,152398,1359554,413,894090,London Euston,272446,Group,Greater Manchester,,,2363,WGN,North West,Avanti West Coast,WIGAN BR
Wigan Wallgate,276264,836294,140456,1253014,446,286727,Manchester Victoria,281426,"Group, Counts",Greater Manchester,,,2406,WGW,North West,Northern Trains,WIGAN BR
Wigton,10008,43696,11198,64902,1946,0,Carlisle,31802,,,,,2098,WGT,North West,Northern Trains,
Wildmill,18196,5614,5068,28878,2199,0,Cardiff Central,11984,,,,,3965,WMI,Wales,TfW Rail,
Willesden Junction,2216958,3838022,986974,7041954,67,2424898,Wembley Central,574954,"EL, CPAY",,,,1457,WIJ,London,London Overground,
Williamwood,95832,149918,40608,286358,1184,0,Glasgow Central,191006,"PTE, CS",Strathclyde,,,9781,WLM,Scotland,ScotRail,
Willington,18198,19856,2086,40140,2124,0,Birmingham New Street,12218,,,,,1905,WIL,East Midlands,East Midlands Railway,
Wilmcote,6690,11490,1390,19570,2283,0,Stratford-Upon-Avon,7430,,,,,4568,WMC,West Midlands,West Midlands Trains (West Midlands Railway),
Wilmslow,360870,709356,178482,1248708,447,110393,Manchester Piccadilly,429576,,,,,2774,WML,North West,Northern Trains,
Wilnecote (Staffs),63160,20760,14814,98734,1766,0,Birmingham New Street,71248,,,,,1056,WNE,West Midlands,West Midlands Trains (West Midlands Railway),
Wimbledon,4214946,6831498,2197992,13244436,36,917370,London Waterloo,2556004,"Same OD, EL, CPAY",,,,5578,WIM,London,South Western Railway,
Wimbledon Chase,111578,103970,56042,271590,1214,0,Wimbledon,35282,Same OD,,,,5612,WBO,London,Govia Thameslink Railway (Thameslink),
Winchelsea,3394,12246,3620,19260,2286,0,London St Pancras International,7044,,,,,5042,WSE,South East,Govia Thameslink Railway (Southern),
Winchester,908356,2705244,980336,4593936,118,97244,London Waterloo,1385924,,,,,5924,WIN,South East,South Western Railway,
Winchfield,70948,94564,63488,229000,1305,0,London Waterloo,114842,,,,,5528,WNF,South East,South Western Railway,
Winchmore Hill,554772,708430,145224,1408426,394,0,Finsbury Park,386978,EL,,,,6024,WIH,London,Govia Thameslink Railway (Great Northern),
Windermere,0,391636,11068,402704,978,0,London Euston,58902,,,,,1978,WDM,North West,Northern Trains,
Windsor and Eton Central,365388,1182986,159900,1708274,328,26094,Slough,507462,,,,,3175,WNC,South East,Great Western Railway,
Windsor and Eton Riverside,254748,818848,69622,1143218,480,29022,London Waterloo,413036,,,,,5672,WNR,South East,South Western Railway,
Winnersh,106098,176338,101684,384120,1003,0,Reading,119062,,,,,5697,WNS,South East,South Western Railway,
Winnersh Triangle,87666,96434,33450,217550,1346,0,Reading,69532,,,,,5698,WTI,South East,South Western Railway,
Winsford,72590,132194,10544,215328,1350,0,Liverpool Lime Street,71748,,,,,2269,WSF,North West,West Midlands Trains (London Northwestern Railway),
Wishaw,147150,207882,50232,405264,976,0,Glasgow Central,263108,"PTE, CS",Strathclyde,,,9694,WSH,Scotland,ScotRail,
Witham,607096,624532,692404,1924032,294,157630,London Liverpool Street,792126,Season,,,,6844,WTM,East of England,Greater Anglia,
Witley,90564,72598,47794,210956,1364,0,London Waterloo,94832,,,,,5640,WTY,South East,South Western Railway,
Witton (West Midlands),80466,182624,79136,342226,1090,0,Birmingham New Street,169960,PTE,West Midlands,,,1011,WTT,West Midlands,West Midlands Trains (West Midlands Railway),
Wivelsfield,136414,220572,110036,467022,901,23506,Brighton,93992,,,,,5341,WVF,South East,Govia Thameslink Railway (Southern),
Wivenhoe,65230,206474,80462,352166,1071,471,London Liverpool Street,115884,,,,,6860,WIV,East of England,Greater Anglia,
Woburn Sands,24594,14672,8614,47880,2061,0,Bletchley,13844,,,,Marston Vale Line full timetable resumed February 2024 after 14 months partial service,1539,WOB,South East,West Midlands Trains (London Northwestern Railway),
Woking,2276534,3210504,1035164,6522202,76,1363139,London Waterloo,3284244,,,,,5685,WOK,South East,South Western Railway,
Wokingham,563524,1049826,288736,1902086,298,73552,Reading,507348,,,,,5696,WKM,South East,South Western Railway,
Woldingham,136608,89568,122778,348954,1076,0,London Victoria,92044,,,,,5440,WOH,South East,Govia Thameslink Railway (Southern),
Wolverhampton,1262846,3200718,785714,5249278,100,298366,Birmingham New Street,1918276,PTE,West Midlands,,,1218,WVH,West Midlands,West Midlands Trains (West Midlands Railway),
Wolverton,99018,162996,76860,338874,1100,0,London Euston,141074,,,,,1364,WOL,South East,West Midlands Trains (London Northwestern Railway),
Wombwell,79572,111208,32762,223542,1326,0,Sheffield,71524,PTE,South Yorkshire,,,6688,WOM,Yorkshire and The Humber,Northern Trains,
Wood End,5188,4722,5834,15744,2319,0,Stratford-Upon-Avon,5580,PTE,,,,4536,WDE,West Midlands,West Midlands Trains (West Midlands Railway),
Wood Street,682338,1118414,137428,1938180,291,0,Walthamstow Central,717620,"Same OD, EL",,,,6954,WST,London,London Overground,
Woodbridge,58746,158460,12182,229388,1303,0,Ipswich,67866,Other,,,,7228,WDB,East of England,Greater Anglia,
Woodgrange Park,245298,455260,238210,938768,568,0,Blackhorse Road,185538,,,,,7467,WGR,London,London Overground,
Woodhall,17824,22248,8254,48326,2056,0,Glasgow Central,18714,"PTE, CS",Strathclyde,,,9639,WDL,Scotland,ScotRail,
Woodhouse,14218,22636,3534,40388,2121,0,Sheffield,12946,PTE,South Yorkshire,,,6732,WDH,Yorkshire and The Humber,Northern Trains,
Woodlesford,134276,69970,54282,258528,1238,0,Leeds,198880,PTE,West Yorkshire,,,8578,WDS,Yorkshire and The Humber,Northern Trains,
Woodley,26144,12142,12684,50970,2040,0,Manchester Piccadilly,26578,PTE,Greater Manchester,,,2835,WLY,North West,Northern Trains,
Woodmansterne,49028,64480,13236,126744,1637,0,London Bridge,56098,Same OD,,,,5441,WME,London,Govia Thameslink Railway (Southern),
Woodsmoor,61240,135272,50838,247350,1262,0,Manchester Piccadilly,172858,PTE,Greater Manchester,,,2773,WSR,North West,Northern Trains,
Wool,37640,164314,6880,208834,1374,0,Bournemouth,33000,,,,,5960,WOO,South West,South Western Railway,
Woolston,64330,84966,31048,180344,1456,0,Fareham,29066,,,,Services doubled from June 2024,5925,WLS,South East,South Western Railway,
Woolwich,3755444,7613578,2386968,13755990,34,0,Tottenham Court Road,2779310,EL,,,,6562,WWC,London,Elizabeth line,
Woolwich Arsenal,678352,1201768,388940,2269060,263,0,Dartford,293160,"EL, CPAY",,,,5152,WWA,London,Southeastern,
Woolwich Dockyard,97928,146086,71450,315464,1136,0,London Bridge,85106,Same OD,,,,5153,WWD,London,Southeastern,
Wootton Wawen,4476,11464,3458,19398,2285,0,Stratford-Upon-Avon,7546,PTE,,,,4540,WWW,West Midlands,West Midlands Trains (West Midlands Railway),
Worcester Foregate Street,601728,817070,495450,1914248,295,169971,Birmingham New Street,200306,"PTE, Group, ODM Counts",,,,4893,WOF,West Midlands,West Midlands Trains (West Midlands Railway),WORCESTER BR
Worcester Park,533626,657538,231058,1422222,389,0,London Waterloo,604240,"Same OD, EL",,,,5579,WCP,London,South Western Railway,
Worcester Shrub Hill,181436,246368,149390,577194,808,122921,Birmingham New Street,60362,"PTE, Group, ODM Counts",,,,4891,WOS,West Midlands,West Midlands Trains (West Midlands Railway),WORCESTER BR
Worcestershire Parkway,159114,267832,29238,456184,910,133875,London Paddington,123550,,,,,6580,WOP,West Midlands,Great Western Railway,
Workington,43644,164376,21766,229786,1299,0,Carlisle,74806,,,,,2040,WKG,North West,Northern Trains,
Worksop,127494,353088,34906,515488,852,33938,Sheffield,201888,,,,,6574,WRK,East Midlands,Northern Trains,
Worle,159478,212538,25526,397542,985,0,Bristol Temple Meads,131932,,,,,3390,WOR,South West,Great Western Railway,
Worplesdon,59420,41510,41388,142318,1567,0,London Waterloo,95132,,,,,5686,WPL,South East,South Western Railway,
Worstead,12298,11660,5358,29316,2195,0,Norwich,17434,,,,,7326,WRT,East of England,Greater Anglia,
Worthing,489408,1304090,383992,2177490,270,100194,Brighton,461366,Other,,,,5279,WRH,South East,Govia Thameslink Railway (Southern),
Wrabness,8144,10712,7842,26698,2222,0,London Liverpool Street,6462,,,,,6907,WRB,East of England,Greater Anglia,
Wraysbury,24266,48254,9550,82070,1848,0,London Waterloo,30812,,,,,5673,WRY,South East,South Western Railway,
Wrenbury,4928,5446,864,11238,2358,0,Crewe,4480,,,,,1350,WRE,North West,TfW Rail,
Wressle,48,1016,0,1064,2538,0,York,504,,,,,8123,WRS,Yorkshire and The Humber,Northern Trains,
Wrexham Central,45806,14560,2682,63048,1959,0,Shotton,16422,,,,,4486,WXC,Wales,TfW Rail,
Wrexham General,301294,360506,22766,684566,732,12693,Chester,146148,,,,,4487,WRX,Wales,TfW Rail,
Wye,59594,99862,69104,228560,1307,0,Ashford International,77028,,,,,5031,WYE,South East,Southeastern,
Wylam,15644,80996,14098,110738,1713,0,Newcastle,64630,,Tyne & Wear,,,7514,WYM,North East,Northern Trains,
Wylde Green,153188,223024,144474,520686,845,0,Birmingham New Street,309296,PTE,West Midlands,,,1138,WYL,West Midlands,West Midlands Trains (West Midlands Railway),
Wymondham,49454,131846,16404,197704,1402,0,Norwich,89710,,,,,7383,WMD,East of England,Greater Anglia,
Wythall,18084,30188,17364,65636,1942,0,Birmingham New Street,27482,PTE,West Midlands,,,4532,WYT,West Midlands,West Midlands Trains (West Midlands Railway),
Yalding,11236,16400,14552,42188,2103,0,Maidstone West,10596,,,,,5232,YAL,South East,Southeastern,
Yardley Wood,127408,164668,116988,409064,972,0,Birmingham Moor Street,235542,PTE,West Midlands,,,4537,YRD,West Midlands,West Midlands Trains (West Midlands Railway),
Yarm,34050,99628,12292,145970,1559,0,York,40830,,,,,7917,YRM,North East,TransPennine Express,
Yate,150604,175090,34010,359704,1056,0,Bristol Temple Meads,108356,,,,,3380,YAE,South West,Great Western Railway,
Yatton,149116,283356,94876,527348,841,0,Bristol Temple Meads,127772,,,,,3392,YAT,South West,Great Western Railway,
Yeoford,14412,3258,2220,19890,2279,0,Exeter Central,7700,,,,,5827,YEO,South West,Great Western Railway,
Yeovil Junction,24790,187894,8758,221442,1336,20383,London Waterloo,75694,,,,,5838,YVJ,South West,South Western Railway,
Yeovil Pen Mill,44798,120870,4074,169742,1485,21348,Weymouth,36720,,,,,5856,YVP,South West,Great Western Railway,
Yetminster,2460,4528,100,7088,2408,0,Weymouth,1326,,,,,5857,YET,South West,Great Western Railway,
Ynyswen,1034,36,1468,2538,2486,0,Cardiff Central,1308,,,,Station work ongoing as part of South Wales Metro project,3818,YNW,Wales,TfW Rail,
Yoker,70054,103636,28642,202332,1391,0,Glasgow Central,44608,"PTE, CS",Strathclyde,,,9990,YOK,Scotland,ScotRail,
York,540326,9357008,566768,10464102,48,1247676,London Kings Cross,1801062,,,,,8263,YRK,Yorkshire and The Humber,London North Eastern Railway,
Yorton,4738,3670,146,8554,2387,0,Shrewsbury,5176,,,,,1351,YRT,West Midlands,TfW Rail,
Ystrad Mynach,167312,9796,45036,222144,1333,0,Cardiff Central,99220,,,Possible overestimate. Estimates likely to be artificially high due to end of fare zone issues,,4026,YSM,Wales,TfW Rail,
Ystrad Rhondda,42688,2562,10586,55836,2004,0,Cardiff Central,17698,,,,Rhondda Line was closed between April 2023 and February 2024,3871,YSR,Wales,TfW Rail,
