station_name,national_location_code_nlc,region,ticket_type,entries_and_exits
Abbey Wood,5131,London,full_price,3782112
Aber,3813,Wales,full_price,111988
Abercynon,3801,Wales,full_price,149282
Aberdare,3982,Wales,full_price,240226
Aberdeen,8976,Scotland,full_price,722918
Aberdour,9090,Scotland,full_price,49830
Aberdovey,4435,Wales,full_price,25664
Abererch,4440,Wales,full_price,1744
Abergavenny,3602,Wales,full_price,182910
Abergele and Pensarn,2448,Wales,full_price,39838
Aberystwyth,4303,Wales,full_price,104714
Accrington,2552,North West,full_price,128150
Achanalt,8600,Scotland,full_price,454
Achnasheen,8601,Scotland,full_price,2128
Achnashellach,8602,Scotland,full_price,662
Acklington,7662,North East,full_price,498
Acle,7286,East of England,full_price,16344
Acocks Green,4529,West Midlands,full_price,131358
Acton Bridge (Cheshire),2287,North West,full_price,30528
Acton Central,1404,London,full_price,514990
Acton Main Line,3000,London,full_price,873976
Adderley Park,1036,West Midlands,full_price,63730
Addiewell,9310,Scotland,full_price,7566
Addlestone,5550,South East,full_price,149228
Adisham,5160,South East,full_price,7854
Adlington (Cheshire),2939,North West,full_price,6618
Adlington (Lancashire),2641,North West,full_price,36114
Adwick,8353,Yorkshire and The Humber,full_price,63988
Aigburth,2255,North West,full_price,146788
Ainsdale,2350,North West,full_price,170358
Aintree,2125,North West,full_price,200414
Airbles,9695,Scotland,full_price,40214
Airdrie,9759,Scotland,full_price,273318
Albany Park,5132,London,full_price,348426
Albrighton,4614,West Midlands,full_price,33308
Alderley Edge,2760,North West,full_price,98266
Aldermaston,3145,South East,full_price,16572
Aldershot,5623,South East,full_price,447070
Aldrington,5280,South East,full_price,55404
Alexandra Palace,6025,London,full_price,616502
Alexandra Parade,9905,Scotland,full_price,135240
Alexandria,9861,Scotland,full_price,58928
Alfreton,1805,East Midlands,full_price,127920
Allens West,7520,North East,full_price,28410
Alloa,9883,Scotland,full_price,175966
Alness,8605,Scotland,full_price,16826
Alnmouth,7787,North East,full_price,27994
Alresford (Essex),6847,East of England,full_price,24250
Alsager,1223,North West,full_price,73626
Althorne (Essex),6869,East of England,full_price,13764
Althorpe,6532,Yorkshire and The Humber,full_price,1590
Altnabreac [note 1],8606,Scotland,full_price,
Alton,5544,South East,full_price,185460
Altrincham,2806,North West,full_price,101370
Alvechurch,1198,West Midlands,full_price,68894
Ambergate,1678,East Midlands,full_price,16352
Amberley,5250,South East,full_price,25400
Amersham,506,South East,full_price,780780
Ammanford,4236,Wales,full_price,11678
Ancaster,6358,East Midlands,full_price,3668
Anderston,9965,Scotland,full_price,171298
Andover,5510,South East,full_price,213592
Anerley,5397,London,full_price,328050
Angmering,5267,South East,full_price,191328
Annan,9451,Scotland,full_price,21466
Anniesland,9972,Scotland,full_price,339812
Ansdell and Fairhaven,2662,North West,full_price,10092
Apperley Bridge,8562,Yorkshire and The Humber,full_price,122192
Appleby,2052,North West,full_price,8670
Appledore (Kent),5003,South East,full_price,7922
Appleford,3109,South East,full_price,3316
Appley Bridge,2396,North West,full_price,38156
Apsley,1430,East of England,full_price,189876
Arbroath,9079,Scotland,full_price,148210
Ardgay,8613,Scotland,full_price,4434
Ardlui,9962,Scotland,full_price,3172
Ardrossan Harbour,9453,Scotland,full_price,53556
Ardrossan South Beach,9569,Scotland,full_price,56506
Ardrossan Town,9455,Scotland,full_price,4974
Ardwick,2960,North West,full_price,184
Argyle Street,9961,Scotland,full_price,365242
Arisaig,8821,Scotland,full_price,4052
Arlesey,6171,East of England,full_price,260242
Armadale (West Lothian),990,Scotland,full_price,97670
Armathwaite,2054,North West,full_price,1080
Arnside,1963,North West,full_price,14336
Arram,8045,Yorkshire and The Humber,full_price,88
Arrochar and Tarbet,9963,Scotland,full_price,16536
Arundel,5251,South East,full_price,52140
Ascot (Berks),5666,South East,full_price,304000
Ascott-Under-Wychwood,3003,South East,full_price,796
Ash,5641,South East,full_price,77176
Ash Vale,5547,South East,full_price,121800
Ashburys,2941,North West,full_price,31750
Ashchurch for Tewkesbury,4700,South West,full_price,37362
Ashfield,9953,Scotland,full_price,24120
Ashford (Surrey),5667,South East,full_price,243976
Ashford International,5004,South East,full_price,756446
Ashington,7608,North East,full_price,15634
Ashley,2850,North West,full_price,2946
Ashley Down,5548,South West,full_price,31980
Ashtead,5347,South East,full_price,341122
Ashton-Under-Lyne,2790,North West,full_price,62190
Ashurst (Kent),5398,South East,full_price,9842
Ashurst New Forest,5906,South East,full_price,23068
Ashwell and Morden,6083,East of England,full_price,59034
Askam,1953,North West,full_price,20604
Aslockton,6233,East Midlands,full_price,11050
Aspatria,2095,North West,full_price,6378
Aspley Guise,1380,East of England,full_price,4054
Aston,1004,West Midlands,full_price,212760
Atherstone,1074,West Midlands,full_price,39774
Atherton,2584,North West,full_price,71512
Attadale,8608,Scotland,full_price,840
Attenborough,1624,East Midlands,full_price,65136
Attleborough,7367,East of England,full_price,63888
Auchinleck,9457,Scotland,full_price,25620
Audley End,7017,East of England,full_price,229064
Aughton Park,2215,North West,full_price,43660
Aviemore,8610,Scotland,full_price,56280
Avoncliff,3265,South West,full_price,12384
Avonmouth,3200,South West,full_price,115762
Axminster,5714,South West,full_price,31882
Aylesbury,1492,South East,full_price,359114
Aylesbury Vale Parkway,1090,South East,full_price,53494
Aylesford,5162,South East,full_price,67830
Aylesham,5197,South East,full_price,33196
Ayr,9463,Scotland,full_price,293648
Bache,2187,North West,full_price,143806
Baglan,4186,Wales,full_price,15122
Bagshot,5681,South East,full_price,46294
Baildon,8552,Yorkshire and The Humber,full_price,58268
Baillieston,9763,Scotland,full_price,56752
Balcombe,5492,South East,full_price,67416
Baldock,6084,East of England,full_price,207890
Balham,5399,London,full_price,1867414
Balloch,9862,Scotland,full_price,169282
Balmossie,9013,Scotland,full_price,1226
Bamber Bridge,2561,North West,full_price,19684
Bamford,2820,East Midlands,full_price,15680
Banavie,8839,Scotland,full_price,4342
Banbury,4502,South East,full_price,540888
Bangor (Gwynedd),2471,Wales,full_price,168188
Bank Hall,2238,North West,full_price,38310
Banstead,5348,South East,full_price,58546
Barassie,9466,Scotland,full_price,54682
Bardon Mill,7563,North East,full_price,1416
Bare Lane,2690,North West,full_price,15548
Bargeddie,9764,Scotland,full_price,33510
Bargoed,4011,Wales,full_price,138626
Barking,7492,London,full_price,3879828
Barking Riverside,1335,London,full_price,433754
Barming,5133,South East,full_price,67056
Barmouth,4445,Wales,full_price,99900
Barnehurst,5089,London,full_price,358690
Barnes,5551,London,full_price,800566
Barnes Bridge,5580,London,full_price,320532
Barnetby,6406,Yorkshire and The Humber,full_price,7394
Barnham,5252,South East,full_price,219444
Barnhill,9973,Scotland,full_price,30686
Barnsley,6774,Yorkshire and The Humber,full_price,448370
Barnstaple,5725,South West,full_price,100704
Barnt Green,1096,West Midlands,full_price,115434
Barrhead,9674,Scotland,full_price,180980
Barrhill,9467,Scotland,full_price,1538
Barrow Haven,6212,Yorkshire and The Humber,full_price,452
Barrow-In-Furness,1954,North West,full_price,100668
Barrow-Upon-Soar,1903,East Midlands,full_price,44900
Barry,3805,Wales,full_price,436662
Barry Docks,3806,Wales,full_price,208454
Barry Island,3807,Wales,full_price,303588
Barry Links,9020,Scotland,full_price,372
Barton-On-Humber,6207,Yorkshire and The Humber,full_price,12000
Basildon,7494,East of England,full_price,854324
Basingstoke,5520,South East,full_price,1239952
Bat and Ball,5090,South East,full_price,49134
Bath Spa,3271,South West,full_price,1126126
Bathgate,9311,Scotland,full_price,392668
Batley,8484,Yorkshire and The Humber,full_price,91864
Battersby,7909,Yorkshire and The Humber,full_price,102
Battersea Park,5420,London,full_price,646578
Battle,5215,South East,full_price,103802
Battlesbridge,6870,East of England,full_price,9460
Bayford,6006,East of England,full_price,32534
Beaconsfield,3047,South East,full_price,325494
Bearley,2420,West Midlands,full_price,1466
Bearsden,9966,Scotland,full_price,150438
Bearsted,5091,South East,full_price,79934
Beasdale,8822,Scotland,full_price,138
Beaulieu Road,5890,South East,full_price,2120
Beauly,8877,Scotland,full_price,26894
Bebington,2188,North West,full_price,357620
Beccles,7258,East of England,full_price,33684
Beckenham Hill,5076,London,full_price,138942
Beckenham Junction,5046,London,full_price,600402
Bedford,1512,East of England,full_price,669818
Bedford St Johns,1510,East of England,full_price,31240
Bedhampton,5538,South East,full_price,26892
Bedminster,3245,South West,full_price,67016
Bedworth,1165,West Midlands,full_price,41330
Bedwyn,3070,South West,full_price,15066
Beeston,1625,East Midlands,full_price,296066
Bekesbourne,5198,South East,full_price,19542
Belle Vue,2785,North West,full_price,3718
Bellgrove,9895,Scotland,full_price,289222
Bellingham,5062,London,full_price,231952
Bellshill,9714,Scotland,full_price,239638
Belmont,5350,London,full_price,75056
Belper,1679,East Midlands,full_price,70226
Beltring,5227,South East,full_price,6432
Belvedere,5092,London,full_price,231622
Bempton,8047,Yorkshire and The Humber,full_price,2190
Ben Rhydding,8564,Yorkshire and The Humber,full_price,91734
Benfleet,7439,East of England,full_price,979518
Bentham,2676,Yorkshire and The Humber,full_price,4928
Bentley (Hampshire),5624,South East,full_price,45894
Bentley (South Yorkshire),8352,Yorkshire and The Humber,full_price,46844
Bere Alston,3549,South West,full_price,11280
Bere Ferrers,3550,South West,full_price,2296
Berkhamsted,1390,East of England,full_price,460066
Berkswell,1045,West Midlands,full_price,70272
Bermuda Park,6543,West Midlands,full_price,16004
Berney Arms,7330,East of England,full_price,384
Berry Brow,8431,Yorkshire and The Humber,full_price,7590
Berrylands,5581,London,full_price,144502
Berwick (Sussex),5323,South East,full_price,16854
Berwick-Upon-Tweed,7791,North East,full_price,0
Bescar Lane,2351,North West,full_price,1016
Bescot Stadium,1003,West Midlands,full_price,41320
Betchworth,5472,South East,full_price,4630
Bethnal Green,6961,London,full_price,485822
Betws-y-Coed,2449,Wales,full_price,24542
Beverley,8048,Yorkshire and The Humber,full_price,75352
Bexhill,5211,South East,full_price,278000
Bexley,5093,London,full_price,456224
Bexleyheath,5094,London,full_price,584162
Bicester North,3048,South East,full_price,204180
Bicester Village,3104,South East,full_price,263074
Bickley,5063,London,full_price,308908
Bidston,2136,North West,full_price,102896
Biggleswade,6170,East of England,full_price,311314
Bilbrook,4618,West Midlands,full_price,68308
Billericay,6871,East of England,full_price,1006236
Billingham,7910,North East,full_price,18032
Billingshurst,5464,South East,full_price,121344
Bingham,6235,East Midlands,full_price,22860
Bingley,8553,Yorkshire and The Humber,full_price,343306
Birchgrove,3907,Wales,full_price,39374
Birchington-On-Sea,5163,South East,full_price,50752
Birchwood,2304,North West,full_price,212666
Birkbeck,5401,London,full_price,47602
Birkdale,2352,North West,full_price,153734
Birkenhead Central,2217,North West,full_price,241440
Birkenhead Hamilton Square,2219,North West,full_price,739196
Birkenhead North,2145,North West,full_price,551862
Birkenhead Park,2220,North West,full_price,296198
Birmingham International,1215,West Midlands,full_price,1642174
Birmingham Moor Street,4515,West Midlands,full_price,2154818
Birmingham New Street,1127,West Midlands,full_price,9647958
Birmingham Snow Hill,1006,West Midlands,full_price,839924
Bishop Auckland,7835,North East,full_price,30676
Bishopbriggs,9940,Scotland,full_price,258638
Bishops Stortford,6800,East of England,full_price,1036916
Bishopstone (Sussex),5402,South East,full_price,13900
Bishopton (Renfrewshire),9620,Scotland,full_price,218790
Bitterne,5945,South East,full_price,26552
Blackburn,2737,North West,full_price,247984
Blackheath,5095,London,full_price,750952
Blackhorse Road,7400,London,full_price,776484
Blackpool North,2739,North West,full_price,201032
Blackpool Pleasure Beach,2738,North West,full_price,10086
Blackpool South,2740,North West,full_price,11384
Blackridge,991,Scotland,full_price,24306
Blackrod,2732,North West,full_price,44820
Blackwater,5625,South East,full_price,103276
Blaenau Ffestiniog,2450,Wales,full_price,15904
Blair Atholl,8750,Scotland,full_price,8368
Blairhill,9760,Scotland,full_price,125336
Blake Street,1176,West Midlands,full_price,98512
Blakedown,4574,West Midlands,full_price,24688
Blantyre,9716,Scotland,full_price,141856
Blaydon,7503,North East,full_price,7948
Bleasby,6204,East Midlands,full_price,6114
Bletchley,1360,South East,full_price,406610
Bloxwich,1141,West Midlands,full_price,50958
Bloxwich North,1018,West Midlands,full_price,52246
Blundellsands and Crosby,2123,North West,full_price,327068
Blythe Bridge,1282,West Midlands,full_price,46542
Bodmin Parkway,3501,South West,full_price,26138
Bodorgan,2435,Wales,full_price,3254
Bognor Regis,5253,South East,full_price,207364
Bogston,9668,Scotland,full_price,10186
Bolton,2599,North West,full_price,715772
Bolton-Upon-Dearne,8536,Yorkshire and The Humber,full_price,35432
Bond Street,6553,London,full_price,12604416
Bookham,5626,South East,full_price,75416
Bootle (Cumbria),1993,North West,full_price,3512
Bootle New Strand,2195,North West,full_price,197704
Bootle Oriel Road,2239,North West,full_price,154482
Bordesley,4513,West Midlands,full_price,2380
Borough Green and Wrotham,5130,South East,full_price,134486
Borth,4304,Wales,full_price,37402
Bosham,5254,South East,full_price,21470
Boston,6216,East Midlands,full_price,72532
Botley,5894,South East,full_price,41128
Bottesford,6237,East Midlands,full_price,26984
Bourne End,3018,South East,full_price,87010
Bournemouth,5876,South West,full_price,514088
Bournville,1112,West Midlands,full_price,283460
Bow Brickhill,1381,South East,full_price,17938
Bow Street,4219,Wales,full_price,16996
Bowes Park,6027,London,full_price,205682
Bowling,9968,Scotland,full_price,9380
Box Hill and Westhumble,5403,South East,full_price,26368
Bracknell,5693,South East,full_price,581448
Bradford Forster Square,8346,Yorkshire and The Humber,full_price,497974
Bradford Interchange,8345,Yorkshire and The Humber,full_price,575384
Bradford-On-Avon,3341,South West,full_price,220796
Brading,5530,South East,full_price,3256
Braintree,6801,East of England,full_price,175770
Braintree Freeport,2053,East of England,full_price,47736
Bramhall,2944,North West,full_price,64430
Bramley (Hampshire),5500,South East,full_price,61690
Bramley (West Yorkshire),8496,Yorkshire and The Humber,full_price,137560
Brampton (Cumbria),7565,North West,full_price,1568
Brampton (Suffolk),7259,East of England,full_price,3678
Branchton,9938,Scotland,full_price,40722
Brandon,7200,East of England,full_price,44948
Branksome,5875,South West,full_price,72290
Braystones,2045,North West,full_price,118
Bredbury,2779,North West,full_price,47668
Breich,9251,Scotland,full_price,3282
Brent Cross West,7777,London,full_price,228538
Brentford,5552,London,full_price,357814
Brentwood,6872,East of England,full_price,1251358
Bricket Wood,1560,East of England,full_price,7022
Bridge Of Allan,9889,Scotland,full_price,140550
Bridge Of Orchy,8823,Scotland,full_price,5538
Bridgend,3809,Wales,full_price,708444
Bridgeton,9789,Scotland,full_price,281120
Bridgwater,3449,South West,full_price,152600
Bridlington,8049,Yorkshire and The Humber,full_price,42826
Brierfield,2554,North West,full_price,11548
Brigg,6464,Yorkshire and The Humber,full_price,150
Brighouse,8514,Yorkshire and The Humber,full_price,110368
Brighton,5268,South East,full_price,3166942
Brimsdown,6810,London,full_price,398618
Brinnington,2603,North West,full_price,23180
Bristol Parkway,3230,South West,full_price,456956
Bristol Temple Meads,3231,South West,full_price,2912290
Brithdir,4012,Wales,full_price,9044
Briton Ferry,4187,Wales,full_price,16134
Brixton,5081,London,full_price,276440
Broad Green,2240,North West,full_price,172420
Broadbottom,2892,North West,full_price,54656
Broadstairs,5006,South East,full_price,129992
Brockenhurst,5886,South East,full_price,254470
Brockholes,8429,Yorkshire and The Humber,full_price,11078
Brockley,5404,London,full_price,1110032
Bromborough,2190,North West,full_price,227568
Bromborough Rake,2191,North West,full_price,88614
Bromley Cross (Lancs),2697,North West,full_price,83950
Bromley North,5096,London,full_price,86156
Bromley South,5064,London,full_price,1927876
Bromsgrove,4715,West Midlands,full_price,299654
Brondesbury,1437,London,full_price,644180
Brondesbury Park,1438,London,full_price,366208
Brookmans Park,6074,East of England,full_price,123944
Brookwood,5687,South East,full_price,352812
Broome,4175,West Midlands,full_price,934
Broomfleet,8050,Yorkshire and The Humber,full_price,140
Brora,8618,Scotland,full_price,4570
Brough,8051,Yorkshire and The Humber,full_price,57598
Broughty Ferry,9023,Scotland,full_price,103804
Broxbourne,6812,East of England,full_price,702424
Bruce Grove,6958,London,full_price,397082
Brundall,7289,East of England,full_price,36128
Brundall Gardens,7006,East of England,full_price,6588
Brunstane,8807,Scotland,full_price,86508
Brunswick,3623,North West,full_price,300876
Bruton,5702,South West,full_price,21692
Bryn,2222,North West,full_price,42270
Buckenham,7290,East of England,full_price,58
Buckley,2422,Wales,full_price,37576
Bucknell,4182,West Midlands,full_price,2034
Buckshaw Parkway,7501,North West,full_price,99618
Bugle,3502,South West,full_price,1146
Builth Road,4317,Wales,full_price,3098
Bulwell,1865,East Midlands,full_price,38792
Bures,7085,East of England,full_price,19378
Burgess Hill,5483,South East,full_price,377998
Burley Park,8500,Yorkshire and The Humber,full_price,213998
Burley-In-Wharfedale,8565,Yorkshire and The Humber,full_price,172178
Burnage,2945,North West,full_price,47306
Burneside (Cumbria),1975,North West,full_price,1914
Burnham (Buckinghamshire),3176,South East,full_price,570100
Burnham-On-Crouch,6873,East of England,full_price,76064
Burnley Barracks,2743,North West,full_price,8124
Burnley Central,2550,North West,full_price,32664
Burnley Manchester Road,2549,North West,full_price,187866
Burnside (South Lanarkshire),9767,Scotland,full_price,73142
Burntisland,9107,Scotland,full_price,80762
Burscough Bridge,2279,North West,full_price,66214
Burscough Junction,2280,North West,full_price,17368
Bursledon,5927,South East,full_price,18012
Burton Joyce,6200,East Midlands,full_price,7892
Burton-On-Trent,1658,West Midlands,full_price,223466
Bury St Edmunds,7008,East of England,full_price,308488
Busby,9791,Scotland,full_price,44076
Bush Hill Park,6913,London,full_price,476546
Bushey,1395,East of England,full_price,483652
Butlers Lane,1179,West Midlands,full_price,49006
Buxted,5324,South East,full_price,30856
Buxton,2946,East Midlands,full_price,25232
Byfleet and New Haw,5689,South East,full_price,148000
Bynea,4124,Wales,full_price,958
Cadoxton,3811,Wales,full_price,241208
Caergwrle,2536,Wales,full_price,11860
Caerphilly,3812,Wales,full_price,482020
Caersws,4412,Wales,full_price,19890
Caldercruix,992,Scotland,full_price,28296
Caldicot,3680,Wales,full_price,69492
Caledonian Road and Barnsbury,1439,London,full_price,496922
Calstock,3562,South West,full_price,6278
Cam and Dursley,3238,South West,full_price,89622
Camberley,5682,South East,full_price,120198
Camborne,3504,South West,full_price,55144
Cambridge,7022,East of England,full_price,2798744
Cambridge Heath,6962,London,full_price,312672
Cambridge North,8001,East of England,full_price,508908
Cambuslang,9768,Scotland,full_price,292812
Camden Road,1440,London,full_price,1289098
Camelon,9878,Scotland,full_price,75332
Cameron Bridge,244,Scotland,full_price,18124
Canada Water,1659,London,full_price,5720954
Canary Wharf,6560,London,full_price,5085332
Canley,1129,West Midlands,full_price,121502
Cannock,1016,West Midlands,full_price,116098
Canonbury,1441,London,full_price,883274
Canterbury East,5164,South East,full_price,253176
Canterbury West,5007,South East,full_price,589160
Cantley,7292,East of England,full_price,5324
Capenhurst,2186,North West,full_price,76642
Carbis Bay,3542,South West,full_price,4690
Cardenden,9112,Scotland,full_price,19450
Cardiff Bay,3815,Wales,full_price,564988
Cardiff Central,3899,Wales,full_price,6773434
Cardiff Queen Street,3900,Wales,full_price,1572322
Cardonald,9624,Scotland,full_price,85236
Cardross,9969,Scotland,full_price,32618
Carfin,9877,Scotland,full_price,47094
Cark and Cartmel,1964,North West,full_price,16886
Carlisle,2118,North West,full_price,68040
Carlton,6201,East Midlands,full_price,23910
Carluke,9702,Scotland,full_price,112900
Carmarthen,4068,Wales,full_price,130848
Carmyle,9769,Scotland,full_price,41972
Carnforth,2640,North West,full_price,28356
Carnoustie,9028,Scotland,full_price,73678
Carntyne,9897,Scotland,full_price,144312
Carpenders Park,1442,East of England,full_price,355038
Carrbridge,8621,Scotland,full_price,4780
Carshalton,5405,London,full_price,440462
Carshalton Beeches,5406,London,full_price,327114
Carstairs,9704,Scotland,full_price,14340
Cartsdyke,9680,Scotland,full_price,31392
Castle Bar Park,3098,London,full_price,47464
Castle Cary,5703,South West,full_price,14622
Castleford,8359,Yorkshire and The Humber,full_price,229296
Castleton (Manchester),2919,North West,full_price,35564
Castleton Moor,7914,Yorkshire and The Humber,full_price,840
Caterham,5351,South East,full_price,219542
Catford,5077,London,full_price,318520
Catford Bridge,5047,London,full_price,730412
Cathays,3820,Wales,full_price,698808
Cathcart,9795,Scotland,full_price,181784
Cattal,8232,Yorkshire and The Humber,full_price,12932
Causeland,3568,South West,full_price,484
Cefn-Y-Bedd,2425,Wales,full_price,7058
Chadwell Heath,6874,London,full_price,1554894
Chafford Hundred Lakeside,7447,East of England,full_price,722340
Chalfont and Latimer,539,South East,full_price,313816
Chalkwell,7469,East of England,full_price,496804
Chandlers Ford,5836,South East,full_price,46200
Chapel-En-Le-Frith,2762,East Midlands,full_price,11854
Chapelton (Devon),5820,South West,full_price,112
Chapeltown (South Yorkshire),6664,Yorkshire and The Humber,full_price,127172
Chappel and Wakes Colne,7051,East of England,full_price,8188
Charing (Kent),5097,South East,full_price,29826
Charing Cross (Glasgow),9911,Scotland,full_price,575482
Charlbury,3004,South East,full_price,81162
Charlton,5144,London,full_price,373086
Chartham,5008,South East,full_price,38498
Chassen Road,2947,North West,full_price,21888
Chatelherault,9707,Scotland,full_price,24312
Chatham,5199,South East,full_price,727534
Chathill,7792,North East,full_price,616
Cheadle Hulme,2870,North West,full_price,219900
Cheam,5352,London,full_price,388722
Cheddington,1372,South East,full_price,31074
Chelford (Cheshire),2764,North West,full_price,18184
Chelmsford,6836,East of England,full_price,2707378
Chelsfield,5098,London,full_price,313560
Cheltenham Spa,4731,South West,full_price,510350
Chepstow,3774,Wales,full_price,117030
Cherry Tree,2573,North West,full_price,8944
Chertsey,5553,South East,full_price,187482
Cheshunt,6814,East of England,full_price,941266
Chessington North,5582,London,full_price,191664
Chessington South,5554,London,full_price,147946
Chester,2412,North West,full_price,1420480
Chester Road,1130,West Midlands,full_price,215304
Chesterfield,6615,East Midlands,full_price,309526
Chester-Le-Street,7736,North East,full_price,37926
Chestfield and Swalecliffe,5200,South East,full_price,23404
Chetnole,5840,South West,full_price,1064
Chichester,5255,South East,full_price,745514
Chilham,5009,South East,full_price,13082
Chilworth,5296,South East,full_price,11184
Chingford,6914,London,full_price,732920
Chinley,2823,East Midlands,full_price,44344
Chippenham,3267,South West,full_price,332034
Chipstead,5353,South East,full_price,39080
Chirk,4449,Wales,full_price,55094
Chislehurst,5099,London,full_price,423130
Chiswick,5583,London,full_price,253226
Cholsey,3031,South East,full_price,67660
Chorley,2745,North West,full_price,129788
Chorleywood,546,East of England,full_price,201202
Christchurch,5879,South West,full_price,125698
Christs Hospital,5319,South East,full_price,46060
Church and Oswaldtwistle,2556,North West,full_price,18616
Church Fenton,8233,Yorkshire and The Humber,full_price,20896
Church Stretton,4365,West Midlands,full_price,56680
Cilmeri,3785,Wales,full_price,568
City Thameslink,5121,London,full_price,3949342
Clacton-on-Sea,6850,East of England,full_price,166824
Clandon,5555,South East,full_price,59248
Clapham (North Yorkshire),2653,Yorkshire and The Humber,full_price,2368
Clapham High Street,5301,London,full_price,492914
Clapham Junction,5595,London,full_price,7816618
Clapton,6926,London,full_price,669484
Clarbeston Road,4069,Wales,full_price,2270
Clarkston,9792,Scotland,full_price,126136
Claverdon,4593,West Midlands,full_price,2848
Claygate,5556,South East,full_price,185468
Cleethorpes,6274,Yorkshire and The Humber,full_price,25006
Cleland,9718,Scotland,full_price,43460
Clifton (Manchester),2795,North West,full_price,530
Clifton Down,3202,South West,full_price,557198
Clitheroe,2574,North West,full_price,49098
Clock House,5048,London,full_price,384874
Clunderwen,4070,Wales,full_price,6370
Clydebank,9855,Scotland,full_price,95882
Coatbridge Central,9747,Scotland,full_price,19116
Coatbridge Sunnyside,9752,Scotland,full_price,166464
Coatdyke,9762,Scotland,full_price,88688
Cobham and Stoke D'abernon,5557,South East,full_price,185750
Codsall,4616,West Midlands,full_price,51080
Cogan,3828,Wales,full_price,237594
Colchester,6861,East of England,full_price,723036
Colchester Town,6853,East of England,full_price,200574
Coleshill Parkway,9882,West Midlands,full_price,140864
Collingham,6349,East Midlands,full_price,124340
Collington,5457,South East,full_price,58972
Colne,2562,North West,full_price,26188
Colwall,4876,West Midlands,full_price,22220
Colwyn Bay,2451,Wales,full_price,116280
Combe (Oxon),3005,South East,full_price,858
Commondale,7515,Yorkshire and The Humber,full_price,176
Congleton,1227,North West,full_price,57734
Conisbrough,6488,Yorkshire and The Humber,full_price,23182
Connel Ferry,8708,Scotland,full_price,3676
Conon Bridge,6393,Scotland,full_price,9446
Cononley,8470,Yorkshire and The Humber,full_price,46184
Conway Park,3624,North West,full_price,183210
Conwy,2486,Wales,full_price,35876
Cooden Beach,5458,South East,full_price,26002
Cookham,3019,South East,full_price,76798
Cooksbridge,5336,South East,full_price,36902
Coombe Junction Halt,3570,South West,full_price,80
Copplestone,5821,South West,full_price,23576
Corbridge,7504,North East,full_price,9204
Corby,1847,East Midlands,full_price,100396
Corkerhill,9627,Scotland,full_price,76616
Corkickle,2049,North West,full_price,23868
Corpach,8824,Scotland,full_price,2608
Corrour,8825,Scotland,full_price,14418
Coryton,3905,Wales,full_price,49534
Coseley,1143,West Midlands,full_price,131234
Cosford,4617,West Midlands,full_price,26064
Cosham,5896,South East,full_price,287822
Cottingham,8056,Yorkshire and The Humber,full_price,34914
Cottingley,8505,Yorkshire and The Humber,full_price,19866
Coulsdon South,5408,London,full_price,784096
Coulsdon Town,5382,London,full_price,32982
Coventry,1030,West Midlands,full_price,1681198
Coventry Arena,7416,West Midlands,full_price,56818
Cowden (Kent),5409,South East,full_price,15452
Cowdenbeath,9185,Scotland,full_price,50392
Cradley Heath,4639,West Midlands,full_price,185840
Craigendoran,9970,Scotland,full_price,35716
Cramlington,7579,North East,full_price,45442
Cranbrook (Devon),9850,South West,full_price,19932
Craven Arms,3634,West Midlands,full_price,41156
Crawley,5484,South East,full_price,445682
Crayford,5100,London,full_price,438370
Crediton,5754,South West,full_price,127152
Cressing (Essex),6837,East of England,full_price,17012
Cressington,2225,North West,full_price,98132
Creswell,1874,East Midlands,full_price,20606
Crewe,1243,North West,full_price,671358
Crewkerne,5832,South West,full_price,19844
Crews Hill,6007,London,full_price,36692
Crianlarich,8826,Scotland,full_price,10618
Criccieth,4312,Wales,full_price,16832
Cricklewood,1519,London,full_price,264894
Croftfoot,9778,Scotland,full_price,66568
Crofton Park,5078,London,full_price,305808
Cromer,7295,East of England,full_price,65232
Cromford,1822,East Midlands,full_price,17906
Crookston,9628,Scotland,full_price,68948
Cross Gates,8473,Yorkshire and The Humber,full_price,197120
Crossflatts,8554,Yorkshire and The Humber,full_price,117706
Crosshill,9814,Scotland,full_price,93916
Crosskeys,9902,Wales,full_price,70316
Crossmyloof,9796,Scotland,full_price,298944
Croston,2313,North West,full_price,10864
Crouch Hill,7406,London,full_price,257266
Crowborough,5325,South East,full_price,82802
Crowhurst,5233,South East,full_price,7686
Crowle,6524,Yorkshire and The Humber,full_price,4706
Crowthorne,5628,South East,full_price,75980
Croy,9943,Scotland,full_price,522822
Crystal Palace,5356,London,full_price,905330
Cuddington,2305,North West,full_price,22226
Cuffley,6008,East of England,full_price,273924
Culham,3107,South East,full_price,44336
Culrain,8625,Scotland,full_price,232
Cumbernauld,9721,Scotland,full_price,78754
Cupar,9121,Scotland,full_price,72598
Curriehill,9218,Scotland,full_price,67122
Custom House,6561,London,full_price,2602272
Cuxton,5201,South East,full_price,27282
Cwmbach,3981,Wales,full_price,38728
Cwmbran,3738,Wales,full_price,239850
Cynghordy,4147,Wales,full_price,802
Dagenham Dock,7440,London,full_price,175960
Daisy Hill,2777,North West,full_price,57170
Dalgety Bay,9135,Scotland,full_price,102460
Dalmally,8711,Scotland,full_price,2572
Dalmarnock,9790,Scotland,full_price,158836
Dalmeny,9415,Scotland,full_price,203576
Dalmuir,9992,Scotland,full_price,259726
Dalreoch,9864,Scotland,full_price,66818
Dalry,9483,Scotland,full_price,55582
Dalston (Cumbria),2077,North West,full_price,8084
Dalston Junction,1443,London,full_price,1576496
Dalston Kingsland,1429,London,full_price,1278876
Dalton (Cumbria),1957,North West,full_price,14210
Dalwhinnie,8628,Scotland,full_price,2300
Danby,7915,Yorkshire and The Humber,full_price,484
Danescourt,3797,Wales,full_price,65136
Danzey,4519,West Midlands,full_price,3206
Darlington,7877,North East,full_price,191340
Darnall,6729,Yorkshire and The Humber,full_price,7114
Darsham,7211,East of England,full_price,11200
Dartford,5101,South East,full_price,1679312
Darton,8420,Yorkshire and The Humber,full_price,52292
Darwen,2576,North West,full_price,67472
Datchet,5668,South East,full_price,63780
Davenport,2770,North West,full_price,79084
Dawlish,3408,South West,full_price,105640
Dawlish Warren,3409,South West,full_price,69110
Deal,5011,South East,full_price,88114
Dean (Wilts),5942,South West,full_price,5850
Deansgate,2963,North West,full_price,350210
Deganwy,2480,Wales,full_price,10582
Deighton,8441,Yorkshire and The Humber,full_price,20448
Delamere,2306,North West,full_price,13130
Denby Dale,8432,Yorkshire and The Humber,full_price,23910
Denham,3052,South East,full_price,64876
Denham Golf Club,3060,South East,full_price,9896
Denmark Hill,5421,London,full_price,2306090
Dent,2103,North West,full_price,1118
Denton,2855,North West,full_price,38
Deptford,5145,London,full_price,455522
Derby,1823,East Midlands,full_price,809168
Derby Road (Ipswich),7212,East of England,full_price,35344
Devonport,3579,South West,full_price,19302
Dewsbury,8326,Yorkshire and The Humber,full_price,322946
Didcot Parkway,3030,South East,full_price,511998
Digby and Sowton,5753,South West,full_price,308972
Dilton Marsh,5502,South West,full_price,8526
Dinas (Rhondda),3901,Wales,full_price,37524
Dinas Powys,3830,Wales,full_price,76294
Dingle Road,3861,Wales,full_price,125862
Dingwall,8632,Scotland,full_price,43700
Dinsdale,7897,North East,full_price,16082
Dinting,2893,East Midlands,full_price,39978
Disley,2765,North West,full_price,33198
Diss,7348,East of England,full_price,149908
Dockyard (Devonport),3588,South West,full_price,6498
Dodworth,6781,Yorkshire and The Humber,full_price,11194
Dolau,4188,Wales,full_price,426
Doleham,5036,South East,full_price,314
Dolgarrog,2538,Wales,full_price,1912
Dolwyddelan,2452,Wales,full_price,2938
Doncaster,6417,Yorkshire and The Humber,full_price,627334
Dorchester South,5961,South West,full_price,100316
Dorchester West,5962,South West,full_price,20828
Dore and Totley,6690,Yorkshire and The Humber,full_price,70988
Dorking (Deepdene),5412,South East,full_price,137992
Dorking (Main),5357,South East,full_price,227600
Dorking West,5297,South East,full_price,10950
Dormans,5413,South East,full_price,40898
Dorridge,4525,West Midlands,full_price,178936
Dove Holes,2766,East Midlands,full_price,1680
Dover Priory,5033,South East,full_price,232850
Dovercourt,6901,East of England,full_price,40676
Dovey Junction,4436,Wales,full_price,8204
Downham Market,7055,East of England,full_price,126844
Drayton Green,3099,London,full_price,9916
Drayton Park,6000,London,full_price,305720
Drem,9317,Scotland,full_price,86396
Driffield,8057,Yorkshire and The Humber,full_price,24396
Drigg,1994,North West,full_price,1610
Droitwich Spa,4878,West Midlands,full_price,259108
Dronfield,6616,East Midlands,full_price,77676
Drumchapel,9994,Scotland,full_price,113296
Drumfrochar,9967,Scotland,full_price,23278
Drumgelloch,9757,Scotland,full_price,100948
Drumry,9993,Scotland,full_price,73310
Duddeston,1040,West Midlands,full_price,157656
Dudley Port,1212,West Midlands,full_price,107652
Duffield,1691,East Midlands,full_price,32312
Duirinish,8681,Scotland,full_price,642
Duke Street,9906,Scotland,full_price,83812
Dullingham,7027,East of England,full_price,14792
Dumbarton Central,9866,Scotland,full_price,151754
Dumbarton East,9868,Scotland,full_price,108588
Dumbreck,9622,Scotland,full_price,63940
Dumfries,9490,Scotland,full_price,60424
Dumpton Park,5034,South East,full_price,14980
Dunbar,9397,Scotland,full_price,37008
Dunblane,8713,Scotland,full_price,173116
Duncraig,8682,Scotland,full_price,312
Dundee,9039,Scotland,full_price,609640
Dunfermline City,9186,Scotland,full_price,211080
Dunfermline Queen Margaret,9187,Scotland,full_price,89434
Dunkeld and Birnam,8763,Scotland,full_price,25912
Dunlop,9492,Scotland,full_price,24102
Dunrobin Castle,8642,Scotland,full_price,1116
Dunston,7744,North East,full_price,4374
Dunton Green,5102,South East,full_price,42272
Durham,7745,North East,full_price,34778
Durrington-On-Sea,5282,South East,full_price,142510
Dyce,8905,Scotland,full_price,162966
Dyffryn Ardudwy,4455,Wales,full_price,9916
Eaglescliffe,7916,North East,full_price,33428
Ealing Broadway,3190,London,full_price,4507718
Earlestown,2292,North West,full_price,94856
Earley,5694,South East,full_price,129246
Earlsfield,5584,London,full_price,1963712
Earlswood (Surrey),5414,South East,full_price,135974
Earlswood (West Midlands),4520,West Midlands,full_price,6536
East Croydon,5355,London,full_price,6584922
East Didsbury,2949,North West,full_price,73612
East Dulwich,5358,London,full_price,475002
East Farleigh,5234,South East,full_price,14080
East Garforth,8472,Yorkshire and The Humber,full_price,65412
East Grinstead,5486,South East,full_price,328396
East Kilbride,9793,Scotland,full_price,202358
East Linton,365,Scotland,full_price,18288
East Malling,5134,South East,full_price,25858
East Midlands Parkway,1901,East Midlands,full_price,73202
East Tilbury,7471,East of England,full_price,133408
East Worthing,5283,South East,full_price,93706
Eastbourne,5448,South East,full_price,424862
Eastbrook,3795,Wales,full_price,110266
Easterhouse,9894,Scotland,full_price,121854
Eastham Rake,2128,North West,full_price,143164
Eastleigh,5899,South East,full_price,316796
Eastrington,8114,Yorkshire and The Humber,full_price,0
Ebbsfleet International,5566,South East,full_price,565776
Ebbw Vale Parkway,9915,Wales,full_price,31272
Ebbw Vale Town,3628,Wales,full_price,186592
Eccles (Manchester),2950,North West,full_price,74260
Eccles Road,7370,East of England,full_price,602
Eccleston Park,2227,North West,full_price,28536
Edale,2824,East Midlands,full_price,38516
Eden Park,5056,London,full_price,231254
Edenbridge (Kent),5473,South East,full_price,37904
Edenbridge Town,5359,South East,full_price,69394
Edge Hill,2169,North West,full_price,74226
Edinburgh,9328,Scotland,full_price,6010362
Edinburgh Gateway,6545,Scotland,full_price,144818
Edinburgh Park,9395,Scotland,full_price,300186
Edmonton Green,6941,London,full_price,1059160
Effingham Junction,5642,South East,full_price,96740
Eggesford,5822,South West,full_price,13528
Egham,5669,South East,full_price,501524
Egton,7918,Yorkshire and The Humber,full_price,452
Elephant and Castle,5246,London,full_price,770672
Elgin,8977,Scotland,full_price,126824
Ellesmere Port,2121,North West,full_price,154208
Elmers End,5049,London,full_price,302618
Elmstead Woods,5135,London,full_price,376828
Elmswell,7349,East of England,full_price,51500
Elsecar,6667,Yorkshire and The Humber,full_price,60388
Elsenham (Essex),6832,East of England,full_price,76200
Elstree and Borehamwood,1542,East of England,full_price,1067644
Eltham,5103,London,full_price,637982
Elton and Orston,6238,East Midlands,full_price,50
Ely,7068,East of England,full_price,585456
Emerson Park,7473,London,full_price,137776
Emsworth,5257,South East,full_price,114226
Energlyn and Churchill Park,375,Wales,full_price,57514
Enfield Chase,6010,London,full_price,421676
Enfield Lock,6815,London,full_price,509482
Enfield Town,6959,London,full_price,814378
Entwistle,2747,North West,full_price,2188
Epsom (Surrey),5360,South East,full_price,1297274
Epsom Downs,5361,South East,full_price,52018
Erdington,1041,West Midlands,full_price,140172
Eridge,5459,South East,full_price,32416
Erith,5104,London,full_price,261608
Esher,5558,South East,full_price,298516
Eskbank,3776,Scotland,full_price,136938
Essex Road,6004,London,full_price,276276
Etchingham,5217,South East,full_price,44862
Euxton Balshaw Lane,2080,North West,full_price,21136
Evesham,4740,West Midlands,full_price,66888
Ewell East,5415,South East,full_price,220476
Ewell West,5586,South East,full_price,396112
Exeter Central,5755,South West,full_price,944958
Exeter St David's,3410,South West,full_price,527074
Exeter St Thomas,3414,South West,full_price,85980
Exhibition Centre (Glasgow),9914,Scotland,full_price,564854
Exmouth,5756,South West,full_price,277610
Exton,5760,South West,full_price,18076
Eynsford,5065,South East,full_price,38318
Fairbourne,4416,Wales,full_price,20226
Fairfield,2780,North West,full_price,12248
Fairlie,9452,Scotland,full_price,12496
Fairwater,3873,Wales,full_price,65158
Falconwood,5137,London,full_price,327418
Falkirk Grahamston,9930,Scotland,full_price,244164
Falkirk High,9931,Scotland,full_price,308548
Falls Of Cruachan,8726,Scotland,full_price,1596
Falmer,5337,South East,full_price,406994
Falmouth Docks,3508,South West,full_price,21226
Falmouth Town,3591,South West,full_price,59336
Fareham,5900,South East,full_price,469566
Farnborough (Main),5521,South East,full_price,770010
Farnborough North,5688,South East,full_price,166486
Farncombe,5643,South East,full_price,211884
Farnham,5545,South East,full_price,552858
Farningham Road,5105,South East,full_price,51296
Farnworth,2811,North West,full_price,18964
Farringdon,577,London,full_price,19253304
Fauldhouse,9245,Scotland,full_price,21532
Faversham,5167,South East,full_price,347456
Faygate,5493,South East,full_price,5176
Fazakerley,2126,North West,full_price,206890
Fearn,8637,Scotland,full_price,2880
Featherstone,8544,Yorkshire and The Humber,full_price,37288
Felixstowe,7214,East of England,full_price,75496
Feltham,5559,London,full_price,1180746
Feniton,5808,South West,full_price,9688
Fenny Stratford,1377,South East,full_price,14876
Fernhill,3862,Wales,full_price,23668
Ferriby,8061,Yorkshire and The Humber,full_price,6598
Ferryside,4074,Wales,full_price,5128
Ffairfach,4066,Wales,full_price,2546
Filey,8062,Yorkshire and The Humber,full_price,16348
Filton Abbey Wood,3235,South West,full_price,355688
Finchley Road and Frognal,1445,London,full_price,571974
Finsbury Park,6119,London,full_price,4072916
Finstock,3012,South East,full_price,970
Fishbourne (Sussex),5261,South East,full_price,24526
Fishersgate,5284,South East,full_price,34746
Fishguard and Goodwick,6680,Wales,full_price,3124
Fishguard Harbour,4076,Wales,full_price,1112
Fiskerton,6351,East Midlands,full_price,15822
Fitzwilliam,8583,Yorkshire and The Humber,full_price,124834
Five Ways,4503,West Midlands,full_price,450394
Fleet,5522,South East,full_price,461512
Flimby,2026,North West,full_price,3472
Flint,2513,Wales,full_price,157070
Flitwick,1532,East of England,full_price,347654
Flixton,2935,North West,full_price,58066
Flowery Field,2786,North West,full_price,72524
Folkestone Central,5035,South East,full_price,136002
Folkestone West,5027,South East,full_price,161422
Ford,5258,South East,full_price,38394
Forest Gate,6876,London,full_price,1589272
Forest Hill,5362,London,full_price,1392214
Formby,2354,North West,full_price,314606
Forres,8638,Scotland,full_price,51610
Forsinard,8639,Scotland,full_price,1018
Fort Matilda,9675,Scotland,full_price,35190
Fort William,8827,Scotland,full_price,80452
Four Oaks,1042,West Midlands,full_price,191680
Foxfield,2046,North West,full_price,2544
Foxton,7029,East of England,full_price,37420
Frant,5218,South East,full_price,26168
Fratton,5509,South East,full_price,529008
Freshfield,2355,North West,full_price,117092
Freshford,3344,South West,full_price,22558
Frimley,5683,South East,full_price,80606
Frinton-on-Sea,6854,East of England,full_price,41024
Frizinghall,8556,Yorkshire and The Humber,full_price,96162
Frodsham,2284,North West,full_price,123640
Frome,5707,South West,full_price,104084
Fulwell,5587,London,full_price,191298
Furness Vale,2952,East Midlands,full_price,4614
Furze Platt,3144,South East,full_price,61038
Gainsborough Central,6465,East Midlands,full_price,814
Gainsborough Lea Road,6424,East Midlands,full_price,56148
Galashiels,9329,Scotland,full_price,135946
Garelochhead,9971,Scotland,full_price,11558
Garforth,8474,Yorkshire and The Humber,full_price,195832
Gargrave,2654,Yorkshire and The Humber,full_price,8776
Garrowhill,9904,Scotland,full_price,119986
Garscadden,9979,Scotland,full_price,69026
Garsdale,2104,North West,full_price,2968
Garston (Hertfordshire),1559,East of England,full_price,11054
Garswood,2335,North West,full_price,30574
Gartcosh,9723,Scotland,full_price,69146
Garth (Bridgend County),3961,Wales,full_price,17812
Garth (Powys),4148,Wales,full_price,362
Garve,8640,Scotland,full_price,1730
Gathurst,2397,North West,full_price,30520
Gatley,2953,North West,full_price,112880
Gatwick Airport,5416,South East,full_price,9480506
Georgemas Junction,8641,Scotland,full_price,1286
Gerrards Cross,3051,South East,full_price,352076
Gidea Park,6877,London,full_price,1164006
Giffnock,9794,Scotland,full_price,88476
Giggleswick,2655,Yorkshire and The Humber,full_price,3536
Gilberdyke,8117,Yorkshire and The Humber,full_price,8076
Gilfach Fargoed,4022,Wales,full_price,4018
Gillingham (Dorset),5796,South West,full_price,63782
Gillingham (Kent),5169,South East,full_price,734220
Gilshochill,9956,Scotland,full_price,22278
Gipsy Hill,5363,London,full_price,513162
Girvan,9501,Scotland,full_price,19724
Glaisdale,7921,Yorkshire and The Humber,full_price,490
Glan Conwy,2454,Wales,full_price,3140
Glasgow Central,9813,Scotland,full_price,7962152
Glasgow Queen Street,9950,Scotland,full_price,4876534
Glasshoughton,8360,Yorkshire and The Humber,full_price,58758
Glazebrook,2301,North West,full_price,11542
Gleneagles,8715,Scotland,full_price,31744
Glenfinnan,8828,Scotland,full_price,11102
Glengarnock,9503,Scotland,full_price,94204
Glenrothes with Thornton,9301,Scotland,full_price,20530
Glossop,2895,East Midlands,full_price,252128
Gloucester,4760,South West,full_price,475318
Glynde,5338,South East,full_price,22228
Gobowen,4457,West Midlands,full_price,113344
Godalming,5629,South East,full_price,806662
Godley,2948,North West,full_price,30296
Godstone,5474,South East,full_price,18550
Goldthorpe,8284,Yorkshire and The Humber,full_price,29894
Golf Street,9096,Scotland,full_price,808
Golspie,8643,Scotland,full_price,4320
Gomshall,5298,South East,full_price,15570
Goodmayes,6878,London,full_price,1412232
Goole,8025,Yorkshire and The Humber,full_price,64226
Goostrey,1220,North West,full_price,13434
Gordon Hill,6028,London,full_price,452504
Gorebridge,6391,Scotland,full_price,58604
Goring and Streatley,3033,South East,full_price,87898
Goring-By-Sea,5272,South East,full_price,139740
Gorton,2962,North West,full_price,24530
Gospel Oak,1409,London,full_price,796060
Gourock,9635,Scotland,full_price,151484
Gowerton,4131,Wales,full_price,54682
Goxhill,6206,Yorkshire and The Humber,full_price,3234
Grange Park,6029,London,full_price,203098
Grange-Over-Sands,1965,North West,full_price,18324
Grangetown (Cardiff),3839,Wales,full_price,208364
Grantham,6469,East Midlands,full_price,92152
Grateley,5514,South East,full_price,52024
Gravelly Hill,1132,West Midlands,full_price,118530
Gravesend,5172,South East,full_price,957912
Grays,7443,East of England,full_price,1137688
Great Ayton,7922,Yorkshire and The Humber,full_price,1434
Great Bentley,6855,East of England,full_price,26998
Great Chesterford,7032,East of England,full_price,31688
Great Coates,6275,Yorkshire and The Humber,full_price,3180
Great Malvern,4892,West Midlands,full_price,144122
Great Missenden,1463,South East,full_price,199898
Great Yarmouth,7328,East of England,full_price,69532
Green Lane,2218,North West,full_price,168070
Green Road,1996,North West,full_price,1668
Greenbank,2325,North West,full_price,46392
Greenfaulds,9725,Scotland,full_price,42796
Greenfield,2900,North West,full_price,147542
Greenford,3136,London,full_price,57076
Greenhithe for Bluewater,5138,South East,full_price,317864
Greenock Central,9681,Scotland,full_price,73578
Greenock West,9682,Scotland,full_price,102768
Greenwich,5146,London,full_price,747762
Gretna Green,9610,Scotland,full_price,14688
Grimsby Docks,6276,Yorkshire and The Humber,full_price,1426
Grimsby Town,6280,Yorkshire and The Humber,full_price,49278
Grindleford,2825,East Midlands,full_price,24402
Grosmont,8155,Yorkshire and The Humber,full_price,988
Grove Park,5139,London,full_price,731334
Guide Bridge,2955,North West,full_price,113726
Guildford,5631,South East,full_price,1977142
Guiseley,8567,Yorkshire and The Humber,full_price,400518
Gunnersbury,5588,London,full_price,787388
Gunnislake,3563,South West,full_price,6230
Gunton,7299,East of England,full_price,12264
Gwersyllt,4300,Wales,full_price,21278
Gypsy Lane,7930,North East,full_price,10534
Habrough,6281,Yorkshire and The Humber,full_price,12564
Hackbridge,5364,London,full_price,336084
Hackney Central,6977,London,full_price,1432206
Hackney Downs,6867,London,full_price,942272
Hackney Wick,6978,London,full_price,1200304
Haddenham and Thame Parkway,3053,South East,full_price,373884
Haddiscoe,7300,East of England,full_price,5752
Hadfield,2896,East Midlands,full_price,89976
Hadley Wood,6075,London,full_price,141922
Hag Fold,2585,North West,full_price,24006
Haggerston,1022,London,full_price,1216012
Hagley,4577,West Midlands,full_price,66398
Hairmyres,9810,Scotland,full_price,184990
Hale (Manchester),2845,North West,full_price,38430
Halesworth,7266,East of England,full_price,32214
Halewood,2295,North West,full_price,17422
Halifax,8411,Yorkshire and The Humber,full_price,588472
Hall Green,4521,West Midlands,full_price,103338
Hall Road,2229,North West,full_price,49112
Halling,5173,South East,full_price,30728
Hall-I'-Th'-Wood,2572,North West,full_price,49530
Haltwhistle,7568,North East,full_price,15680
Ham Street,5037,South East,full_price,15496
Hamble,5947,South East,full_price,25934
Hamilton Central,9726,Scotland,full_price,220440
Hamilton West,9727,Scotland,full_price,241024
Hammerton,8241,Yorkshire and The Humber,full_price,8694
Hampden Park (Sussex),5450,South East,full_price,193310
Hampstead Heath,1413,London,full_price,1042280
Hampton (London),5560,London,full_price,399282
Hampton Court,5561,South East,full_price,542664
Hampton Wick,5589,London,full_price,303996
Hampton-In-Arden,1033,West Midlands,full_price,56268
Hamstead (Birmingham),1145,West Midlands,full_price,75058
Hamworthy,5940,South West,full_price,48574
Hanborough,3007,South East,full_price,125830
Handforth,2767,North West,full_price,104486
Hanwell,3191,London,full_price,602034
Hapton,2557,North West,full_price,4234
Harlech,4458,Wales,full_price,24428
Harlesden,1521,London,full_price,427076
Harling Road,7374,East of England,full_price,850
Harlington (Bedfordshire),1533,East of England,full_price,84266
Harlow Mill,6804,East of England,full_price,138586
Harlow Town,6827,East of England,full_price,746042
Harold Wood,6879,London,full_price,1290426
Harpenden,1543,East of England,full_price,940442
Harrietsham,5140,South East,full_price,24664
Harringay,6012,London,full_price,385274
Harringay Green Lanes,7401,London,full_price,367168
Harrington,2027,North West,full_price,8706
Harrogate,8213,Yorkshire and The Humber,full_price,315262
Harrow and Wealdstone,1397,London,full_price,1109318
Harrow-On-The-Hill,598,London,full_price,1200410
Hartford (Cheshire),2230,North West,full_price,77262
Hartlebury,4579,West Midlands,full_price,25958
Hartlepool,8009,North East,full_price,95448
Hartwood,9246,Scotland,full_price,5480
Harwich International,6902,East of England,full_price,40272
Harwich Town,6905,East of England,full_price,23464
Haslemere,5633,South East,full_price,415020
Hassocks,5489,South East,full_price,295406
Hastings,5219,South East,full_price,358716
Hatch End,1398,London,full_price,162238
Hatfield (Herts),6070,East of England,full_price,1004316
Hatfield and Stainforth,6528,Yorkshire and The Humber,full_price,13614
Hatfield Peverel,6845,East of England,full_price,109600
Hathersage,2826,East Midlands,full_price,27618
Hattersley,2604,North West,full_price,36584
Hatton,4594,West Midlands,full_price,16306
Havant,5532,South East,full_price,493866
Havenhouse,6260,East Midlands,full_price,456
Haverfordwest,4079,Wales,full_price,30978
Hawarden,2428,Wales,full_price,24952
Hawarden Bridge,2146,Wales,full_price,7638
Hawkhead,9634,Scotland,full_price,70930
Haydon Bridge,7569,North East,full_price,5242
Haydons Road,5289,London,full_price,130758
Hayes (Kent),5050,London,full_price,378254
Hayes and Harlington,3186,London,full_price,2491012
Hayle,3513,South West,full_price,28664
Haymarket,9419,Scotland,full_price,1524352
Haywards Heath,5490,South East,full_price,1047716
Hazel Grove,2768,North West,full_price,140708
Headbolt Lane,425,North West,full_price,165982
Headcorn,5220,South East,full_price,119692
Headingley,8498,Yorkshire and The Humber,full_price,157770
Headstone Lane,1434,London,full_price,142650
Heald Green,2860,North West,full_price,157680
Healing,6283,Yorkshire and The Humber,full_price,2930
Heath High Level,3845,Wales,full_price,320128
Heath Low Level,3908,Wales,full_price,35216
Heathrow Terminal 4 (Rail Station Only),7091,London,full_price,752668
Heathrow Terminal 5 (Rail Station Only),9846,London,full_price,1720384
Heathrow Terminals 2 and 3 (Rail Station Only),7090,London,full_price,2903148
Heaton Chapel,2861,North West,full_price,261092
Hebden Bridge,8524,Yorkshire and The Humber,full_price,259458
Heckington,6220,East Midlands,full_price,22534
Hedge End,5893,South East,full_price,97600
Hednesford,1148,West Midlands,full_price,91528
Heighington,7887,North East,full_price,8768
Helensburgh Central,9981,Scotland,full_price,212744
Helensburgh Upper,9982,Scotland,full_price,3968
Hellifield,2656,Yorkshire and The Humber,full_price,2778
Helmsdale,8647,Scotland,full_price,2980
Helsby,2149,North West,full_price,50202
Hemel Hempstead,1391,East of England,full_price,531272
Hendon,1522,London,full_price,347712
Hengoed,4028,Wales,full_price,98766
Henley-In-Arden,4524,West Midlands,full_price,25550
Henley-On-Thames,3146,South East,full_price,275166
Hensall,8129,Yorkshire and The Humber,full_price,536
Hereford,3607,West Midlands,full_price,275022
Herne Bay,5174,South East,full_price,151874
Herne Hill,5066,London,full_price,823456
Hersham,5590,South East,full_price,259352
Hertford East,6818,East of England,full_price,418142
Hertford North,6085,East of England,full_price,400672
Hessle,8067,Yorkshire and The Humber,full_price,8070
Heswall,2138,North West,full_price,19868
Hever,5417,South East,full_price,8666
Heworth,7766,North East,full_price,9112
Hexham,7506,North East,full_price,52970
Heyford,3194,South East,full_price,9430
Heysham Port,2691,North West,full_price,572
High Brooms,5235,South East,full_price,286848
High Street (Glasgow),9909,Scotland,full_price,293918
High Wycombe,3054,South East,full_price,674000
Higham,5202,South East,full_price,56338
Highams Park,6919,London,full_price,1014412
Highbridge and Burnham,3314,South West,full_price,89162
Highbury and Islington,6009,London,full_price,7151888
Hightown,2356,North West,full_price,73608
Hildenborough,5236,South East,full_price,117308
Hillfoot,9983,Scotland,full_price,92454
Hillington East,9676,Scotland,full_price,82080
Hillington West,9630,Scotland,full_price,109678
Hillside,2231,North West,full_price,113484
Hilsea,5539,South East,full_price,128370
Hinchley Wood,5591,South East,full_price,95510
Hinckley (Leics),1870,East Midlands,full_price,125196
Hindley,2398,North West,full_price,77714
Hinton Admiral,5880,South East,full_price,40980
Hitchin,6086,East of England,full_price,1085160
Hither Green,5107,London,full_price,975078
Hockley,6880,East of England,full_price,308626
Hollingbourne,5141,South East,full_price,15736
Holmes Chapel,1221,North West,full_price,80698
Holmwood,5308,South East,full_price,21414
Holton Heath,5941,South West,full_price,20094
Holyhead,2437,Wales,full_price,61814
Holytown,9738,Scotland,full_price,62580
Homerton,6979,London,full_price,1489526
Honeybourne,4794,West Midlands,full_price,27006
Honiton,5717,South West,full_price,44104
Honley,8436,Yorkshire and The Humber,full_price,12684
Honor Oak Park,5418,London,full_price,863836
Hook,5523,South East,full_price,140534
Hooton,2193,North West,full_price,384376
Hope (Derbyshire),2828,East Midlands,full_price,25852
Hope (Flintshire),2432,Wales,full_price,16582
Hopton Heath,4189,West Midlands,full_price,900
Horden,6604,North East,full_price,17116
Horley,5365,South East,full_price,543464
Hornbeam Park,8212,Yorkshire and The Humber,full_price,125770
Hornsey,6015,London,full_price,558296
Horsforth,8499,Yorkshire and The Humber,full_price,360482
Horsham,5309,South East,full_price,739394
Horsley,5562,South East,full_price,112568
Horton-In-Ribblesdale,2105,Yorkshire and The Humber,full_price,3516
Horwich Parkway,8720,North West,full_price,148488
Hoscar,2399,North West,full_price,186
Hough Green,2303,North West,full_price,64650
Hounslow,5563,London,full_price,292876
Hove,5273,South East,full_price,538560
Hoveton and Wroxham,7327,East of England,full_price,42896
How Wood (Hertfordshire),1563,East of England,full_price,6822
Howden,8071,Yorkshire and The Humber,full_price,21478
Howwood (Renfrewshire),1734,Scotland,full_price,24316
Hoxton,1023,London,full_price,1201076
Hoylake,2194,North West,full_price,148986
Hubberts Bridge,6221,East Midlands,full_price,472
Hucknall,1862,East Midlands,full_price,108910
Huddersfield,8437,Yorkshire and The Humber,full_price,976280
Hull,8126,Yorkshire and The Humber,full_price,177312
Humphrey Park,2937,North West,full_price,15800
Huncoat,2558,North West,full_price,7422
Hungerford,3072,South East,full_price,65022
Hunmanby,8098,Yorkshire and The Humber,full_price,4154
Huntingdon,6108,East of England,full_price,497318
Huntly,8921,Scotland,full_price,33936
Hunts Cross,2235,North West,full_price,301010
Hurst Green,5463,South East,full_price,134212
Hutton Cranswick,8099,Yorkshire and The Humber,full_price,3268
Huyton,2160,North West,full_price,206778
Hyde Central,2829,North West,full_price,33838
Hyde North,2959,North West,full_price,21478
Hykeham,6310,East Midlands,full_price,124078
Hyndland,9845,Scotland,full_price,479368
Hythe (Essex),6851,East of England,full_price,118240
Ifield,5495,South East,full_price,81194
Ilford,6881,London,full_price,2906020
Ilkeston,7783,East Midlands,full_price,106944
Ilkley,8568,Yorkshire and The Humber,full_price,398082
Imperial Wharf,9586,London,full_price,978638
Ince (Manchester),2236,North West,full_price,3372
Ince and Elton (Cheshire),2122,North West,full_price,62
Ingatestone,6882,East of England,full_price,266614
Insch,8922,Scotland,full_price,35666
Invergordon,8648,Scotland,full_price,18746
Invergowrie,8778,Scotland,full_price,14938
Inverkeithing,9136,Scotland,full_price,353688
Inverkip,9646,Scotland,full_price,25332
Inverness,8649,Scotland,full_price,458864
Inverness Airport,455,Scotland,full_price,44400
Invershin,8614,Scotland,full_price,262
Inverurie,8924,Scotland,full_price,166528
Ipswich,7217,East of England,full_price,799646
Irlam,2817,North West,full_price,119178
Irvine,9508,Scotland,full_price,226212
Isleworth,5592,London,full_price,331248
Islip,3110,South East,full_price,14054
Iver,3170,South East,full_price,104648
Ivybridge,3555,South West,full_price,28078
James Cook University Hospital,9507,North East,full_price,11304
Jewellery Quarter,1097,West Midlands,full_price,161064
Johnston (Pembs),4081,Wales,full_price,3676
Johnstone (Renfrewshire),9648,Scotland,full_price,357514
Jordanhill,9995,Scotland,full_price,87324
Kearsley (Manchester),2605,North West,full_price,13048
Kearsney (Kent),5038,South East,full_price,17804
Keighley,8468,Yorkshire and The Humber,full_price,456682
Keith,8925,Scotland,full_price,35250
Kelvedon,6838,East of England,full_price,183394
Kelvindale,1655,Scotland,full_price,18744
Kemble,3325,South West,full_price,38226
Kempston Hardwick,1384,East of England,full_price,5422
Kempton Park Racecourse,5678,South East,full_price,10796
Kemsing,5079,South East,full_price,6846
Kemsley,5205,South East,full_price,88010
Kendal,1976,North West,full_price,17992
Kenilworth,7985,West Midlands,full_price,68864
Kenley,5419,London,full_price,100198
Kennett,7011,East of England,full_price,25062
Kennishead,9816,Scotland,full_price,47042
Kensal Green,1447,London,full_price,274846
Kensal Rise,1448,London,full_price,798036
Kensington Olympia,3092,London,full_price,936092
Kent House,5080,London,full_price,326766
Kentish Town,1553,London,full_price,846004
Kentish Town West,1449,London,full_price,595926
Kenton,1399,London,full_price,341974
Kents Bank,1966,North West,full_price,4578
Kettering,1857,East Midlands,full_price,185688
Kew Bridge,5593,London,full_price,407674
Kew Gardens,5594,London,full_price,383408
Keyham,3571,South West,full_price,6844
Keynsham,3237,South West,full_price,222534
Kidbrooke,5108,London,full_price,572666
Kidderminster,4581,West Midlands,full_price,306594
Kidsgrove,1229,West Midlands,full_price,110142
Kidwelly,4132,Wales,full_price,9938
Kilburn High Road,1415,London,full_price,161588
Kildale,7516,Yorkshire and The Humber,full_price,82
Kildonan,8652,Scotland,full_price,278
Kilgetty,4083,Wales,full_price,5192
Kilmarnock,9512,Scotland,full_price,171050
Kilmaurs,9516,Scotland,full_price,30124
Kilpatrick,9960,Scotland,full_price,25212
Kilwinning,9517,Scotland,full_price,252970
Kinbrace,8653,Scotland,full_price,318
Kingham,3008,South East,full_price,38962
Kinghorn,9142,Scotland,full_price,46044
Kings Langley,1392,East of England,full_price,179258
Kings Lynn,7115,East of England,full_price,214344
Kings Norton,1109,West Midlands,full_price,308772
Kings Nympton,5823,South West,full_price,992
Kings Park,9817,Scotland,full_price,64992
Kings Sutton,4508,East Midlands,full_price,29894
Kingsknowe,9217,Scotland,full_price,19166
Kingston,5565,London,full_price,1425806
Kingswood,5366,South East,full_price,63406
Kingussie,8655,Scotland,full_price,22460
Kintbury,3073,South East,full_price,13804
Kintore,6597,Scotland,full_price,59170
Kirby Cross,6862,East of England,full_price,17060
Kirk Sandall,6527,Yorkshire and The Humber,full_price,25246
Kirkby (Merseyside),2124,North West,full_price,162280
Kirkby Stephen,2057,North West,full_price,5060
Kirkby-in-Ashfield,1867,East Midlands,full_price,66020
Kirkby-In-Furness,1959,North West,full_price,5344
Kirkcaldy,9145,Scotland,full_price,286618
Kirkconnel,9518,Scotland,full_price,5986
Kirkdale,2245,North West,full_price,290752
Kirkham and Wesham,2668,North West,full_price,80260
Kirkhill,9771,Scotland,full_price,19978
Kirknewton,9230,Scotland,full_price,36896
Kirkstall Forge,6544,Yorkshire and The Humber,full_price,119222
Kirkwood,9766,Scotland,full_price,42120
Kirton Lindsey,6466,Yorkshire and The Humber,full_price,40
Kiveton Bridge,6401,Yorkshire and The Humber,full_price,23102
Kiveton Park,6565,Yorkshire and The Humber,full_price,18190
Knaresborough,8214,Yorkshire and The Humber,full_price,124670
Knebworth,6088,East of England,full_price,198404
Knighton,4206,West Midlands,full_price,9682
Knockholt,5109,London,full_price,67840
Knottingley,8546,Yorkshire and The Humber,full_price,79104
Knucklas,4228,Wales,full_price,2614
Knutsford,2848,North West,full_price,90642
Kyle Of Lochalsh,8657,Scotland,full_price,23836
Ladybank,9149,Scotland,full_price,39494
Ladywell,5057,London,full_price,387552
Laindon,7445,East of England,full_price,776914
Lairg,8658,Scotland,full_price,2848
Lake,5504,South East,full_price,3922
Lakenheath,7201,East of England,full_price,556
Lamphey,4084,Wales,full_price,2206
Lanark,9710,Scotland,full_price,94248
Lancaster,2685,North West,full_price,204886
Lancing,5275,South East,full_price,278026
Landywood,1017,West Midlands,full_price,55820
Langbank,9652,Scotland,full_price,18788
Langho,2735,North West,full_price,7958
Langley (Berks),3171,South East,full_price,376078
Langley Green,4607,West Midlands,full_price,46556
Langley Mill,1761,East Midlands,full_price,59868
Langside,9818,Scotland,full_price,74310
Langwathby,2058,North West,full_price,1902
Langwith-Whaley Thorns,1871,East Midlands,full_price,5388
Lapford,5824,South West,full_price,3624
Lapworth,4595,West Midlands,full_price,14050
Larbert,9876,Scotland,full_price,322316
Largs,9521,Scotland,full_price,116582
Larkhall,9728,Scotland,full_price,91384
Laurencekirk,8931,Scotland,full_price,42536
Lawrence Hill,3225,South West,full_price,240714
Layton (Lancs),2669,North West,full_price,9122
Lazonby and Kirkoswald,2059,North West,full_price,2346
Lea Bridge,6927,London,full_price,304782
Lea Green,2339,North West,full_price,127228
Lea Hall,1133,West Midlands,full_price,144268
Leagrave,1534,East of England,full_price,338516
Lealholm,7925,Yorkshire and The Humber,full_price,234
Leamington Spa,4597,West Midlands,full_price,924114
Leasowe,2237,North West,full_price,195822
Leatherhead,5368,South East,full_price,534418
Ledbury,4784,West Midlands,full_price,61032
Lee (London),5110,London,full_price,492542
Leeds,8487,Yorkshire and The Humber,full_price,7051004
Leicester,1947,East Midlands,full_price,1045920
Leigh (Kent),5294,South East,full_price,11220
Leigh-On-Sea,7446,East of England,full_price,671144
Leighton Buzzard,1373,East of England,full_price,371360
Lelant,3539,South West,full_price,540
Lelant Saltings,3498,South West,full_price,36
Lenham,5111,South East,full_price,34612
Lenzie,9955,Scotland,full_price,259086
Leominster,3620,West Midlands,full_price,78854
Letchworth Garden City,6089,East of England,full_price,688734
Leuchars (For St. Andrews),9188,Scotland,full_price,133106
Leven,442,Scotland,full_price,75322
Levenshulme,2862,North West,full_price,172052
Lewes,5329,South East,full_price,567130
Lewisham,5051,London,full_price,2028308
Leyland,2710,North West,full_price,104828
Leyton Midland Road,7402,London,full_price,465554
Leytonstone High Road,7403,London,full_price,330756
Lichfield City,1177,West Midlands,full_price,282824
Lichfield Trent Valley,1291,West Midlands,full_price,134648
Lidlington,1579,East of England,full_price,6522
Limehouse,7491,London,full_price,1096248
Lincoln,6340,East Midlands,full_price,634314
Lingfield,5369,South East,full_price,105070
Lingwood,7305,East of England,full_price,16514
Linlithgow,9438,Scotland,full_price,433050
Liphook,5634,South East,full_price,118278
Liskeard,3573,South West,full_price,84862
Liss,5635,South East,full_price,51178
Lisvane and Thornhill,3853,Wales,full_price,185794
Little Kimble,3066,South East,full_price,5184
Little Sutton,2156,North West,full_price,75710
Littleborough,2661,North West,full_price,80834
Littlehampton,5260,South East,full_price,146162
Littlehaven,5498,South East,full_price,115878
Littleport,7072,East of England,full_price,77870
Liverpool Central,2242,North West,full_price,3819598
Liverpool James Street,2244,North West,full_price,804126
Liverpool Lime Street,2246,North West,full_price,3719084
Liverpool South Parkway,9709,North West,full_price,383928
Livingston North,9371,Scotland,full_price,450814
Livingston South,9372,Scotland,full_price,165122
Llanaber,4327,Wales,full_price,1842
Llanbedr,4356,Wales,full_price,6866
Llanbister Road,4226,Wales,full_price,612
Llanbradach,4018,Wales,full_price,51268
Llandaf,3844,Wales,full_price,325232
Llandanwg,4460,Wales,full_price,3248
Llandecwyn,4334,Wales,full_price,576
Llandeilo,4248,Wales,full_price,8654
Llandovery,4059,Wales,full_price,8242
Llandrindod,4227,Wales,full_price,12602
Llandudno,2484,Wales,full_price,161044
Llandudno Junction,2485,Wales,full_price,116310
Llandybie,4247,Wales,full_price,4524
Llanelli,4133,Wales,full_price,135822
Llanfairfechan,2488,Wales,full_price,13418
Llanfairpwll,2467,Wales,full_price,14674
Llangadog,4060,Wales,full_price,2532
Llangammarch,4162,Wales,full_price,1412
Llangennech,4138,Wales,full_price,1988
Llangynllo,4207,Wales,full_price,410
Llanharan,9925,Wales,full_price,75740
Llanhilleth,9916,Wales,full_price,74280
Llanishen,3847,Wales,full_price,168322
Llanrwst,2457,Wales,full_price,14214
Llansamlet,4223,Wales,full_price,12906
Llantwit Major,9699,Wales,full_price,157602
Llanwrda,4061,Wales,full_price,730
Llanwrtyd,4163,Wales,full_price,2924
Llwyngwril,4421,Wales,full_price,11358
Llwynypia,3852,Wales,full_price,41160
Loch Awe,8712,Scotland,full_price,3766
Loch Eil Outward Bound,8846,Scotland,full_price,4510
Lochailort,8829,Scotland,full_price,1716
Locheilside,8830,Scotland,full_price,320
Lochgelly,9156,Scotland,full_price,24982
Lochluichart,8660,Scotland,full_price,370
Lochwinnoch,9655,Scotland,full_price,45500
Lockerbie,9614,Scotland,full_price,19514
Lockwood,8443,Yorkshire and The Humber,full_price,9886
London Blackfriars,5112,London,full_price,5550722
London Bridge,5148,London,full_price,17233582
London Cannon Street,5142,London,full_price,3696786
London Charing Cross,5143,London,full_price,5425312
London Euston,1444,London,full_price,5155132
London Fenchurch Street,7490,London,full_price,5404074
London Fields,6966,London,full_price,609292
London Kings Cross,6121,London,full_price,2200682
London Liverpool Street,6965,London,full_price,35286688
London Marylebone,1475,London,full_price,3073274
London Paddington,3087,London,full_price,18153760
London Road (Brighton),5281,South East,full_price,132156
London Road (Guildford),5632,South East,full_price,269582
London St Pancras International,1555,London,full_price,8706410
London Victoria,5426,London,full_price,15611522
London Waterloo,5598,London,full_price,23538702
London Waterloo East,5158,London,full_price,2048474
Long Buckby,1067,East Midlands,full_price,62604
Long Eaton,1829,East Midlands,full_price,343030
Long Preston,2657,Yorkshire and The Humber,full_price,3948
Longbeck,7978,North East,full_price,12724
Longbridge,1110,West Midlands,full_price,278030
Longcross,5674,South East,full_price,47980
Longfield,5114,South East,full_price,125304
Longniddry,9354,Scotland,full_price,101908
Longport,1305,West Midlands,full_price,46108
Longton,1306,West Midlands,full_price,46820
Looe,3574,South West,full_price,53428
Lostock,2598,North West,full_price,103220
Lostock Gralam,2307,North West,full_price,14078
Lostock Hall,2689,North West,full_price,6416
Lostwithiel,3517,South West,full_price,23194
Loughborough,1897,East Midlands,full_price,334562
Loughborough Junction,5082,London,full_price,432844
Low Moor,8416,Yorkshire and The Humber,full_price,103762
Lowdham,6202,East Midlands,full_price,41024
Lower Sydenham,5053,London,full_price,252098
Lowestoft,7268,East of England,full_price,110132
Ludlow,3635,West Midlands,full_price,98096
Luton,1536,East of England,full_price,686656
Luton Airport Parkway,3645,East of England,full_price,1615364
Luxulyan,3518,South West,full_price,1044
Lydney,4826,South West,full_price,86472
Lye (West Midlands),4640,West Midlands,full_price,23100
Lymington Pier,5892,South East,full_price,18244
Lymington Town,5887,South East,full_price,56466
Lympstone Commando,5762,South West,full_price,25870
Lympstone Village,5761,South West,full_price,52548
Lytham,2670,North West,full_price,18120
Macclesfield,2871,North West,full_price,292706
Machynlleth,4422,Wales,full_price,50360
Maesteg,3963,Wales,full_price,114238
Maesteg (Ewenny Road),3962,Wales,full_price,13654
Maghull,2155,North West,full_price,223844
Maghull North,6576,North West,full_price,165576
Maiden Newton,5853,South West,full_price,6270
Maidenhead,3147,South East,full_price,1559420
Maidstone Barracks,5237,South East,full_price,74212
Maidstone East,5115,South East,full_price,466182
Maidstone West,5222,South East,full_price,151514
Malden Manor,5599,London,full_price,190224
Mallaig,8831,Scotland,full_price,45178
Malton,8164,Yorkshire and The Humber,full_price,62100
Malvern Link,4884,West Midlands,full_price,123416
Manchester Airport,2961,North West,full_price,974410
Manchester Oxford Road,2966,North West,full_price,1302074
Manchester Piccadilly,2968,North West,full_price,5581272
Manchester Victoria,2970,North West,full_price,1706568
Manea,7165,East of England,full_price,13274
Manningtree,6856,East of England,full_price,213688
Manor Park,6883,London,full_price,1173712
Manor Road,2253,North West,full_price,85582
Manorbier,4094,Wales,full_price,3620
Manors,7603,North East,full_price,11362
Mansfield,1727,East Midlands,full_price,165292
Mansfield Woodhouse,1728,East Midlands,full_price,64248
March,7166,East of England,full_price,115308
Marden (Kent),5223,South East,full_price,92450
Margate,5018,South East,full_price,179818
Market Harborough,1909,East Midlands,full_price,127926
Market Rasen,6318,East Midlands,full_price,19324
Markinch,9160,Scotland,full_price,92920
Marks Tey,6863,East of England,full_price,164496
Marlow,3021,South East,full_price,105856
Marple,2830,North West,full_price,141024
Marsden (Yorks),8445,Yorkshire and The Humber,full_price,94148
Marsh Barton,7779,South West,full_price,46292
Marske,7928,North East,full_price,10136
Marston Green,1034,West Midlands,full_price,166464
Martin Mill,5040,South East,full_price,9322
Martins Heron,5692,South East,full_price,132228
Marton,7947,North East,full_price,6272
Maryhill,9957,Scotland,full_price,31200
Maryland,6970,London,full_price,1177240
Maryport,1988,North West,full_price,25430
Matlock,1581,East Midlands,full_price,63410
Matlock Bath,1582,East Midlands,full_price,19766
Mauldeth Road,2867,North West,full_price,80292
Maxwell Park,9802,Scotland,full_price,37862
Maybole,9529,Scotland,full_price,12512
Maze Hill,5149,London,full_price,486190
Meadowhall,6663,Yorkshire and The Humber,full_price,462010
Meldreth,7036,East of England,full_price,91396
Melksham,3346,South West,full_price,26582
Melton (Suffolk),7221,East of England,full_price,26102
Melton Mowbray,1851,East Midlands,full_price,82708
Menheniot,3576,South West,full_price,1660
Menston,8574,Yorkshire and The Humber,full_price,233852
Meols,2254,North West,full_price,146810
Meols Cop,2357,North West,full_price,34540
Meopham,5116,South East,full_price,88428
Meridian Water,6599,London,full_price,123388
Merryton,9705,Scotland,full_price,25178
Merstham,5475,South East,full_price,280700
Merthyr Tydfil,3855,Wales,full_price,299772
Merthyr Vale,3857,Wales,full_price,40576
Metheringham,6297,East Midlands,full_price,48634
MetroCentre,7725,North East,full_price,83568
Mexborough,6707,Yorkshire and The Humber,full_price,41502
Micheldever,5908,South East,full_price,23824
Micklefield,8477,Yorkshire and The Humber,full_price,66902
Middlesbrough,7929,North East,full_price,233030
Middlewood,2971,North West,full_price,3962
Midgham,3159,South East,full_price,8292
Milford (Surrey),5644,South East,full_price,77230
Milford Haven,4095,Wales,full_price,19580
Mill Hill (Lancs),2750,North West,full_price,18458
Mill Hill Broadway,1527,London,full_price,713624
Millbrook (Bedfordshire),1537,East of England,full_price,4918
Millbrook (Hants),5909,South East,full_price,10124
Milliken Park,9658,Scotland,full_price,62656
Millom,1997,North West,full_price,48764
Mills Hill (Manchester),2920,North West,full_price,74504
Milngavie,9985,Scotland,full_price,261552
Milton Keynes Central,1378,South East,full_price,1125274
Minffordd,4469,Wales,full_price,3954
Minster,5019,South East,full_price,24668
Mirfield,8518,Yorkshire and The Humber,full_price,116804
Mistley,6906,East of England,full_price,15564
Mitcham Eastfields,5069,London,full_price,406910
Mitcham Junction,5427,London,full_price,137386
Mobberley,2849,North West,full_price,5618
Monifieth,9060,Scotland,full_price,30718
Monks Risborough,3067,South East,full_price,7602
Montpelier,3203,South West,full_price,179484
Montrose,9080,Scotland,full_price,119542
Moorfields,2226,North West,full_price,1708768
Moorgate,6005,London,full_price,3167286
Moorside,2799,North West,full_price,11690
Moorthorpe,8539,Yorkshire and The Humber,full_price,106436
Morar,8833,Scotland,full_price,2972
Morchard Road,5825,South West,full_price,13346
Morden South,5291,London,full_price,26394
Morecambe,2695,North West,full_price,25892
Moreton (Dorset),5957,South West,full_price,14964
Moreton (Merseyside),2151,North West,full_price,190244
Moreton-In-Marsh,4814,South West,full_price,62736
Morfa Mawddach,4470,Wales,full_price,5806
Morley,8504,Yorkshire and The Humber,full_price,114392
Morpeth,7680,North East,full_price,105494
Mortimer,5501,South East,full_price,43372
Mortlake,5600,London,full_price,618192
Moses Gate,2606,North West,full_price,12048
Moss Side,2675,North West,full_price,1162
Mossley (Manchester),2903,North West,full_price,121252
Mossley Hill,2171,North West,full_price,82368
Mosspark,9632,Scotland,full_price,43436
Moston,2973,North West,full_price,22370
Motherwell,9691,Scotland,full_price,360406
Motspur Park,5645,London,full_price,301872
Mottingham,5118,London,full_price,444362
Mottisfont and Dunbridge,5944,South East,full_price,5570
Mouldsworth,2158,North West,full_price,9186
Moulsecoomb,5312,South East,full_price,151122
Mount Florida,9819,Scotland,full_price,409762
Mount Vernon,9779,Scotland,full_price,22872
Mountain Ash,3859,Wales,full_price,100930
Muir Of Ord,8665,Scotland,full_price,36036
Muirend,9608,Scotland,full_price,120670
Musselburgh,9304,Scotland,full_price,260082
Mytholmroyd,8526,Yorkshire and The Humber,full_price,79422
Nafferton,8107,Yorkshire and The Humber,full_price,3658
Nailsea and Backwell,3389,South West,full_price,172164
Nairn,8666,Scotland,full_price,49226
Nantwich,1247,North West,full_price,105336
Narberth,4098,Wales,full_price,6308
Narborough,1881,East Midlands,full_price,104224
Navigation Road,2940,North West,full_price,36836
Neath,4216,Wales,full_price,427092
Needham Market,7354,East of England,full_price,53806
Neilston,9773,Scotland,full_price,65796
Nelson,2565,North West,full_price,41540
Neston,2139,North West,full_price,33588
Netherfield,6241,East Midlands,full_price,4834
Nethertown,2047,North West,full_price,128
Netley,5911,South East,full_price,24370
New Barnet,6018,London,full_price,512630
New Beckenham,5058,London,full_price,274586
New Brighton,2152,North West,full_price,307752
New Clee,6289,Yorkshire and The Humber,full_price,960
New Cross,5150,London,full_price,985218
New Cross Gate,5345,London,full_price,1136494
New Cumnock,9533,Scotland,full_price,7776
New Eltham,5119,London,full_price,793988
New Holland,6209,Yorkshire and The Humber,full_price,3652
New Hythe,5238,South East,full_price,56018
New Lane,2358,North West,full_price,692
New Malden,5567,London,full_price,978390
New Mills Central,2974,East Midlands,full_price,38274
New Mills Newtown,2769,East Midlands,full_price,37726
New Milton,5881,South East,full_price,129566
New Pudsey,8506,Yorkshire and The Humber,full_price,360176
New Southgate,6019,London,full_price,398916
Newark Castle,6498,East Midlands,full_price,129358
Newark Northgate,6499,East Midlands,full_price,225600
Newbridge,9919,Wales,full_price,116656
Newbury,3074,South East,full_price,328416
Newbury Racecourse,3071,South East,full_price,20894
Newcastle,7728,North East,full_price,604434
Newcourt,9589,South West,full_price,121100
Newcraighall,8808,Scotland,full_price,115380
Newhaven Harbour,5330,South East,full_price,7394
Newhaven Town,5331,South East,full_price,124362
Newington,5175,South East,full_price,40768
Newmarket,7038,East of England,full_price,134286
Newport (Essex),7039,East of England,full_price,55762
Newport (South Wales),3674,Wales,full_price,1251652
Newquay,3523,South West,full_price,2176
Newsham,7668,North East,full_price,1832
Newstead,1863,East Midlands,full_price,20732
Newton (Lanark),9774,Scotland,full_price,204156
Newton Abbot,3426,South West,full_price,216908
Newton Aycliffe,7834,North East,full_price,15722
Newton For Hyde,2789,North West,full_price,56810
Newton St Cyres,5828,South West,full_price,5488
Newtongrange,6929,Scotland,full_price,71258
Newton-Le-Willows,2257,North West,full_price,287888
Newtonmore,8668,Scotland,full_price,5456
Newton-On-Ayr,9571,Scotland,full_price,32064
Newtown (Powys),4426,Wales,full_price,79192
Ninian Park,3895,Wales,full_price,113268
Nitshill,9609,Scotland,full_price,46838
Norbiton,5568,London,full_price,821258
Norbury,5428,London,full_price,697078
Normans Bay,5460,South East,full_price,6768
Normanton,8528,Yorkshire and The Humber,full_price,96594
North Berwick,9358,Scotland,full_price,223882
North Camp,5636,South East,full_price,77534
North Dulwich,5429,London,full_price,284818
North Fambridge,6875,East of England,full_price,29344
North Llanrwst,2455,Wales,full_price,2230
North Queensferry,9189,Scotland,full_price,48506
North Road (Darlington),7895,North East,full_price,10982
North Sheen,5601,London,full_price,141810
North Walsham,7308,East of England,full_price,71090
North Wembley,1422,London,full_price,330106
Northallerton,7996,Yorkshire and The Humber,full_price,73078
Northampton,1069,East Midlands,full_price,458918
Northfield,1111,West Midlands,full_price,207450
Northfleet,5120,South East,full_price,113766
Northolt Park,1478,London,full_price,61808
Northumberland Park,6971,London,full_price,264956
Northwich,2326,North West,full_price,48746
Norwich,7309,East of England,full_price,657366
Norwood Junction,5376,London,full_price,1449320
Nottingham,1826,East Midlands,full_price,1793270
Nuneaton,1077,West Midlands,full_price,401154
Nunhead,5068,London,full_price,386258
Nunthorpe,7946,North East,full_price,12308
Nutbourne,5262,South East,full_price,18140
Nutfield,5476,South East,full_price,21634
Oakengates,4689,West Midlands,full_price,21832
Oakham,1904,East Midlands,full_price,51328
Oakleigh Park,6020,London,full_price,424478
Oban,8725,Scotland,full_price,78530
Ockendon,7451,East of England,full_price,387416
Ockley,5310,South East,full_price,16830
Okehampton,5786,South West,full_price,188928
Old Hill,4641,West Midlands,full_price,55480
Old Roan,2258,North West,full_price,153108
Old Street,6003,London,full_price,2240136
Oldfield Park,3219,South West,full_price,164184
Olton,4533,West Midlands,full_price,154196
Ore,5021,South East,full_price,74596
Ormskirk,2281,North West,full_price,388394
Orpington,5122,London,full_price,1631636
Orrell,2259,North West,full_price,35196
Orrell Park,2247,North West,full_price,304708
Otford,5071,South East,full_price,109230
Oulton Broad North,7273,East of England,full_price,37836
Oulton Broad South,7274,East of England,full_price,19254
Outwood,8309,Yorkshire and The Humber,full_price,163222
Overpool,2157,North West,full_price,84864
Overton,5526,South East,full_price,29860
Oxenholme Lake District,2090,North West,full_price,0
Oxford,3115,South East,full_price,1044754
Oxford Parkway,3121,South East,full_price,130808
Oxshott,5602,South East,full_price,150676
Oxted,5377,South East,full_price,339896
Paddock Wood,5224,South East,full_price,267216
Padgate,2387,North West,full_price,55980
Paignton,3427,South West,full_price,93318
Paisley Canal,9657,Scotland,full_price,103756
Paisley Gilmour Street,9683,Scotland,full_price,1115130
Paisley St James,9664,Scotland,full_price,34346
Palmers Green,6021,London,full_price,571424
Pangbourne,3036,South East,full_price,103964
Pannal,8479,Yorkshire and The Humber,full_price,49154
Pantyffynnon,4250,Wales,full_price,2198
Par,3524,South West,full_price,41936
Parbold,2402,North West,full_price,33604
Park Street,1561,East of England,full_price,5574
Parkstone (Dorset),5882,South West,full_price,61634
Parson Street,3246,South West,full_price,92444
Partick,9917,Scotland,full_price,1007534
Parton,2032,North West,full_price,3406
Patchway,3213,South West,full_price,60062
Patricroft,2916,North West,full_price,42038
Patterton,9775,Scotland,full_price,122044
Peartree,1687,East Midlands,full_price,4274
Peckham Rye,5423,London,full_price,1940530
Pegswood,7685,North East,full_price,746
Pemberton,2403,North West,full_price,15530
Pembrey and Burry Port,4140,Wales,full_price,55294
Pembroke,4101,Wales,full_price,13030
Pembroke Dock,4102,Wales,full_price,18564
Penally,4129,Wales,full_price,2940
Penarth,3863,Wales,full_price,368774
Pencoed,3851,Wales,full_price,123654
Pengam,4021,Wales,full_price,166026
Penge East,5072,London,full_price,433718
Penge West,5378,London,full_price,193362
Penhelig,4335,Wales,full_price,3910
Penistone,6634,Yorkshire and The Humber,full_price,43752
Penkridge,1195,West Midlands,full_price,166840
Penmaenmawr,2494,Wales,full_price,7264
Penmere,3499,South West,full_price,55294
Penrhiwceiber,3992,Wales,full_price,35204
Penrhyndeudraeth,4473,Wales,full_price,9536
Penrith (North Lakes),2102,North West,full_price,0
Penryn (Cornwall),3525,South West,full_price,84108
Pensarn (Gwynedd),4463,Wales,full_price,758
Penshurst,5477,South East,full_price,10266
Pentre-Bach,3944,Wales,full_price,26084
Pen-Y-Bont (Mid Wales),4254,Wales,full_price,682
Penychain,4409,Wales,full_price,3852
Penyffordd,2433,Wales,full_price,25294
Penzance,3526,South West,full_price,49088
Perranwell,3528,South West,full_price,16656
Perry Barr,1128,West Midlands,full_price,51552
Pershore,4887,West Midlands,full_price,30986
Perth,8805,Scotland,full_price,250700
Peterborough,6133,East of England,full_price,697858
Petersfield,5657,South East,full_price,264422
Petts Wood,5123,London,full_price,701694
Pevensey and Westham,5461,South East,full_price,42562
Pevensey Bay,5462,South East,full_price,780
Pewsey,3062,South West,full_price,16720
Pilning,3214,South West,full_price,102
Pinhoe,5757,South West,full_price,35780
Pitlochry,8801,Scotland,full_price,39704
Pitsea,7452,East of England,full_price,375438
Pleasington,2752,North West,full_price,2132
Plockton,8670,Scotland,full_price,7996
Pluckley,5225,South East,full_price,28206
Plumley,2308,North West,full_price,6120
Plumpton,5332,South East,full_price,21314
Plumstead,5208,London,full_price,284004
Plymouth,3580,South West,full_price,261454
Pokesdown,5885,South West,full_price,105796
Polegate,5455,South East,full_price,139034
Polesworth,1078,West Midlands,full_price,90
Pollokshaws East,9820,Scotland,full_price,127942
Pollokshaws West,9804,Scotland,full_price,121086
Pollokshields East,9821,Scotland,full_price,127242
Pollokshields West,9623,Scotland,full_price,53152
Polmont,9936,Scotland,full_price,277354
Polsloe Bridge,3422,South West,full_price,70978
Ponders End,6819,London,full_price,307144
Pontarddulais,4251,Wales,full_price,2606
Pontefract Baghill,8540,Yorkshire and The Humber,full_price,4370
Pontefract Monkhill,8548,Yorkshire and The Humber,full_price,114712
Pontefract Tanshelf,8541,Yorkshire and The Humber,full_price,49450
Pontlottyn,4023,Wales,full_price,22820
Pontyclun,3850,Wales,full_price,180294
Pont-y-Pant,2459,Wales,full_price,458
Pontypool and New Inn,3744,Wales,full_price,71340
Pontypridd,3904,Wales,full_price,593530
Poole,5883,South West,full_price,244412
Poppleton,8254,Yorkshire and The Humber,full_price,19196
Port Glasgow,9667,Scotland,full_price,117096
Port Sunlight,2198,North West,full_price,234216
Port Talbot Parkway,4181,Wales,full_price,324264
Portchester,5928,South East,full_price,106700
Porth,3870,Wales,full_price,162928
Porthmadog,4313,Wales,full_price,37642
Portlethen,8860,Scotland,full_price,35232
Portslade,5276,South East,full_price,304826
Portsmouth and Southsea,5537,South East,full_price,307740
Portsmouth Arms,5829,South West,full_price,342
Portsmouth Harbour,5540,South East,full_price,405892
Portway Park and Ride,1123,South West,full_price,43410
Possilpark and Parkhouse,9958,Scotland,full_price,33414
Potters Bar,6022,East of England,full_price,959186
Poulton-Le-Fylde,2671,North West,full_price,80006
Poynton,2874,North West,full_price,56538
Prees,1346,West Midlands,full_price,2276
Prescot,2337,North West,full_price,104272
Prestatyn,2521,Wales,full_price,161374
Prestbury,2875,North West,full_price,15740
Preston (Lancs),2753,North West,full_price,435822
Preston Park,5285,South East,full_price,382282
Prestonpans,9366,Scotland,full_price,127272
Prestwick International Airport,9544,Scotland,full_price,60636
Prestwick Town,9543,Scotland,full_price,133154
Priesthill and Darnley,9808,Scotland,full_price,67078
Princes Risborough,3055,South East,full_price,223504
Prittlewell,7419,East of England,full_price,149276
Prudhoe,7509,North East,full_price,23708
Pulborough,5468,South East,full_price,88420
Purfleet,7453,East of England,full_price,220882
Purley,5379,London,full_price,944790
Purley Oaks,5430,London,full_price,177986
Putney,5603,London,full_price,1885038
Pwllheli,4314,Wales,full_price,28752
Pye Corner,1663,Wales,full_price,106638
Pyle,4185,Wales,full_price,56688
Quakers Yard,3994,Wales,full_price,43272
Queenborough,5176,South East,full_price,77832
Queens Park (Glasgow),9822,Scotland,full_price,259894
Queens Park (London),1419,London,full_price,1405806
Queens Road (Peckham),5424,London,full_price,917448
Queenstown Road (Battersea),5596,London,full_price,258816
Quintrell Downs,3531,South West,full_price,950
Radcliffe (Nottinghamshire),6242,East Midlands,full_price,6086
Radlett,1546,East of England,full_price,486946
Radley,3118,South East,full_price,34250
Radyr,3874,Wales,full_price,343162
Rainford,2404,North West,full_price,10030
Rainham (Essex),7454,London,full_price,630848
Rainham (Kent),5177,South East,full_price,406786
Rainhill,2296,North West,full_price,71104
Ramsgate,5023,South East,full_price,214068
Ramsgreave and Wilpshire,2734,North West,full_price,18086
Rannoch,8834,Scotland,full_price,6072
Rauceby,6361,East Midlands,full_price,2276
Ravenglass for Eskdale,1999,North West,full_price,5206
Ravensbourne,5083,London,full_price,111420
Ravensthorpe,8519,Yorkshire and The Humber,full_price,10788
Rawcliffe,8031,Yorkshire and The Humber,full_price,384
Rayleigh,6884,East of England,full_price,643110
Raynes Park,5569,London,full_price,1155286
Reading,3149,South East,full_price,3479892
Reading Green Park,996,South East,full_price,78770
Reading West,3160,South East,full_price,221408
Rectory Road,6967,London,full_price,468404
Redbridge,5912,South East,full_price,10244
Redcar Central,7950,North East,full_price,54234
Redcar East,7974,North East,full_price,18344
Reddish North,2979,North West,full_price,46342
Reddish South,2857,North West,full_price,40
Redditch,1208,West Midlands,full_price,311704
Redhill,5478,South East,full_price,1079372
Redland,3247,South West,full_price,150904
Redruth,3530,South West,full_price,53730
Reedham (London),5431,London,full_price,45904
Reedham (Norfolk),7316,East of England,full_price,11490
Reigate,5480,South East,full_price,420028
Renton,9867,Scotland,full_price,21358
Reston,8634,Scotland,full_price,5706
Retford,6511,East Midlands,full_price,67908
Rhiwbina,3906,Wales,full_price,63210
Rhoose Cardiff International Airport,3876,Wales,full_price,105572
Rhosneigr,2544,Wales,full_price,6452
Rhyl,2461,Wales,full_price,231710
Rhymney,4027,Wales,full_price,87504
Ribblehead,2106,Yorkshire and The Humber,full_price,3944
Rice Lane,2131,North West,full_price,85354
Richmond (London),5570,London,full_price,2875140
Rickmansworth,687,East of England,full_price,397950
Riddlesdown,5432,London,full_price,120652
Ridgmont,1538,East of England,full_price,8934
Riding Mill,7510,North East,full_price,4500
Risca and Pontymister,9920,Wales,full_price,71462
Rishton,2580,North West,full_price,12066
Robertsbridge,5226,South East,full_price,46854
Robroyston,7780,Scotland,full_price,89444
Roby,2261,North West,full_price,52594
Rochdale,2924,North West,full_price,450446
Roche,3532,South West,full_price,1396
Rochester,5203,South East,full_price,529904
Rochford,6885,East of England,full_price,267518
Rock Ferry,2189,North West,full_price,298836
Rogart,8671,Scotland,full_price,834
Rogerstone,9921,Wales,full_price,68974
Rolleston,6353,East Midlands,full_price,3324
Roman Bridge,2444,Wales,full_price,192
Romford,6886,London,full_price,3818468
Romiley,2833,North West,full_price,86504
Romsey,5943,South East,full_price,109510
Roose,1962,North West,full_price,16282
Rose Grove,2722,North West,full_price,24294
Rose Hill Marple,2873,North West,full_price,60950
Rosyth,9190,Scotland,full_price,85774
Rotherham Central,6676,Yorkshire and The Humber,full_price,141458
Rotherhithe,1039,London,full_price,483522
Roughton Road,7297,East of England,full_price,9096
Rowlands Castle,5658,South East,full_price,25078
Rowley Regis,4606,West Midlands,full_price,326710
Roy Bridge,8835,Scotland,full_price,2486
Roydon,6829,East of England,full_price,64004
Royston,6090,East of England,full_price,455700
Ruabon,4477,Wales,full_price,54474
Rufford,2315,North West,full_price,6426
Rugby,1087,West Midlands,full_price,555436
Rugeley Town,1135,West Midlands,full_price,63158
Rugeley Trent Valley,1084,West Midlands,full_price,41180
Runcorn,2291,North West,full_price,209878
Runcorn East,2294,North West,full_price,110698
Ruskington,6327,East Midlands,full_price,53908
Ruswarp,8174,Yorkshire and The Humber,full_price,310
Rutherglen,9787,Scotland,full_price,280058
Ryde Esplanade,5542,South East,full_price,22702
Ryde Pier Head,5541,South East,full_price,23726
Ryde St Johns Road,5543,South East,full_price,9546
Ryder Brow,2977,North West,full_price,5644
Rye (Sussex),5024,South East,full_price,75706
Rye House,6820,East of England,full_price,180248
Salford Central,2798,North West,full_price,222622
Salford Crescent,2794,North West,full_price,438250
Salfords (Surrey),5380,South East,full_price,73404
Salhouse,7318,East of England,full_price,3182
Salisbury,5663,South West,full_price,396690
Saltaire,8561,Yorkshire and The Humber,full_price,264372
Saltash,3587,South West,full_price,52418
Saltburn,7951,North East,full_price,47388
Saltcoats,9547,Scotland,full_price,79052
Saltmarshe,8033,Yorkshire and The Humber,full_price,86
Salwick,2673,North West,full_price,824
Sandal and Agbrigg,8358,Yorkshire and The Humber,full_price,100602
Sandbach,1261,North West,full_price,94494
Sanderstead,5433,London,full_price,334090
Sandhills,2249,North West,full_price,346680
Sandhurst (Berks),5646,South East,full_price,37490
Sandling,5025,South East,full_price,16718
Sandown,5525,South East,full_price,15978
Sandplace,3584,South West,full_price,702
Sandwell and Dudley,1149,West Midlands,full_price,239044
Sandwich,5026,South East,full_price,51840
Sandy,6172,East of England,full_price,232544
Sankey For Penketh,2388,North West,full_price,946
Sanquhar,9549,Scotland,full_price,10196
Sarn,4270,Wales,full_price,43770
Saundersfoot,4108,Wales,full_price,3094
Saunderton,3056,South East,full_price,46476
Sawbridgeworth,6806,East of England,full_price,207916
Saxilby,6328,East Midlands,full_price,15022
Saxmundham,7224,East of England,full_price,41810
Scarborough,8185,Yorkshire and The Humber,full_price,109282
Scotscalder,8672,Scotland,full_price,186
Scotstounhill,9996,Scotland,full_price,149112
Scunthorpe,6456,Yorkshire and The Humber,full_price,71306
Sea Mills,3254,South West,full_price,58248
Seaford (Sussex),5333,South East,full_price,149746
Seaforth and Litherland,2250,North West,full_price,189136
Seaham,7814,North East,full_price,25576
Seamer,8178,Yorkshire and The Humber,full_price,24914
Seascale,2003,North West,full_price,10362
Seaton Carew,8007,North East,full_price,17948
Seaton Delaval,9235,North East,full_price,10426
Seer Green and Jordans,3061,South East,full_price,45092
Selby,8201,Yorkshire and The Humber,full_price,92040
Selhurst,5434,London,full_price,359212
Sellafield,2004,North West,full_price,80570
Selling,5179,South East,full_price,41410
Selly Oak,1105,West Midlands,full_price,624248
Settle,2107,Yorkshire and The Humber,full_price,15052
Seven Kings,6893,London,full_price,1248770
Seven Sisters,6931,London,full_price,2614984
Sevenoaks,5124,South East,full_price,870092
Severn Beach,3205,South West,full_price,85964
Severn Tunnel Junction,3679,Wales,full_price,170418
Shadwell,1082,London,full_price,1102056
Shalford (Surrey),5638,South East,full_price,39182
Shanklin,5529,South East,full_price,24652
Shawfair,6963,Scotland,full_price,33590
Shawford,5929,South East,full_price,23628
Shawlands,9823,Scotland,full_price,45154
Sheerness-On-Sea,5184,South East,full_price,149662
Sheffield,6691,Yorkshire and The Humber,full_price,1615410
Shelford (Cambs),7043,East of England,full_price,75522
Shenfield,6888,East of England,full_price,2264932
Shenstone,1178,West Midlands,full_price,50346
Shepherd's Bush,9587,London,full_price,2052396
Shepherds Well,5186,South East,full_price,18242
Shepley,8448,Yorkshire and The Humber,full_price,19092
Shepperton,5605,South East,full_price,96170
Shepreth,7044,East of England,full_price,33250
Sherborne,5835,South West,full_price,32882
Sherburn-In-Elmet,8257,Yorkshire and The Humber,full_price,19622
Sheringham,7319,East of England,full_price,63778
Shettleston,9903,Scotland,full_price,221226
Shieldmuir,9552,Scotland,full_price,46096
Shifnal,4619,West Midlands,full_price,91526
Shildon,7893,North East,full_price,11666
Shiplake,3150,South East,full_price,53000
Shipley (Yorks),8347,Yorkshire and The Humber,full_price,381104
Shippea Hill,7073,East of England,full_price,62
Shipton,3009,South East,full_price,1204
Shirebrook,1595,East Midlands,full_price,40112
Shirehampton,3206,South West,full_price,43908
Shireoaks,6570,East Midlands,full_price,8240
Shirley,4526,West Midlands,full_price,81526
Shoeburyness,7455,East of England,full_price,145988
Sholing,5930,South East,full_price,30544
Shoreditch High Street,1024,London,full_price,2052134
Shoreham (Kent),5074,South East,full_price,12536
Shoreham-By-Sea,5277,South East,full_price,307008
Shortlands,5084,London,full_price,464622
Shotton,2546,Wales,full_price,167552
Shotts,9739,Scotland,full_price,67204
Shrewsbury,4387,West Midlands,full_price,775262
Sidcup,5125,London,full_price,1048310
Sileby,1902,East Midlands,full_price,73276
Silecroft,2000,North West,full_price,1238
Silkstone Common,6782,Yorkshire and The Humber,full_price,9944
Silver Street,6972,London,full_price,714180
Silverdale,1968,North West,full_price,6168
Singer,9988,Scotland,full_price,116214
Sittingbourne,5187,South East,full_price,627512
Skegness,6265,East Midlands,full_price,83782
Skewen,4217,Wales,full_price,16412
Skipton,2728,Yorkshire and The Humber,full_price,356470
Slade Green,5154,London,full_price,377306
Slaithwaite,8450,Yorkshire and The Humber,full_price,101704
Slateford,9236,Scotland,full_price,40116
Sleaford,6362,East Midlands,full_price,118150
Sleights,8179,Yorkshire and The Humber,full_price,638
Slough,3172,South East,full_price,1626712
Small Heath,4530,West Midlands,full_price,97702
Smallbrook Junction,5494,South East,full_price,932
Smethwick Galton Bridge,1114,West Midlands,full_price,250246
Smethwick Rolfe Street,1150,West Midlands,full_price,137016
Smithy Bridge,2660,North West,full_price,51102
Snaith,8036,Yorkshire and The Humber,full_price,1142
Snodland,5189,South East,full_price,89028
Snowdown,5185,South East,full_price,3474
Soham,5247,East of England,full_price,24938
Sole Street,5126,South East,full_price,16298
Solihull,4527,West Midlands,full_price,477734
Somerleyton,7320,East of England,full_price,2890
South Acton,1452,London,full_price,288626
South Bank,7953,North East,full_price,9250
South Bermondsey,5425,London,full_price,177584
South Croydon,5410,London,full_price,459796
South Elmsall,8355,Yorkshire and The Humber,full_price,145624
South Greenford,3138,London,full_price,21594
South Gyle,9318,Scotland,full_price,104050
South Hampstead,1451,London,full_price,127226
South Kenton,1453,London,full_price,175818
South Merton,5292,London,full_price,49524
South Milford,8142,Yorkshire and The Humber,full_price,31544
South Ruislip,3057,London,full_price,64456
South Tottenham,7404,London,full_price,321884
South Wigston,1949,East Midlands,full_price,50326
South Woodham Ferrers,6892,East of England,full_price,128578
Southall,3187,London,full_price,2133060
Southampton Airport Parkway,5922,South East,full_price,300996
Southampton Central,5932,South East,full_price,1294614
Southbourne,5263,South East,full_price,56036
Southbury,6947,London,full_price,328830
Southease,5339,South East,full_price,9738
Southend Airport,4787,East of England,full_price,131960
Southend Central,7456,East of England,full_price,511014
Southend East,7457,East of England,full_price,289940
Southend Victoria,7420,East of England,full_price,315794
Southminster,6890,East of England,full_price,29572
Southport,2262,North West,full_price,418150
Southwick,5286,South East,full_price,106526
Sowerby Bridge,8527,Yorkshire and The Humber,full_price,150674
Spalding,6388,East Midlands,full_price,69862
Spean Bridge,8836,Scotland,full_price,5518
Spital,2199,North West,full_price,174954
Spondon,1699,East Midlands,full_price,25034
Spooner Row,7379,East of England,full_price,352
Spring Road,4535,West Midlands,full_price,46974
Springburn,9997,Scotland,full_price,149812
Springfield,9175,Scotland,full_price,1104
Squires Gate,2666,North West,full_price,5866
St Albans Abbey,1562,East of England,full_price,25888
St Albans City,1548,East of England,full_price,2531990
St Andrews Road,3252,South West,full_price,40612
St Annes-On-The-Sea,2672,North West,full_price,24098
St Austell,3534,South West,full_price,67842
St Bees,2002,North West,full_price,18464
St Budeaux Ferry Road,3590,South West,full_price,1056
St Budeaux Victoria Road,3592,South West,full_price,2964
St Columb Road,3536,South West,full_price,920
St Denys,5914,South East,full_price,67442
St Erth,3537,South West,full_price,22340
St Germans,3586,South West,full_price,7828
St Helens Central,2341,North West,full_price,229460
St Helens Junction,2340,North West,full_price,55958
St Helier (London),5290,London,full_price,54274
St Ives (Cornwall),3538,South West,full_price,11890
St James Park (Exeter),5751,South West,full_price,67686
St James Street (Walthamstow),6973,London,full_price,493618
St Johns (London),5059,London,full_price,283250
St Keyne Wishing Well Halt,3572,South West,full_price,1350
St Leonards Warrior Square,5239,South East,full_price,204830
St Margarets (Herts),6821,East of England,full_price,148876
St Margarets (London),5604,London,full_price,413684
St Mary Cray,5073,London,full_price,458700
St Michaels,2248,North West,full_price,337858
St Neots,6110,East of England,full_price,357386
Stafford,1268,West Midlands,full_price,623956
Staines,5670,South East,full_price,673860
Stallingborough,6287,Yorkshire and The Humber,full_price,2248
Stalybridge,2983,North West,full_price,288258
Stamford (Lincs),6140,East Midlands,full_price,133020
Stamford Hill,6968,London,full_price,215340
Stanford-Le-Hope,7458,East of England,full_price,266082
Stanlow and Thornton [note 1],2159,North West,full_price,
Stansted Airport,6834,East of England,full_price,6681642
Stansted Mountfitchet,6833,East of England,full_price,240696
Staplehurst,5228,South East,full_price,142660
Stapleton Road,3250,South West,full_price,213718
Starbeck,8221,Yorkshire and The Humber,full_price,64684
Starcross,3413,South West,full_price,59726
Staveley (Cumbria),1977,North West,full_price,3136
Stechford,1043,West Midlands,full_price,126536
Steeton and Silsden,8469,Yorkshire and The Humber,full_price,181486
Stepps,9842,Scotland,full_price,100220
Stevenage,6092,East of England,full_price,1666568
Stevenston,9553,Scotland,full_price,31514
Stewartby,1386,East of England,full_price,34702
Stewarton,9554,Scotland,full_price,82086
Stirling,9888,Scotland,full_price,960326
Stockport,2771,North West,full_price,948804
Stocksfield,7513,North East,full_price,8226
Stocksmoor,8451,Yorkshire and The Humber,full_price,5708
Stockton,7975,North East,full_price,18154
Stoke Mandeville,1467,South East,full_price,85156
Stoke Newington,6934,London,full_price,462112
Stoke-On-Trent,1314,West Midlands,full_price,752120
Stone (Staffs),1316,West Midlands,full_price,155796
Stone Crossing,5248,South East,full_price,137686
Stonebridge Park,1454,London,full_price,374448
Stonegate,5240,South East,full_price,29858
Stonehaven,8964,Scotland,full_price,151774
Stonehouse,4770,South West,full_price,73782
Stoneleigh,5606,South East,full_price,331604
Stourbridge Junction,4646,West Midlands,full_price,325244
Stourbridge Town,4643,West Midlands,full_price,69536
Stow,9396,Scotland,full_price,33032
Stowmarket,7355,East of England,full_price,269052
Stranraer,9555,Scotland,full_price,13904
Stratford (London),6969,London,full_price,14805516
Stratford International,7222,London,full_price,593420
Stratford-Upon-Avon,4558,West Midlands,full_price,148462
Stratford-upon-Avon Parkway,6794,West Midlands,full_price,46000
Strathcarron,8673,Scotland,full_price,4550
Strawberry Hill,5607,London,full_price,273416
Streatham (Greater London),5383,London,full_price,839114
Streatham Common,5384,London,full_price,820384
Streatham Hill,5435,London,full_price,603364
Streethouse,8543,Yorkshire and The Humber,full_price,11772
Strines,2834,North West,full_price,3032
Stromeferry,8674,Scotland,full_price,804
Strood (Kent),5191,South East,full_price,400476
Stroud (Gloucs),4771,South West,full_price,182490
Sturry,5029,South East,full_price,31458
Styal,2868,North West,full_price,10882
Sudbury (Suffolk),7098,East of England,full_price,103344
Sudbury and Harrow Road,1483,London,full_price,16764
Sudbury Hill Harrow,1484,London,full_price,27700
Sugar Loaf,4157,Wales,full_price,0
Summerston,9959,Scotland,full_price,37434
Sunbury,5608,South East,full_price,122714
Sunderland,7640,North East,full_price,151544
Sundridge Park,5155,London,full_price,86966
Sunningdale,5671,South East,full_price,203540
Sunnymeads,5675,South East,full_price,8004
Surbiton,5571,London,full_price,2622084
Surrey Quays,1083,London,full_price,1373466
Sutton (London),5385,London,full_price,1586408
Sutton Coldfield,1044,West Midlands,full_price,265454
Sutton Common,5436,London,full_price,105388
Sutton Parkway,1861,East Midlands,full_price,84242
Swale,5249,South East,full_price,3438
Swanley,5075,South East,full_price,585334
Swanscombe,5156,South East,full_price,132302
Swansea,4222,Wales,full_price,858050
Swanwick,5920,South East,full_price,193470
Sway,5884,South East,full_price,19534
Swaythling,5933,South East,full_price,21564
Swinderby,6355,East Midlands,full_price,16938
Swindon (Wilts),3333,South West,full_price,361158
Swineshead,6228,East Midlands,full_price,470
Swinton (Manchester),2800,North West,full_price,48204
Swinton (South Yorks),6686,Yorkshire and The Humber,full_price,100160
Sydenham (London),5437,London,full_price,1146210
Sydenham Hill,5085,London,full_price,272078
Syon Lane,5609,London,full_price,443592
Syston,1900,East Midlands,full_price,134072
Tackley,3195,South East,full_price,4916
Tadworth,5386,South East,full_price,93678
Taffs Well,3880,Wales,full_price,186426
Tain,8676,Scotland,full_price,17958
Talsarnau,4479,Wales,full_price,2976
Talybont,4355,Wales,full_price,18976
Tal-y-Cafn,2463,Wales,full_price,1920
Tame Bridge Parkway,1010,West Midlands,full_price,214162
Tamworth,1322,West Midlands,full_price,483594
Taplow,3151,South East,full_price,170990
Tattenham Corner,5387,South East,full_price,62956
Taunton,3471,South West,full_price,275108
Taynuilt,8727,Scotland,full_price,7312
Teddington,5572,London,full_price,640688
Teesside Airport [note 1],7521,North East,full_price,
Teignmouth,3430,South West,full_price,154680
Telford Central,4691,West Midlands,full_price,384078
Templecombe,5837,South West,full_price,16130
Tenby,4110,Wales,full_price,46098
Teynham,5193,South East,full_price,53258
Thames Ditton,5610,South East,full_price,337392
Thanet Parkway,2041,South East,full_price,21498
Thatcham,3152,South East,full_price,135504
Thatto Heath,2264,North West,full_price,56242
The Hawthorns,4523,West Midlands,full_price,84820
The Lakes (Warks),4538,West Midlands,full_price,5604
Theale,3153,South East,full_price,136622
Theobalds Grove,6949,East of England,full_price,270286
Thetford,7203,East of England,full_price,67230
Thirsk,8191,Yorkshire and The Humber,full_price,69576
Thornaby,7976,North East,full_price,82740
Thorne North,6530,Yorkshire and The Humber,full_price,29056
Thorne South,6531,Yorkshire and The Humber,full_price,22288
Thornford,5849,South West,full_price,502
Thornliebank,9812,Scotland,full_price,82688
Thornton Abbey,6210,Yorkshire and The Humber,full_price,262
Thornton Heath,5388,London,full_price,672416
Thorntonhall,9825,Scotland,full_price,7752
Thorpe Bay,7460,East of England,full_price,250958
Thorpe Culvert,6267,East Midlands,full_price,534
Thorpe-le-Soken,6857,East of England,full_price,46316
Three Bridges,5491,South East,full_price,998564
Three Oaks,5028,South East,full_price,3734
Thurgarton,6203,East Midlands,full_price,2320
Thurnscoe,8282,Yorkshire and The Humber,full_price,37790
Thurso,8677,Scotland,full_price,20924
Thurston,7356,East of England,full_price,46786
Tilbury Town,7462,East of England,full_price,302408
Tile Hill,1035,West Midlands,full_price,144914
Tilehurst,3154,South East,full_price,112904
Tipton,1159,West Midlands,full_price,99418
Tir-Phil,4025,Wales,full_price,21270
Tisbury,5798,South West,full_price,40660
Tiverton Parkway,3474,South West,full_price,80678
Todmorden,2677,Yorkshire and The Humber,full_price,203146
Tolworth,5573,London,full_price,235354
Ton Pentre,3897,Wales,full_price,60990
Tonbridge,5229,South East,full_price,863806
Tondu,4271,Wales,full_price,40078
Tonfanau,4432,Wales,full_price,1060
Tonypandy,3882,Wales,full_price,82866
Tooting,5389,London,full_price,302860
Topsham,5758,South West,full_price,184790
Torquay,3434,South West,full_price,53460
Torre,3432,South West,full_price,75898
Totnes,3558,South West,full_price,56480
Tottenham Court Road,6556,London,full_price,18656278
Tottenham Hale,6951,London,full_price,3627230
Totton,5921,South East,full_price,70372
Town Green,2283,North West,full_price,89718
Trafford Park,2969,North West,full_price,19212
Trefforest,3887,Wales,full_price,606222
Trefforest Estate,3886,Wales,full_price,80412
Trehafod,3888,Wales,full_price,29116
Treherbert,3889,Wales,full_price,107498
Treorchy,3891,Wales,full_price,83802
Trimley,7225,East of England,full_price,22708
Tring,1393,East of England,full_price,248196
Troed-Y-Rhiw,4276,Wales,full_price,30532
Troon,9562,Scotland,full_price,197022
Trowbridge,3348,South West,full_price,366072
Truro,3540,South West,full_price,208340
Tulloch,8837,Scotland,full_price,1864
Tulse Hill,5390,London,full_price,775308
Tunbridge Wells,5230,South East,full_price,636448
Turkey Street,6952,London,full_price,346280
Tutbury and Hatton,1783,East Midlands,full_price,35230
Tweedbank,9500,Scotland,full_price,161542
Twickenham,5574,London,full_price,1612876
Twyford,3155,South East,full_price,644844
Ty Croes,2439,Wales,full_price,3172
Ty Glas,3817,Wales,full_price,66904
Tygwyn,4357,Wales,full_price,472
Tyndrum Lower,8728,Scotland,full_price,4584
Tyseley,4518,West Midlands,full_price,97572
Tywyn,4433,Wales,full_price,50960
Uckfield,5334,South East,full_price,66924
Uddingston,9776,Scotland,full_price,255524
Ulceby,6211,Yorkshire and The Humber,full_price,1882
Ulleskelf,8261,Yorkshire and The Humber,full_price,3406
Ulverston,2010,North West,full_price,44162
Umberleigh,5826,South West,full_price,14528
University (Birmingham),4504,West Midlands,full_price,1041886
Uphall,9373,Scotland,full_price,224016
Upholland,2364,North West,full_price,12208
Upminster,7464,London,full_price,1878150
Upper Halliford,5613,South East,full_price,31988
Upper Holloway,1524,London,full_price,430250
Upper Tyndrum,8838,Scotland,full_price,4018
Upper Warlingham,5391,South East,full_price,358814
Upton (Merseyside),2141,North West,full_price,15786
Upwey,5967,South West,full_price,12976
Urmston,2938,North West,full_price,152972
Uttoxeter,1342,West Midlands,full_price,77036
Valley,2440,Wales,full_price,9732
Vauxhall,5597,London,full_price,5302680
Virginia Water,5676,South East,full_price,189672
Waddon,5392,London,full_price,231624
Wadhurst,5231,South East,full_price,82320
Wainfleet,6268,East Midlands,full_price,31494
Wakefield Kirkgate,8584,Yorkshire and The Humber,full_price,149636
Wakefield Westgate,8591,Yorkshire and The Humber,full_price,570850
Walkden,2612,North West,full_price,93644
Wallasey Grove Road,2154,North West,full_price,175954
Wallasey Village,2265,North West,full_price,171482
Wallington,5394,London,full_price,590292
Wallyford,9365,Scotland,full_price,177824
Walmer,5041,South East,full_price,41556
Walsall,1216,West Midlands,full_price,394864
Walsden,2665,Yorkshire and The Humber,full_price,23354
Waltham Cross,6823,East of England,full_price,490702
Walthamstow Central,6953,London,full_price,1398986
Walthamstow Queen's Road,7407,London,full_price,299300
Walton (Merseyside),2251,North West,full_price,82284
Walton-On-Thames,5575,South East,full_price,882694
Walton-on-the-Naze,6858,East of England,full_price,29568
Wanborough,5639,South East,full_price,26296
Wandsworth Common,5395,London,full_price,359476
Wandsworth Road,5372,London,full_price,219050
Wandsworth Town,5576,London,full_price,1457826
Wanstead Park,7408,London,full_price,265082
Wapping,1085,London,full_price,720346
Warblington,5264,South East,full_price,14676
Ware (Herts),6824,East of England,full_price,460584
Wareham (Dorset),5959,South West,full_price,62670
Wargrave,3158,South East,full_price,43486
Warminster,5505,South West,full_price,98120
Warnham,5316,South East,full_price,3842
Warrington Bank Quay,2384,North West,full_price,402340
Warrington Central,2390,North West,full_price,347530
Warrington West,6583,North West,full_price,121564
Warwick,4600,West Midlands,full_price,198692
Warwick Parkway,8530,West Midlands,full_price,122702
Water Orton,1121,West Midlands,full_price,37512
Waterbeach,7079,East of England,full_price,118740
Wateringbury,5241,South East,full_price,20786
Waterloo (Merseyside),2133,North West,full_price,350506
Watford High Street,1455,East of England,full_price,228312
Watford Junction,1402,East of England,full_price,1956278
Watford North,1403,East of England,full_price,11180
Watlington,7057,East of England,full_price,35514
Watton-At-Stone,6095,East of England,full_price,61982
Waun-gron Park,3796,Wales,full_price,91700
Wavertree Technology Park,8589,North West,full_price,103112
Weeley,6859,East of England,full_price,12782
Weeton,8509,Yorkshire and The Humber,full_price,24084
Welham Green,6073,East of England,full_price,113760
Welling,5128,London,full_price,566132
Wellingborough,1940,East Midlands,full_price,143860
Wellington (Shropshire),4690,West Midlands,full_price,314092
Welshpool,4434,Wales,full_price,77644
Welwyn Garden City,6183,East of England,full_price,1128182
Welwyn North,6096,East of England,full_price,150502
Wem,1347,West Midlands,full_price,38612
Wembley Central,1423,London,full_price,965338
Wembley Stadium,1509,London,full_price,200710
Wemyss Bay,9673,Scotland,full_price,90394
Wendover,1466,South East,full_price,137750
Wennington,2681,North West,full_price,830
West Allerton,2266,North West,full_price,25816
West Brompton,8875,London,full_price,1378122
West Byfleet,5684,South East,full_price,396874
West Calder,9250,Scotland,full_price,62666
West Croydon,5411,London,full_price,1319014
West Drayton,3174,London,full_price,1149902
West Dulwich,5086,London,full_price,332682
West Ealing,3188,London,full_price,877938
West Ham,7474,London,full_price,3570670
West Hampstead,1421,London,full_price,1158610
West Hampstead Thameslink,1525,London,full_price,1074104
West Horndon,7466,East of England,full_price,190144
West Kilbride,9564,Scotland,full_price,40096
West Kirby,2201,North West,full_price,219772
West Malling,5129,South East,full_price,230026
West Norwood,5438,London,full_price,497732
West Ruislip,3059,London,full_price,49240
West Runton,7329,East of England,full_price,19708
West St Leonards,5242,South East,full_price,30788
West Sutton,5293,London,full_price,115806
West Wickham,5054,London,full_price,329872
West Worthing,5278,South East,full_price,143712
Westbury,5712,South West,full_price,151826
Westcliff,7476,East of England,full_price,315986
Westcombe Park,5151,London,full_price,361744
Westenhanger,5030,South East,full_price,16788
Wester Hailes,9231,Scotland,full_price,35532
Westerfield,7226,East of England,full_price,10730
Westerton,9998,Scotland,full_price,216756
Westgate-On-Sea,5195,South East,full_price,45208
Westhoughton,2619,North West,full_price,66806
Weston Milton,3388,South West,full_price,54054
Weston-Super-Mare,3391,South West,full_price,276948
Wetheral,7572,North West,full_price,5288
Weybridge,5577,South East,full_price,874562
Weymouth,5965,South West,full_price,133124
Whaley Bridge,2772,East Midlands,full_price,23000
Whalley (Lancashire),2736,North West,full_price,15620
Whatstandwell,1585,East Midlands,full_price,7870
Whifflet,9753,Scotland,full_price,83720
Whimple,5759,South West,full_price,9442
Whinhill,9665,Scotland,full_price,13648
Whiston,2161,North West,full_price,53962
Whitby,8184,Yorkshire and The Humber,full_price,8194
Whitchurch (Cardiff),3896,Wales,full_price,17804
Whitchurch (Hampshire),5527,South East,full_price,33144
Whitchurch (Shropshire),1348,West Midlands,full_price,64292
White Hart Lane,6956,London,full_price,702582
White Notley,6846,East of England,full_price,2968
Whitechapel,4935,London,full_price,10871908
Whitecraigs,9777,Scotland,full_price,127232
Whitehaven,2048,North West,full_price,51924
Whitland,4111,Wales,full_price,13988
Whitley Bridge,8130,Yorkshire and The Humber,full_price,706
Whitlocks End,4539,West Midlands,full_price,88944
Whitstable,5196,South East,full_price,143136
Whittlesea,7187,East of England,full_price,29264
Whittlesford Parkway,7047,East of England,full_price,124806
Whitton (London),5611,London,full_price,482244
Whitwell (Derbyshire),6551,East Midlands,full_price,5150
Whyteleafe,5396,South East,full_price,83604
Whyteleafe South,5439,South East,full_price,47500
Wick,8680,Scotland,full_price,9892
Wickford,6891,East of England,full_price,760142
Wickham Market,7227,East of England,full_price,18758
Widdrington,7695,North East,full_price,1282
Widnes,2391,North West,full_price,163120
Widney Manor,4528,West Midlands,full_price,103184
Wigan North Western,2363,North West,full_price,299754
Wigan Wallgate,2406,North West,full_price,276264
Wigton,2098,North West,full_price,10008
Wildmill,3965,Wales,full_price,18196
Willesden Junction,1457,London,full_price,2216958
Williamwood,9781,Scotland,full_price,95832
Willington,1905,East Midlands,full_price,18198
Wilmcote,4568,West Midlands,full_price,6690
Wilmslow,2774,North West,full_price,360870
Wilnecote (Staffs),1056,West Midlands,full_price,63160
Wimbledon,5578,London,full_price,4214946
Wimbledon Chase,5612,London,full_price,111578
Winchelsea,5042,South East,full_price,3394
Winchester,5924,South East,full_price,908356
Winchfield,5528,South East,full_price,70948
Winchmore Hill,6024,London,full_price,554772
Windermere,1978,North West,full_price,0
Windsor and Eton Central,3175,South East,full_price,365388
Windsor and Eton Riverside,5672,South East,full_price,254748
Winnersh,5697,South East,full_price,106098
Winnersh Triangle,5698,South East,full_price,87666
Winsford,2269,North West,full_price,72590
Wishaw,9694,Scotland,full_price,147150
Witham,6844,East of England,full_price,607096
Witley,5640,South East,full_price,90564
Witton (West Midlands),1011,West Midlands,full_price,80466
Wivelsfield,5341,South East,full_price,136414
Wivenhoe,6860,East of England,full_price,65230
Woburn Sands,1539,South East,full_price,24594
Woking,5685,South East,full_price,2276534
Wokingham,5696,South East,full_price,563524
Woldingham,5440,South East,full_price,136608
Wolverhampton,1218,West Midlands,full_price,1262846
Wolverton,1364,South East,full_price,99018
Wombwell,6688,Yorkshire and The Humber,full_price,79572
Wood End,4536,West Midlands,full_price,5188
Wood Street,6954,London,full_price,682338
Woodbridge,7228,East of England,full_price,58746
Woodgrange Park,7467,London,full_price,245298
Woodhall,9639,Scotland,full_price,17824
Woodhouse,6732,Yorkshire and The Humber,full_price,14218
Woodlesford,8578,Yorkshire and The Humber,full_price,134276
Woodley,2835,North West,full_price,26144
Woodmansterne,5441,London,full_price,49028
Woodsmoor,2773,North West,full_price,61240
Wool,5960,South West,full_price,37640
Woolston,5925,South East,full_price,64330
Woolwich,6562,London,full_price,3755444
Woolwich Arsenal,5152,London,full_price,678352
Woolwich Dockyard,5153,London,full_price,97928
Wootton Wawen,4540,West Midlands,full_price,4476
Worcester Foregate Street,4893,West Midlands,full_price,601728
Worcester Park,5579,London,full_price,533626
Worcester Shrub Hill,4891,West Midlands,full_price,181436
Worcestershire Parkway,6580,West Midlands,full_price,159114
Workington,2040,North West,full_price,43644
Worksop,6574,East Midlands,full_price,127494
Worle,3390,South West,full_price,159478
Worplesdon,5686,South East,full_price,59420
Worstead,7326,East of England,full_price,12298
Worthing,5279,South East,full_price,489408
Wrabness,6907,East of England,full_price,8144
Wraysbury,5673,South East,full_price,24266
Wrenbury,1350,North West,full_price,4928
Wressle,8123,Yorkshire and The Humber,full_price,48
Wrexham Central,4486,Wales,full_price,45806
Wrexham General,4487,Wales,full_price,301294
Wye,5031,South East,full_price,59594
Wylam,7514,North East,full_price,15644
Wylde Green,1138,West Midlands,full_price,153188
Wymondham,7383,East of England,full_price,49454
Wythall,4532,West Midlands,full_price,18084
Yalding,5232,South East,full_price,11236
Yardley Wood,4537,West Midlands,full_price,127408
Yarm,7917,North East,full_price,34050
Yate,3380,South West,full_price,150604
Yatton,3392,South West,full_price,149116
Yeoford,5827,South West,full_price,14412
Yeovil Junction,5838,South West,full_price,24790
Yeovil Pen Mill,5856,South West,full_price,44798
Yetminster,5857,South West,full_price,2460
Ynyswen,3818,Wales,full_price,1034
Yoker,9990,Scotland,full_price,70054
York,8263,Yorkshire and The Humber,full_price,540326
Yorton,1351,West Midlands,full_price,4738
Ystrad Mynach,4026,Wales,full_price,167312
Ystrad Rhondda,3871,Wales,full_price,42688
Abbey Wood,5131,London,reduced_price,6137708
Aber,3813,Wales,reduced_price,6028
Abercynon,3801,Wales,reduced_price,7362
Aberdare,3982,Wales,reduced_price,19810
Aberdeen,8976,Scotland,reduced_price,1548878
Aberdour,9090,Scotland,reduced_price,62712
Aberdovey,4435,Wales,reduced_price,24134
Abererch,4440,Wales,reduced_price,1808
Abergavenny,3602,Wales,reduced_price,188276
Abergele and Pensarn,2448,Wales,reduced_price,59392
Aberystwyth,4303,Wales,reduced_price,192426
Accrington,2552,North West,reduced_price,306466
Achanalt,8600,Scotland,reduced_price,96
Achnasheen,8601,Scotland,reduced_price,1120
Achnashellach,8602,Scotland,reduced_price,228
Acklington,7662,North East,reduced_price,358
Acle,7286,East of England,reduced_price,27576
Acocks Green,4529,West Midlands,reduced_price,177132
Acton Bridge (Cheshire),2287,North West,reduced_price,21944
Acton Central,1404,London,reduced_price,845964
Acton Main Line,3000,London,reduced_price,1520638
Adderley Park,1036,West Midlands,reduced_price,54210
Addiewell,9310,Scotland,reduced_price,8764
Addlestone,5550,South East,reduced_price,172918
Adisham,5160,South East,reduced_price,10612
Adlington (Cheshire),2939,North West,reduced_price,16748
Adlington (Lancashire),2641,North West,reduced_price,103920
Adwick,8353,Yorkshire and The Humber,reduced_price,69338
Aigburth,2255,North West,reduced_price,352898
Ainsdale,2350,North West,reduced_price,597096
Aintree,2125,North West,reduced_price,552112
Airbles,9695,Scotland,reduced_price,56388
Airdrie,9759,Scotland,reduced_price,413224
Albany Park,5132,London,reduced_price,327736
Albrighton,4614,West Midlands,reduced_price,35792
Alderley Edge,2760,North West,reduced_price,102870
Aldermaston,3145,South East,reduced_price,46182
Aldershot,5623,South East,reduced_price,747996
Aldrington,5280,South East,reduced_price,82918
Alexandra Palace,6025,London,reduced_price,1027972
Alexandra Parade,9905,Scotland,reduced_price,172514
Alexandria,9861,Scotland,reduced_price,97134
Alfreton,1805,East Midlands,reduced_price,232620
Allens West,7520,North East,reduced_price,53158
Alloa,9883,Scotland,reduced_price,305718
Alness,8605,Scotland,reduced_price,2902
Alnmouth,7787,North East,reduced_price,336026
Alresford (Essex),6847,East of England,reduced_price,43452
Alsager,1223,North West,reduced_price,30088
Althorne (Essex),6869,East of England,reduced_price,11578
Althorpe,6532,Yorkshire and The Humber,reduced_price,2178
Altnabreac [note 1],8606,Scotland,reduced_price,
Alton,5544,South East,reduced_price,295582
Altrincham,2806,North West,reduced_price,148744
Alvechurch,1198,West Midlands,reduced_price,48160
Ambergate,1678,East Midlands,reduced_price,19016
Amberley,5250,South East,reduced_price,50444
Amersham,506,South East,reduced_price,1046060
Ammanford,4236,Wales,reduced_price,11950
Ancaster,6358,East Midlands,reduced_price,1138
Anderston,9965,Scotland,reduced_price,182168
Andover,5510,South East,reduced_price,734340
Anerley,5397,London,reduced_price,531118
Angmering,5267,South East,reduced_price,454642
Annan,9451,Scotland,reduced_price,103686
Anniesland,9972,Scotland,reduced_price,542678
Ansdell and Fairhaven,2662,North West,reduced_price,34018
Apperley Bridge,8562,Yorkshire and The Humber,reduced_price,270114
Appleby,2052,North West,reduced_price,48820
Appledore (Kent),5003,South East,reduced_price,16264
Appleford,3109,South East,reduced_price,4046
Appley Bridge,2396,North West,reduced_price,61998
Apsley,1430,East of England,reduced_price,259740
Arbroath,9079,Scotland,reduced_price,190730
Ardgay,8613,Scotland,reduced_price,850
Ardlui,9962,Scotland,reduced_price,878
Ardrossan Harbour,9453,Scotland,reduced_price,30236
Ardrossan South Beach,9569,Scotland,reduced_price,95730
Ardrossan Town,9455,Scotland,reduced_price,10110
Ardwick,2960,North West,reduced_price,62
Argyle Street,9961,Scotland,reduced_price,815214
Arisaig,8821,Scotland,reduced_price,1520
Arlesey,6171,East of England,reduced_price,314520
Armadale (West Lothian),990,Scotland,reduced_price,110292
Armathwaite,2054,North West,reduced_price,10462
Arnside,1963,North West,reduced_price,99846
Arram,8045,Yorkshire and The Humber,reduced_price,870
Arrochar and Tarbet,9963,Scotland,reduced_price,3412
Arundel,5251,South East,reduced_price,193254
Ascot (Berks),5666,South East,reduced_price,559816
Ascott-Under-Wychwood,3003,South East,reduced_price,114
Ash,5641,South East,reduced_price,138136
Ash Vale,5547,South East,reduced_price,167754
Ashburys,2941,North West,reduced_price,49114
Ashchurch for Tewkesbury,4700,South West,reduced_price,61724
Ashfield,9953,Scotland,reduced_price,34874
Ashford (Surrey),5667,South East,reduced_price,455434
Ashford International,5004,South East,reduced_price,2058384
Ashington,7608,North East,reduced_price,110532
Ashley,2850,North West,reduced_price,5006
Ashley Down,5548,South West,reduced_price,18636
Ashtead,5347,South East,reduced_price,484734
Ashton-Under-Lyne,2790,North West,reduced_price,93422
Ashurst (Kent),5398,South East,reduced_price,8494
Ashurst New Forest,5906,South East,reduced_price,66736
Ashwell and Morden,6083,East of England,reduced_price,73094
Askam,1953,North West,reduced_price,40066
Aslockton,6233,East Midlands,reduced_price,9790
Aspatria,2095,North West,reduced_price,21442
Aspley Guise,1380,East of England,reduced_price,2692
Aston,1004,West Midlands,reduced_price,270020
Atherstone,1074,West Midlands,reduced_price,63384
Atherton,2584,North West,reduced_price,109766
Attadale,8608,Scotland,reduced_price,194
Attenborough,1624,East Midlands,reduced_price,18652
Attleborough,7367,East of England,reduced_price,87292
Auchinleck,9457,Scotland,reduced_price,35830
Audley End,7017,East of England,reduced_price,411324
Aughton Park,2215,North West,reduced_price,107866
Aviemore,8610,Scotland,reduced_price,65702
Avoncliff,3265,South West,reduced_price,11002
Avonmouth,3200,South West,reduced_price,12968
Axminster,5714,South West,reduced_price,295822
Aylesbury,1492,South East,reduced_price,331976
Aylesbury Vale Parkway,1090,South East,reduced_price,41460
Aylesford,5162,South East,reduced_price,53800
Aylesham,5197,South East,reduced_price,44688
Ayr,9463,Scotland,reduced_price,449788
Bache,2187,North West,reduced_price,327064
Baglan,4186,Wales,reduced_price,14952
Bagshot,5681,South East,reduced_price,62722
Baildon,8552,Yorkshire and The Humber,reduced_price,41518
Baillieston,9763,Scotland,reduced_price,83634
Balcombe,5492,South East,reduced_price,104574
Baldock,6084,East of England,reduced_price,264966
Balham,5399,London,reduced_price,2812102
Balloch,9862,Scotland,reduced_price,243710
Balmossie,9013,Scotland,reduced_price,482
Bamber Bridge,2561,North West,reduced_price,37740
Bamford,2820,East Midlands,reduced_price,56412
Banavie,8839,Scotland,reduced_price,2454
Banbury,4502,South East,reduced_price,1460042
Bangor (Gwynedd),2471,Wales,reduced_price,512830
Bank Hall,2238,North West,reduced_price,141830
Banstead,5348,South East,reduced_price,69596
Barassie,9466,Scotland,reduced_price,87572
Bardon Mill,7563,North East,reduced_price,8614
Bare Lane,2690,North West,reduced_price,48230
Bargeddie,9764,Scotland,reduced_price,50852
Bargoed,4011,Wales,reduced_price,8554
Barking,7492,London,reduced_price,6913846
Barking Riverside,1335,London,reduced_price,619524
Barming,5133,South East,reduced_price,130234
Barmouth,4445,Wales,reduced_price,102952
Barnehurst,5089,London,reduced_price,439920
Barnes,5551,London,reduced_price,995166
Barnes Bridge,5580,London,reduced_price,410574
Barnetby,6406,Yorkshire and The Humber,reduced_price,50552
Barnham,5252,South East,reduced_price,381528
Barnhill,9973,Scotland,reduced_price,40500
Barnsley,6774,Yorkshire and The Humber,reduced_price,881802
Barnstaple,5725,South West,reduced_price,337950
Barnt Green,1096,West Midlands,reduced_price,95638
Barrhead,9674,Scotland,reduced_price,276864
Barrhill,9467,Scotland,reduced_price,2286
Barrow Haven,6212,Yorkshire and The Humber,reduced_price,742
Barrow-In-Furness,1954,North West,reduced_price,441312
Barrow-Upon-Soar,1903,East Midlands,reduced_price,36116
Barry,3805,Wales,reduced_price,44010
Barry Docks,3806,Wales,reduced_price,14234
Barry Island,3807,Wales,reduced_price,34142
Barry Links,9020,Scotland,reduced_price,78
Barton-On-Humber,6207,Yorkshire and The Humber,reduced_price,19718
Basildon,7494,East of England,reduced_price,1176568
Basingstoke,5520,South East,reduced_price,2799824
Bat and Ball,5090,South East,reduced_price,97024
Bath Spa,3271,South West,reduced_price,5063410
Bathgate,9311,Scotland,reduced_price,465452
Batley,8484,Yorkshire and The Humber,reduced_price,91746
Battersby,7909,Yorkshire and The Humber,reduced_price,2422
Battersea Park,5420,London,reduced_price,1124942
Battle,5215,South East,reduced_price,285840
Battlesbridge,6870,East of England,reduced_price,9038
Bayford,6006,East of England,reduced_price,40890
Beaconsfield,3047,South East,reduced_price,564192
Bearley,2420,West Midlands,reduced_price,974
Bearsden,9966,Scotland,reduced_price,211202
Bearsted,5091,South East,reduced_price,125510
Beasdale,8822,Scotland,reduced_price,92
Beaulieu Road,5890,South East,reduced_price,17522
Beauly,8877,Scotland,reduced_price,4332
Bebington,2188,North West,reduced_price,448368
Beccles,7258,East of England,reduced_price,88714
Beckenham Hill,5076,London,reduced_price,178624
Beckenham Junction,5046,London,reduced_price,816360
Bedford,1512,East of England,reduced_price,2423388
Bedford St Johns,1510,East of England,reduced_price,113028
Bedhampton,5538,South East,reduced_price,44174
Bedminster,3245,South West,reduced_price,62796
Bedworth,1165,West Midlands,reduced_price,18298
Bedwyn,3070,South West,reduced_price,62972
Beeston,1625,East Midlands,reduced_price,255130
Bekesbourne,5198,South East,reduced_price,12812
Belle Vue,2785,North West,reduced_price,7656
Bellgrove,9895,Scotland,reduced_price,383268
Bellingham,5062,London,reduced_price,242956
Bellshill,9714,Scotland,reduced_price,312488
Belmont,5350,London,reduced_price,75650
Belper,1679,East Midlands,reduced_price,131978
Beltring,5227,South East,reduced_price,5366
Belvedere,5092,London,reduced_price,350016
Bempton,8047,Yorkshire and The Humber,reduced_price,21442
Ben Rhydding,8564,Yorkshire and The Humber,reduced_price,81648
Benfleet,7439,East of England,reduced_price,1029484
Bentham,2676,Yorkshire and The Humber,reduced_price,34364
Bentley (Hampshire),5624,South East,reduced_price,39860
Bentley (South Yorkshire),8352,Yorkshire and The Humber,reduced_price,72686
Bere Alston,3549,South West,reduced_price,20380
Bere Ferrers,3550,South West,reduced_price,8766
Berkhamsted,1390,East of England,reduced_price,671266
Berkswell,1045,West Midlands,reduced_price,120742
Bermuda Park,6543,West Midlands,reduced_price,8172
Berney Arms,7330,East of England,reduced_price,416
Berry Brow,8431,Yorkshire and The Humber,reduced_price,11502
Berrylands,5581,London,reduced_price,186302
Berwick (Sussex),5323,South East,reduced_price,46384
Berwick-Upon-Tweed,7791,North East,reduced_price,695168
Bescar Lane,2351,North West,reduced_price,1394
Bescot Stadium,1003,West Midlands,reduced_price,73954
Betchworth,5472,South East,reduced_price,9364
Bethnal Green,6961,London,reduced_price,821092
Betws-y-Coed,2449,Wales,reduced_price,28260
Beverley,8048,Yorkshire and The Humber,reduced_price,592364
Bexhill,5211,South East,reduced_price,583912
Bexley,5093,London,reduced_price,497430
Bexleyheath,5094,London,reduced_price,690474
Bicester North,3048,South East,reduced_price,493762
Bicester Village,3104,South East,reduced_price,1478268
Bickley,5063,London,reduced_price,324732
Bidston,2136,North West,reduced_price,142738
Biggleswade,6170,East of England,reduced_price,434286
Bilbrook,4618,West Midlands,reduced_price,34852
Billericay,6871,East of England,reduced_price,722686
Billingham,7910,North East,reduced_price,88020
Billingshurst,5464,South East,reduced_price,219450
Bingham,6235,East Midlands,reduced_price,40222
Bingley,8553,Yorkshire and The Humber,reduced_price,465356
Birchgrove,3907,Wales,reduced_price,2542
Birchington-On-Sea,5163,South East,reduced_price,118910
Birchwood,2304,North West,reduced_price,148344
Birkbeck,5401,London,reduced_price,41252
Birkdale,2352,North West,reduced_price,768662
Birkenhead Central,2217,North West,reduced_price,311760
Birkenhead Hamilton Square,2219,North West,reduced_price,683436
Birkenhead North,2145,North West,reduced_price,278846
Birkenhead Park,2220,North West,reduced_price,295434
Birmingham International,1215,West Midlands,reduced_price,2908416
Birmingham Moor Street,4515,West Midlands,reduced_price,3026684
Birmingham New Street,1127,West Midlands,reduced_price,19704558
Birmingham Snow Hill,1006,West Midlands,reduced_price,1168048
Bishop Auckland,7835,North East,reduced_price,118184
Bishopbriggs,9940,Scotland,reduced_price,432404
Bishops Stortford,6800,East of England,reduced_price,1275712
Bishopstone (Sussex),5402,South East,reduced_price,34280
Bishopton (Renfrewshire),9620,Scotland,reduced_price,392276
Bitterne,5945,South East,reduced_price,44280
Blackburn,2737,North West,reduced_price,907632
Blackheath,5095,London,reduced_price,1209136
Blackhorse Road,7400,London,reduced_price,1450094
Blackpool North,2739,North West,reduced_price,1815360
Blackpool Pleasure Beach,2738,North West,reduced_price,105864
Blackpool South,2740,North West,reduced_price,95764
Blackridge,991,Scotland,reduced_price,22130
Blackrod,2732,North West,reduced_price,96670
Blackwater,5625,South East,reduced_price,244374
Blaenau Ffestiniog,2450,Wales,reduced_price,31244
Blair Atholl,8750,Scotland,reduced_price,7886
Blairhill,9760,Scotland,reduced_price,198076
Blake Street,1176,West Midlands,reduced_price,118684
Blakedown,4574,West Midlands,reduced_price,14422
Blantyre,9716,Scotland,reduced_price,222254
Blaydon,7503,North East,reduced_price,51594
Bleasby,6204,East Midlands,reduced_price,1076
Bletchley,1360,South East,reduced_price,756486
Bloxwich,1141,West Midlands,reduced_price,58534
Bloxwich North,1018,West Midlands,reduced_price,60050
Blundellsands and Crosby,2123,North West,reduced_price,973250
Blythe Bridge,1282,West Midlands,reduced_price,36268
Bodmin Parkway,3501,South West,reduced_price,262836
Bodorgan,2435,Wales,reduced_price,3426
Bognor Regis,5253,South East,reduced_price,614748
Bogston,9668,Scotland,reduced_price,14300
Bolton,2599,North West,reduced_price,1824114
Bolton-Upon-Dearne,8536,Yorkshire and The Humber,reduced_price,27334
Bond Street,6553,London,reduced_price,25509428
Bookham,5626,South East,reduced_price,106868
Bootle (Cumbria),1993,North West,reduced_price,8354
Bootle New Strand,2195,North West,reduced_price,534666
Bootle Oriel Road,2239,North West,reduced_price,417778
Bordesley,4513,West Midlands,reduced_price,25252
Borough Green and Wrotham,5130,South East,reduced_price,194014
Borth,4304,Wales,reduced_price,23562
Bosham,5254,South East,reduced_price,34504
Boston,6216,East Midlands,reduced_price,185026
Botley,5894,South East,reduced_price,88990
Bottesford,6237,East Midlands,reduced_price,20620
Bourne End,3018,South East,reduced_price,107228
Bournemouth,5876,South West,reduced_price,2006230
Bournville,1112,West Midlands,reduced_price,421322
Bow Brickhill,1381,South East,reduced_price,5934
Bow Street,4219,Wales,reduced_price,16790
Bowes Park,6027,London,reduced_price,245276
Bowling,9968,Scotland,reduced_price,15632
Box Hill and Westhumble,5403,South East,reduced_price,112592
Bracknell,5693,South East,reduced_price,960438
Bradford Forster Square,8346,Yorkshire and The Humber,reduced_price,636662
Bradford Interchange,8345,Yorkshire and The Humber,reduced_price,1461244
Bradford-On-Avon,3341,South West,reduced_price,278944
Brading,5530,South East,reduced_price,12130
Braintree,6801,East of England,reduced_price,249782
Braintree Freeport,2053,East of England,reduced_price,70098
Bramhall,2944,North West,reduced_price,113634
Bramley (Hampshire),5500,South East,reduced_price,149134
Bramley (West Yorkshire),8496,Yorkshire and The Humber,reduced_price,131262
Brampton (Cumbria),7565,North West,reduced_price,14312
Brampton (Suffolk),7259,East of England,reduced_price,8248
Branchton,9938,Scotland,reduced_price,63626
Brandon,7200,East of England,reduced_price,72460
Branksome,5875,South West,reduced_price,176450
Braystones,2045,North West,reduced_price,1354
Bredbury,2779,North West,reduced_price,93146
Breich,9251,Scotland,reduced_price,2570
Brent Cross West,7777,London,reduced_price,345386
Brentford,5552,London,reduced_price,418788
Brentwood,6872,East of England,reduced_price,1645276
Bricket Wood,1560,East of England,reduced_price,18250
Bridge Of Allan,9889,Scotland,reduced_price,114938
Bridge Of Orchy,8823,Scotland,reduced_price,2420
Bridgend,3809,Wales,reduced_price,459572
Bridgeton,9789,Scotland,reduced_price,411688
Bridgwater,3449,South West,reduced_price,307968
Bridlington,8049,Yorkshire and The Humber,reduced_price,479238
Brierfield,2554,North West,reduced_price,17590
Brigg,6464,Yorkshire and The Humber,reduced_price,1486
Brighouse,8514,Yorkshire and The Humber,reduced_price,238010
Brighton,5268,South East,reduced_price,10528348
Brimsdown,6810,London,reduced_price,614730
Brinnington,2603,North West,reduced_price,44634
Bristol Parkway,3230,South West,reduced_price,1787746
Bristol Temple Meads,3231,South West,reduced_price,7458690
Brithdir,4012,Wales,reduced_price,392
Briton Ferry,4187,Wales,reduced_price,22090
Brixton,5081,London,reduced_price,359078
Broad Green,2240,North West,reduced_price,138374
Broadbottom,2892,North West,reduced_price,44872
Broadstairs,5006,South East,reduced_price,518376
Brockenhurst,5886,South East,reduced_price,531440
Brockholes,8429,Yorkshire and The Humber,reduced_price,23230
Brockley,5404,London,reduced_price,2164888
Bromborough,2190,North West,reduced_price,239676
Bromborough Rake,2191,North West,reduced_price,101562
Bromley Cross (Lancs),2697,North West,reduced_price,165450
Bromley North,5096,London,reduced_price,97504
Bromley South,5064,London,reduced_price,3304502
Bromsgrove,4715,West Midlands,reduced_price,223594
Brondesbury,1437,London,reduced_price,1292028
Brondesbury Park,1438,London,reduced_price,565644
Brookmans Park,6074,East of England,reduced_price,127640
Brookwood,5687,South East,reduced_price,360056
Broome,4175,West Midlands,reduced_price,748
Broomfleet,8050,Yorkshire and The Humber,reduced_price,1110
Brora,8618,Scotland,reduced_price,1162
Brough,8051,Yorkshire and The Humber,reduced_price,459074
Broughty Ferry,9023,Scotland,reduced_price,41578
Broxbourne,6812,East of England,reduced_price,931084
Bruce Grove,6958,London,reduced_price,746310
Brundall,7289,East of England,reduced_price,59140
Brundall Gardens,7006,East of England,reduced_price,9818
Brunstane,8807,Scotland,reduced_price,56478
Brunswick,3623,North West,reduced_price,371524
Bruton,5702,South West,reduced_price,29570
Bryn,2222,North West,reduced_price,52838
Buckenham,7290,East of England,reduced_price,226
Buckley,2422,Wales,reduced_price,5360
Bucknell,4182,West Midlands,reduced_price,1340
Buckshaw Parkway,7501,North West,reduced_price,198176
Bugle,3502,South West,reduced_price,5020
Builth Road,4317,Wales,reduced_price,2474
Bulwell,1865,East Midlands,reduced_price,19876
Bures,7085,East of England,reduced_price,23468
Burgess Hill,5483,South East,reduced_price,855536
Burley Park,8500,Yorkshire and The Humber,reduced_price,467086
Burley-In-Wharfedale,8565,Yorkshire and The Humber,reduced_price,153186
Burnage,2945,North West,reduced_price,105350
Burneside (Cumbria),1975,North West,reduced_price,22134
Burnham (Buckinghamshire),3176,South East,reduced_price,857554
Burnham-On-Crouch,6873,East of England,reduced_price,87896
Burnley Barracks,2743,North West,reduced_price,17018
Burnley Central,2550,North West,reduced_price,57014
Burnley Manchester Road,2549,North West,reduced_price,345942
Burnside (South Lanarkshire),9767,Scotland,reduced_price,126856
Burntisland,9107,Scotland,reduced_price,107652
Burscough Bridge,2279,North West,reduced_price,71882
Burscough Junction,2280,North West,reduced_price,30008
Bursledon,5927,South East,reduced_price,41200
Burton Joyce,6200,East Midlands,reduced_price,4398
Burton-On-Trent,1658,West Midlands,reduced_price,648040
Bury St Edmunds,7008,East of England,reduced_price,519444
Busby,9791,Scotland,reduced_price,57412
Bush Hill Park,6913,London,reduced_price,646324
Bushey,1395,East of England,reduced_price,686182
Butlers Lane,1179,West Midlands,reduced_price,76230
Buxted,5324,South East,reduced_price,44686
Buxton,2946,East Midlands,reduced_price,333012
Byfleet and New Haw,5689,South East,reduced_price,196982
Bynea,4124,Wales,reduced_price,1752
Cadoxton,3811,Wales,reduced_price,15434
Caergwrle,2536,Wales,reduced_price,2070
Caerphilly,3812,Wales,reduced_price,37980
Caersws,4412,Wales,reduced_price,41800
Caldercruix,992,Scotland,reduced_price,37500
Caldicot,3680,Wales,reduced_price,12304
Caledonian Road and Barnsbury,1439,London,reduced_price,843958
Calstock,3562,South West,reduced_price,28604
Cam and Dursley,3238,South West,reduced_price,139212
Camberley,5682,South East,reduced_price,218350
Camborne,3504,South West,reduced_price,242050
Cambridge,7022,East of England,reduced_price,6352454
Cambridge Heath,6962,London,reduced_price,588048
Cambridge North,8001,East of England,reduced_price,783006
Cambuslang,9768,Scotland,reduced_price,425710
Camden Road,1440,London,reduced_price,2441980
Camelon,9878,Scotland,reduced_price,71808
Cameron Bridge,244,Scotland,reduced_price,25142
Canada Water,1659,London,reduced_price,10427400
Canary Wharf,6560,London,reduced_price,9099738
Canley,1129,West Midlands,reduced_price,224408
Cannock,1016,West Midlands,reduced_price,185094
Canonbury,1441,London,reduced_price,1683054
Canterbury East,5164,South East,reduced_price,748188
Canterbury West,5007,South East,reduced_price,1741080
Cantley,7292,East of England,reduced_price,8876
Capenhurst,2186,North West,reduced_price,108524
Carbis Bay,3542,South West,reduced_price,270874
Cardenden,9112,Scotland,reduced_price,21614
Cardiff Bay,3815,Wales,reduced_price,52330
Cardiff Central,3899,Wales,reduced_price,4571086
Cardiff Queen Street,3900,Wales,reduced_price,102072
Cardonald,9624,Scotland,reduced_price,101450
Cardross,9969,Scotland,reduced_price,62838
Carfin,9877,Scotland,reduced_price,58268
Cark and Cartmel,1964,North West,reduced_price,70610
Carlisle,2118,North West,reduced_price,2116644
Carlton,6201,East Midlands,reduced_price,22464
Carluke,9702,Scotland,reduced_price,152498
Carmarthen,4068,Wales,reduced_price,284832
Carmyle,9769,Scotland,reduced_price,66006
Carnforth,2640,North West,reduced_price,133388
Carnoustie,9028,Scotland,reduced_price,56960
Carntyne,9897,Scotland,reduced_price,186708
Carpenders Park,1442,East of England,reduced_price,819514
Carrbridge,8621,Scotland,reduced_price,2240
Carshalton,5405,London,reduced_price,530320
Carshalton Beeches,5406,London,reduced_price,377414
Carstairs,9704,Scotland,reduced_price,16018
Cartsdyke,9680,Scotland,reduced_price,55912
Castle Bar Park,3098,London,reduced_price,59200
Castle Cary,5703,South West,reduced_price,333794
Castleford,8359,Yorkshire and The Humber,reduced_price,188772
Castleton (Manchester),2919,North West,reduced_price,84650
Castleton Moor,7914,Yorkshire and The Humber,reduced_price,5818
Caterham,5351,South East,reduced_price,258764
Catford,5077,London,reduced_price,285080
Catford Bridge,5047,London,reduced_price,1268812
Cathays,3820,Wales,reduced_price,101180
Cathcart,9795,Scotland,reduced_price,284528
Cattal,8232,Yorkshire and The Humber,reduced_price,67746
Causeland,3568,South West,reduced_price,1572
Cefn-Y-Bedd,2425,Wales,reduced_price,982
Chadwell Heath,6874,London,reduced_price,2767958
Chafford Hundred Lakeside,7447,East of England,reduced_price,1240058
Chalfont and Latimer,539,South East,reduced_price,452536
Chalkwell,7469,East of England,reduced_price,516258
Chandlers Ford,5836,South East,reduced_price,91430
Chapel-En-Le-Frith,2762,East Midlands,reduced_price,59238
Chapelton (Devon),5820,South West,reduced_price,48
Chapeltown (South Yorkshire),6664,Yorkshire and The Humber,reduced_price,191138
Chappel and Wakes Colne,7051,East of England,reduced_price,18818
Charing (Kent),5097,South East,reduced_price,39792
Charing Cross (Glasgow),9911,Scotland,reduced_price,791212
Charlbury,3004,South East,reduced_price,233126
Charlton,5144,London,reduced_price,658886
Chartham,5008,South East,reduced_price,46092
Chassen Road,2947,North West,reduced_price,5998
Chatelherault,9707,Scotland,reduced_price,39716
Chatham,5199,South East,reduced_price,1081102
Chathill,7792,North East,reduced_price,788
Cheadle Hulme,2870,North West,reduced_price,308758
Cheam,5352,London,reduced_price,418506
Cheddington,1372,South East,reduced_price,39428
Chelford (Cheshire),2764,North West,reduced_price,22756
Chelmsford,6836,East of England,reduced_price,2608912
Chelsfield,5098,London,reduced_price,167308
Cheltenham Spa,4731,South West,reduced_price,1831890
Chepstow,3774,Wales,reduced_price,104014
Cherry Tree,2573,North West,reduced_price,18062
Chertsey,5553,South East,reduced_price,188316
Cheshunt,6814,East of England,reduced_price,1450848
Chessington North,5582,London,reduced_price,229222
Chessington South,5554,London,reduced_price,144858
Chester,2412,North West,reduced_price,3624374
Chester Road,1130,West Midlands,reduced_price,275676
Chesterfield,6615,East Midlands,reduced_price,1411760
Chester-Le-Street,7736,North East,reduced_price,170728
Chestfield and Swalecliffe,5200,South East,reduced_price,44452
Chetnole,5840,South West,reduced_price,1574
Chichester,5255,South East,reduced_price,1421168
Chilham,5009,South East,reduced_price,34920
Chilworth,5296,South East,reduced_price,12364
Chingford,6914,London,reduced_price,1202578
Chinley,2823,East Midlands,reduced_price,62612
Chippenham,3267,South West,reduced_price,1230612
Chipstead,5353,South East,reduced_price,40608
Chirk,4449,Wales,reduced_price,45654
Chislehurst,5099,London,reduced_price,492514
Chiswick,5583,London,reduced_price,337440
Cholsey,3031,South East,reduced_price,146238
Chorley,2745,North West,reduced_price,497146
Chorleywood,546,East of England,reduced_price,281424
Christchurch,5879,South West,reduced_price,305036
Christs Hospital,5319,South East,reduced_price,90314
Church and Oswaldtwistle,2556,North West,reduced_price,25560
Church Fenton,8233,Yorkshire and The Humber,reduced_price,107032
Church Stretton,4365,West Midlands,reduced_price,50662
Cilmeri,3785,Wales,reduced_price,498
City Thameslink,5121,London,reduced_price,2668752
Clacton-on-Sea,6850,East of England,reduced_price,474916
Clandon,5555,South East,reduced_price,84528
Clapham (North Yorkshire),2653,Yorkshire and The Humber,reduced_price,7290
Clapham High Street,5301,London,reduced_price,643642
Clapham Junction,5595,London,reduced_price,12419082
Clapton,6926,London,reduced_price,1208754
Clarbeston Road,4069,Wales,reduced_price,5400
Clarkston,9792,Scotland,reduced_price,171166
Claverdon,4593,West Midlands,reduced_price,1536
Claygate,5556,South East,reduced_price,201928
Cleethorpes,6274,Yorkshire and The Humber,reduced_price,279688
Cleland,9718,Scotland,reduced_price,54036
Clifton (Manchester),2795,North West,reduced_price,280
Clifton Down,3202,South West,reduced_price,142670
Clitheroe,2574,North West,reduced_price,164674
Clock House,5048,London,reduced_price,548876
Clunderwen,4070,Wales,reduced_price,16216
Clydebank,9855,Scotland,reduced_price,148988
Coatbridge Central,9747,Scotland,reduced_price,22682
Coatbridge Sunnyside,9752,Scotland,reduced_price,236662
Coatdyke,9762,Scotland,reduced_price,107202
Cobham and Stoke D'abernon,5557,South East,reduced_price,240830
Codsall,4616,West Midlands,reduced_price,50802
Cogan,3828,Wales,reduced_price,14868
Colchester,6861,East of England,reduced_price,1863564
Colchester Town,6853,East of England,reduced_price,516962
Coleshill Parkway,9882,West Midlands,reduced_price,36814
Collingham,6349,East Midlands,reduced_price,6156
Collington,5457,South East,reduced_price,94166
Colne,2562,North West,reduced_price,44600
Colwall,4876,West Midlands,reduced_price,26530
Colwyn Bay,2451,Wales,reduced_price,214124
Combe (Oxon),3005,South East,reduced_price,174
Commondale,7515,Yorkshire and The Humber,reduced_price,1944
Congleton,1227,North West,reduced_price,249532
Conisbrough,6488,Yorkshire and The Humber,reduced_price,61392
Connel Ferry,8708,Scotland,reduced_price,2424
Conon Bridge,6393,Scotland,reduced_price,1634
Cononley,8470,Yorkshire and The Humber,reduced_price,83068
Conway Park,3624,North West,reduced_price,322478
Conwy,2486,Wales,reduced_price,45086
Cooden Beach,5458,South East,reduced_price,85970
Cookham,3019,South East,reduced_price,93114
Cooksbridge,5336,South East,reduced_price,43930
Coombe Junction Halt,3570,South West,reduced_price,144
Copplestone,5821,South West,reduced_price,7212
Corbridge,7504,North East,reduced_price,64828
Corby,1847,East Midlands,reduced_price,410940
Corkerhill,9627,Scotland,reduced_price,97334
Corkickle,2049,North West,reduced_price,25620
Corpach,8824,Scotland,reduced_price,1136
Corrour,8825,Scotland,reduced_price,6082
Coryton,3905,Wales,reduced_price,2838
Coseley,1143,West Midlands,reduced_price,231914
Cosford,4617,West Midlands,reduced_price,41088
Cosham,5896,South East,reduced_price,509292
Cottingham,8056,Yorkshire and The Humber,reduced_price,223934
Cottingley,8505,Yorkshire and The Humber,reduced_price,22784
Coulsdon South,5408,London,reduced_price,892502
Coulsdon Town,5382,London,reduced_price,54662
Coventry,1030,West Midlands,reduced_price,4091060
Coventry Arena,7416,West Midlands,reduced_price,71412
Cowden (Kent),5409,South East,reduced_price,22156
Cowdenbeath,9185,Scotland,reduced_price,63900
Cradley Heath,4639,West Midlands,reduced_price,313208
Craigendoran,9970,Scotland,reduced_price,63074
Cramlington,7579,North East,reduced_price,121962
Cranbrook (Devon),9850,South West,reduced_price,87746
Craven Arms,3634,West Midlands,reduced_price,43326
Crawley,5484,South East,reduced_price,692228
Crayford,5100,London,reduced_price,455694
Crediton,5754,South West,reduced_price,41284
Cressing (Essex),6837,East of England,reduced_price,17652
Cressington,2225,North West,reduced_price,327292
Creswell,1874,East Midlands,reduced_price,13904
Crewe,1243,North West,reduced_price,2553720
Crewkerne,5832,South West,reduced_price,133664
Crews Hill,6007,London,reduced_price,71908
Crianlarich,8826,Scotland,reduced_price,5538
Criccieth,4312,Wales,reduced_price,18960
Cricklewood,1519,London,reduced_price,455438
Croftfoot,9778,Scotland,reduced_price,116574
Crofton Park,5078,London,reduced_price,312404
Cromer,7295,East of England,reduced_price,171688
Cromford,1822,East Midlands,reduced_price,28912
Crookston,9628,Scotland,reduced_price,85060
Cross Gates,8473,Yorkshire and The Humber,reduced_price,183686
Crossflatts,8554,Yorkshire and The Humber,reduced_price,150340
Crosshill,9814,Scotland,reduced_price,147790
Crosskeys,9902,Wales,reduced_price,3836
Crossmyloof,9796,Scotland,reduced_price,346974
Croston,2313,North West,reduced_price,42536
Crouch Hill,7406,London,reduced_price,483892
Crowborough,5325,South East,reduced_price,93664
Crowhurst,5233,South East,reduced_price,21134
Crowle,6524,Yorkshire and The Humber,reduced_price,7126
Crowthorne,5628,South East,reduced_price,132262
Croy,9943,Scotland,reduced_price,726954
Crystal Palace,5356,London,reduced_price,1489250
Cuddington,2305,North West,reduced_price,48970
Cuffley,6008,East of England,reduced_price,339194
Culham,3107,South East,reduced_price,31974
Culrain,8625,Scotland,reduced_price,86
Cumbernauld,9721,Scotland,reduced_price,87638
Cupar,9121,Scotland,reduced_price,116812
Curriehill,9218,Scotland,reduced_price,45958
Custom House,6561,London,reduced_price,5861314
Cuxton,5201,South East,reduced_price,19022
Cwmbach,3981,Wales,reduced_price,2350
Cwmbran,3738,Wales,reduced_price,117656
Cynghordy,4147,Wales,reduced_price,386
Dagenham Dock,7440,London,reduced_price,194048
Daisy Hill,2777,North West,reduced_price,102262
Dalgety Bay,9135,Scotland,reduced_price,103894
Dalmally,8711,Scotland,reduced_price,1594
Dalmarnock,9790,Scotland,reduced_price,243112
Dalmeny,9415,Scotland,reduced_price,223114
Dalmuir,9992,Scotland,reduced_price,386276
Dalreoch,9864,Scotland,reduced_price,100172
Dalry,9483,Scotland,reduced_price,92046
Dalston (Cumbria),2077,North West,reduced_price,30654
Dalston Junction,1443,London,reduced_price,3523570
Dalston Kingsland,1429,London,reduced_price,3317116
Dalton (Cumbria),1957,North West,reduced_price,50524
Dalwhinnie,8628,Scotland,reduced_price,1056
Danby,7915,Yorkshire and The Humber,reduced_price,6436
Danescourt,3797,Wales,reduced_price,4374
Danzey,4519,West Midlands,reduced_price,2824
Darlington,7877,North East,reduced_price,2505640
Darnall,6729,Yorkshire and The Humber,reduced_price,13242
Darsham,7211,East of England,reduced_price,54582
Dartford,5101,South East,reduced_price,2586882
Darton,8420,Yorkshire and The Humber,reduced_price,36040
Darwen,2576,North West,reduced_price,227346
Datchet,5668,South East,reduced_price,138842
Davenport,2770,North West,reduced_price,149332
Dawlish,3408,South West,reduced_price,391742
Dawlish Warren,3409,South West,reduced_price,170052
Deal,5011,South East,reduced_price,347024
Dean (Wilts),5942,South West,reduced_price,25974
Deansgate,2963,North West,reduced_price,1212364
Deganwy,2480,Wales,reduced_price,12112
Deighton,8441,Yorkshire and The Humber,reduced_price,28620
Delamere,2306,North West,reduced_price,40098
Denby Dale,8432,Yorkshire and The Humber,reduced_price,69018
Denham,3052,South East,reduced_price,99322
Denham Golf Club,3060,South East,reduced_price,18644
Denmark Hill,5421,London,reduced_price,2659996
Dent,2103,North West,reduced_price,8480
Denton,2855,North West,reduced_price,62
Deptford,5145,London,reduced_price,830204
Derby,1823,East Midlands,reduced_price,3100272
Derby Road (Ipswich),7212,East of England,reduced_price,50092
Devonport,3579,South West,reduced_price,16622
Dewsbury,8326,Yorkshire and The Humber,reduced_price,445322
Didcot Parkway,3030,South East,reduced_price,1792676
Digby and Sowton,5753,South West,reduced_price,58604
Dilton Marsh,5502,South West,reduced_price,8100
Dinas (Rhondda),3901,Wales,reduced_price,1980
Dinas Powys,3830,Wales,reduced_price,7990
Dingle Road,3861,Wales,reduced_price,11230
Dingwall,8632,Scotland,reduced_price,12840
Dinsdale,7897,North East,reduced_price,54082
Dinting,2893,East Midlands,reduced_price,25034
Disley,2765,North West,reduced_price,97882
Diss,7348,East of England,reduced_price,476856
Dockyard (Devonport),3588,South West,reduced_price,5544
Dodworth,6781,Yorkshire and The Humber,reduced_price,31364
Dolau,4188,Wales,reduced_price,392
Doleham,5036,South East,reduced_price,112
Dolgarrog,2538,Wales,reduced_price,1656
Dolwyddelan,2452,Wales,reduced_price,3382
Doncaster,6417,Yorkshire and The Humber,reduced_price,3560040
Dorchester South,5961,South West,reduced_price,351786
Dorchester West,5962,South West,reduced_price,73042
Dore and Totley,6690,Yorkshire and The Humber,reduced_price,154870
Dorking (Deepdene),5412,South East,reduced_price,291296
Dorking (Main),5357,South East,reduced_price,480456
Dorking West,5297,South East,reduced_price,23114
Dormans,5413,South East,reduced_price,38236
Dorridge,4525,West Midlands,reduced_price,422692
Dove Holes,2766,East Midlands,reduced_price,7768
Dover Priory,5033,South East,reduced_price,632318
Dovercourt,6901,East of England,reduced_price,76072
Dovey Junction,4436,Wales,reduced_price,33250
Downham Market,7055,East of England,reduced_price,234812
Drayton Green,3099,London,reduced_price,11830
Drayton Park,6000,London,reduced_price,361942
Drem,9317,Scotland,reduced_price,58934
Driffield,8057,Yorkshire and The Humber,reduced_price,210882
Drigg,1994,North West,reduced_price,4020
Droitwich Spa,4878,West Midlands,reduced_price,134728
Dronfield,6616,East Midlands,reduced_price,127058
Drumchapel,9994,Scotland,reduced_price,181402
Drumfrochar,9967,Scotland,reduced_price,40144
Drumgelloch,9757,Scotland,reduced_price,132128
Drumry,9993,Scotland,reduced_price,128506
Duddeston,1040,West Midlands,reduced_price,106040
Dudley Port,1212,West Midlands,reduced_price,172234
Duffield,1691,East Midlands,reduced_price,29106
Duirinish,8681,Scotland,reduced_price,262
Duke Street,9906,Scotland,reduced_price,117456
Dullingham,7027,East of England,reduced_price,7318
Dumbarton Central,9866,Scotland,reduced_price,270252
Dumbarton East,9868,Scotland,reduced_price,190588
Dumbreck,9622,Scotland,reduced_price,68120
Dumfries,9490,Scotland,reduced_price,283252
Dumpton Park,5034,South East,reduced_price,18402
Dunbar,9397,Scotland,reduced_price,361184
Dunblane,8713,Scotland,reduced_price,256686
Duncraig,8682,Scotland,reduced_price,42
Dundee,9039,Scotland,reduced_price,1087272
Dunfermline City,9186,Scotland,reduced_price,324740
Dunfermline Queen Margaret,9187,Scotland,reduced_price,27666
Dunkeld and Birnam,8763,Scotland,reduced_price,34796
Dunlop,9492,Scotland,reduced_price,43878
Dunrobin Castle,8642,Scotland,reduced_price,428
Dunston,7744,North East,reduced_price,32904
Dunton Green,5102,South East,reduced_price,111520
Durham,7745,North East,reduced_price,2666624
Durrington-On-Sea,5282,South East,reduced_price,265882
Dyce,8905,Scotland,reduced_price,115336
Dyffryn Ardudwy,4455,Wales,reduced_price,9888
Eaglescliffe,7916,North East,reduced_price,164012
Ealing Broadway,3190,London,reduced_price,8899036
Earlestown,2292,North West,reduced_price,187442
Earley,5694,South East,reduced_price,226822
Earlsfield,5584,London,reduced_price,2615836
Earlswood (Surrey),5414,South East,reduced_price,143360
Earlswood (West Midlands),4520,West Midlands,reduced_price,20544
East Croydon,5355,London,reduced_price,10687194
East Didsbury,2949,North West,reduced_price,192424
East Dulwich,5358,London,reduced_price,650334
East Farleigh,5234,South East,reduced_price,15800
East Garforth,8472,Yorkshire and The Humber,reduced_price,79928
East Grinstead,5486,South East,reduced_price,460202
East Kilbride,9793,Scotland,reduced_price,318604
East Linton,365,Scotland,reduced_price,47664
East Malling,5134,South East,reduced_price,44820
East Midlands Parkway,1901,East Midlands,reduced_price,266950
East Tilbury,7471,East of England,reduced_price,181818
East Worthing,5283,South East,reduced_price,154978
Eastbourne,5448,South East,reduced_price,2260508
Eastbrook,3795,Wales,reduced_price,6756
Easterhouse,9894,Scotland,reduced_price,150270
Eastham Rake,2128,North West,reduced_price,177580
Eastleigh,5899,South East,reduced_price,672092
Eastrington,8114,Yorkshire and The Humber,reduced_price,3378
Ebbsfleet International,5566,South East,reduced_price,922242
Ebbw Vale Parkway,9915,Wales,reduced_price,4498
Ebbw Vale Town,3628,Wales,reduced_price,22562
Eccles (Manchester),2950,North West,reduced_price,154084
Eccles Road,7370,East of England,reduced_price,190
Eccleston Park,2227,North West,reduced_price,32578
Edale,2824,East Midlands,reduced_price,132206
Eden Park,5056,London,reduced_price,280294
Edenbridge (Kent),5473,South East,reduced_price,68920
Edenbridge Town,5359,South East,reduced_price,126178
Edge Hill,2169,North West,reduced_price,95494
Edinburgh,9328,Scotland,reduced_price,15941824
Edinburgh Gateway,6545,Scotland,reduced_price,84154
Edinburgh Park,9395,Scotland,reduced_price,222866
Edmonton Green,6941,London,reduced_price,1924880
Effingham Junction,5642,South East,reduced_price,113108
Eggesford,5822,South West,reduced_price,20308
Egham,5669,South East,reduced_price,1152566
Egton,7918,Yorkshire and The Humber,reduced_price,5342
Elephant and Castle,5246,London,reduced_price,955178
Elgin,8977,Scotland,reduced_price,159288
Ellesmere Port,2121,North West,reduced_price,332136
Elmers End,5049,London,reduced_price,371620
Elmstead Woods,5135,London,reduced_price,398986
Elmswell,7349,East of England,reduced_price,51960
Elsecar,6667,Yorkshire and The Humber,reduced_price,101718
Elsenham (Essex),6832,East of England,reduced_price,66946
Elstree and Borehamwood,1542,East of England,reduced_price,1261884
Eltham,5103,London,reduced_price,850082
Elton and Orston,6238,East Midlands,reduced_price,18
Ely,7068,East of England,reduced_price,1331058
Emerson Park,7473,London,reduced_price,141746
Emsworth,5257,South East,reduced_price,180486
Energlyn and Churchill Park,375,Wales,reduced_price,2188
Enfield Chase,6010,London,reduced_price,612538
Enfield Lock,6815,London,reduced_price,841566
Enfield Town,6959,London,reduced_price,1313948
Entwistle,2747,North West,reduced_price,15936
Epsom (Surrey),5360,South East,reduced_price,1649430
Epsom Downs,5361,South East,reduced_price,56884
Erdington,1041,West Midlands,reduced_price,204400
Eridge,5459,South East,reduced_price,29442
Erith,5104,London,reduced_price,352336
Esher,5558,South East,reduced_price,373182
Eskbank,3776,Scotland,reduced_price,138542
Essex Road,6004,London,reduced_price,342782
Etchingham,5217,South East,reduced_price,110540
Euxton Balshaw Lane,2080,North West,reduced_price,49970
Evesham,4740,West Midlands,reduced_price,194580
Ewell East,5415,South East,reduced_price,211078
Ewell West,5586,South East,reduced_price,463608
Exeter Central,5755,South West,reduced_price,1551764
Exeter St David's,3410,South West,reduced_price,2228080
Exeter St Thomas,3414,South West,reduced_price,116584
Exhibition Centre (Glasgow),9914,Scotland,reduced_price,969590
Exmouth,5756,South West,reduced_price,635616
Exton,5760,South West,reduced_price,6202
Eynsford,5065,South East,reduced_price,78830
Fairbourne,4416,Wales,reduced_price,19680
Fairfield,2780,North West,reduced_price,6778
Fairlie,9452,Scotland,reduced_price,22834
Fairwater,3873,Wales,reduced_price,3904
Falconwood,5137,London,reduced_price,373294
Falkirk Grahamston,9930,Scotland,reduced_price,315486
Falkirk High,9931,Scotland,reduced_price,398678
Falls Of Cruachan,8726,Scotland,reduced_price,186
Falmer,5337,South East,reduced_price,876962
Falmouth Docks,3508,South West,reduced_price,102926
Falmouth Town,3591,South West,reduced_price,195456
Fareham,5900,South East,reduced_price,1049346
Farnborough (Main),5521,South East,reduced_price,1050140
Farnborough North,5688,South East,reduced_price,227052
Farncombe,5643,South East,reduced_price,232902
Farnham,5545,South East,reduced_price,711262
Farningham Road,5105,South East,reduced_price,49888
Farnworth,2811,North West,reduced_price,25234
Farringdon,577,London,reduced_price,25818328
Fauldhouse,9245,Scotland,reduced_price,22214
Faversham,5167,South East,reduced_price,672968
Faygate,5493,South East,reduced_price,1334
Fazakerley,2126,North West,reduced_price,630254
Fearn,8637,Scotland,reduced_price,508
Featherstone,8544,Yorkshire and The Humber,reduced_price,38094
Felixstowe,7214,East of England,reduced_price,177374
Feltham,5559,London,reduced_price,1818138
Feniton,5808,South West,reduced_price,35820
Fenny Stratford,1377,South East,reduced_price,7388
Fernhill,3862,Wales,reduced_price,1094
Ferriby,8061,Yorkshire and The Humber,reduced_price,45254
Ferryside,4074,Wales,reduced_price,10690
Ffairfach,4066,Wales,reduced_price,1446
Filey,8062,Yorkshire and The Humber,reduced_price,150146
Filton Abbey Wood,3235,South West,reduced_price,292246
Finchley Road and Frognal,1445,London,reduced_price,963462
Finsbury Park,6119,London,reduced_price,5847938
Finstock,3012,South East,reduced_price,126
Fishbourne (Sussex),5261,South East,reduced_price,29886
Fishersgate,5284,South East,reduced_price,46782
Fishguard and Goodwick,6680,Wales,reduced_price,15096
Fishguard Harbour,4076,Wales,reduced_price,8494
Fiskerton,6351,East Midlands,reduced_price,8982
Fitzwilliam,8583,Yorkshire and The Humber,reduced_price,84618
Five Ways,4503,West Midlands,reduced_price,483174
Fleet,5522,South East,reduced_price,667054
Flimby,2026,North West,reduced_price,10214
Flint,2513,Wales,reduced_price,155914
Flitwick,1532,East of England,reduced_price,637870
Flixton,2935,North West,reduced_price,36416
Flowery Field,2786,North West,reduced_price,57470
Folkestone Central,5035,South East,reduced_price,501206
Folkestone West,5027,South East,reduced_price,594878
Ford,5258,South East,reduced_price,59348
Forest Gate,6876,London,reduced_price,3296612
Forest Hill,5362,London,reduced_price,2360674
Formby,2354,North West,reduced_price,1073924
Forres,8638,Scotland,reduced_price,75918
Forsinard,8639,Scotland,reduced_price,544
Fort Matilda,9675,Scotland,reduced_price,66108
Fort William,8827,Scotland,reduced_price,95742
Four Oaks,1042,West Midlands,reduced_price,289672
Foxfield,2046,North West,reduced_price,10416
Foxton,7029,East of England,reduced_price,40954
Frant,5218,South East,reduced_price,54320
Fratton,5509,South East,reduced_price,1369570
Freshfield,2355,North West,reduced_price,401940
Freshford,3344,South West,reduced_price,24202
Frimley,5683,South East,reduced_price,96166
Frinton-on-Sea,6854,East of England,reduced_price,121888
Frizinghall,8556,Yorkshire and The Humber,reduced_price,126002
Frodsham,2284,North West,reduced_price,134680
Frome,5707,South West,reduced_price,172044
Fulwell,5587,London,reduced_price,192868
Furness Vale,2952,East Midlands,reduced_price,17692
Furze Platt,3144,South East,reduced_price,69650
Gainsborough Central,6465,East Midlands,reduced_price,1476
Gainsborough Lea Road,6424,East Midlands,reduced_price,141396
Galashiels,9329,Scotland,reduced_price,163778
Garelochhead,9971,Scotland,reduced_price,6080
Garforth,8474,Yorkshire and The Humber,reduced_price,289330
Gargrave,2654,Yorkshire and The Humber,reduced_price,30296
Garrowhill,9904,Scotland,reduced_price,189886
Garscadden,9979,Scotland,reduced_price,117968
Garsdale,2104,North West,reduced_price,14086
Garston (Hertfordshire),1559,East of England,reduced_price,32490
Garswood,2335,North West,reduced_price,72394
Gartcosh,9723,Scotland,reduced_price,86668
Garth (Bridgend County),3961,Wales,reduced_price,1290
Garth (Powys),4148,Wales,reduced_price,756
Garve,8640,Scotland,reduced_price,1294
Gathurst,2397,North West,reduced_price,24356
Gatley,2953,North West,reduced_price,200150
Gatwick Airport,5416,South East,reduced_price,11258634
Georgemas Junction,8641,Scotland,reduced_price,706
Gerrards Cross,3051,South East,reduced_price,582836
Gidea Park,6877,London,reduced_price,1641360
Giffnock,9794,Scotland,reduced_price,127062
Giggleswick,2655,Yorkshire and The Humber,reduced_price,10766
Gilberdyke,8117,Yorkshire and The Humber,reduced_price,59996
Gilfach Fargoed,4022,Wales,reduced_price,296
Gillingham (Dorset),5796,South West,reduced_price,254218
Gillingham (Kent),5169,South East,reduced_price,1140722
Gilshochill,9956,Scotland,reduced_price,38016
Gipsy Hill,5363,London,reduced_price,646422
Girvan,9501,Scotland,reduced_price,38020
Glaisdale,7921,Yorkshire and The Humber,reduced_price,4738
Glan Conwy,2454,Wales,reduced_price,3360
Glasgow Central,9813,Scotland,reduced_price,14653014
Glasgow Queen Street,9950,Scotland,reduced_price,8944234
Glasshoughton,8360,Yorkshire and The Humber,reduced_price,36192
Glazebrook,2301,North West,reduced_price,11246
Gleneagles,8715,Scotland,reduced_price,70336
Glenfinnan,8828,Scotland,reduced_price,7172
Glengarnock,9503,Scotland,reduced_price,153658
Glenrothes with Thornton,9301,Scotland,reduced_price,28528
Glossop,2895,East Midlands,reduced_price,262218
Gloucester,4760,South West,reduced_price,1221614
Glynde,5338,South East,reduced_price,39074
Gobowen,4457,West Midlands,reduced_price,119554
Godalming,5629,South East,reduced_price,562566
Godley,2948,North West,reduced_price,29374
Godstone,5474,South East,reduced_price,31656
Goldthorpe,8284,Yorkshire and The Humber,reduced_price,23138
Golf Street,9096,Scotland,reduced_price,280
Golspie,8643,Scotland,reduced_price,938
Gomshall,5298,South East,reduced_price,37098
Goodmayes,6878,London,reduced_price,2538030
Goole,8025,Yorkshire and The Humber,reduced_price,227784
Goostrey,1220,North West,reduced_price,22902
Gordon Hill,6028,London,reduced_price,563634
Gorebridge,6391,Scotland,reduced_price,58148
Goring and Streatley,3033,South East,reduced_price,218796
Goring-By-Sea,5272,South East,reduced_price,241286
Gorton,2962,North West,reduced_price,17784
Gospel Oak,1409,London,reduced_price,1566120
Gourock,9635,Scotland,reduced_price,219018
Gowerton,4131,Wales,reduced_price,82412
Goxhill,6206,Yorkshire and The Humber,reduced_price,7460
Grange Park,6029,London,reduced_price,253898
Grange-Over-Sands,1965,North West,reduced_price,119082
Grangetown (Cardiff),3839,Wales,reduced_price,10082
Grantham,6469,East Midlands,reduced_price,1229574
Grateley,5514,South East,reduced_price,176282
Gravelly Hill,1132,West Midlands,reduced_price,135458
Gravesend,5172,South East,reduced_price,1303374
Grays,7443,East of England,reduced_price,1783498
Great Ayton,7922,Yorkshire and The Humber,reduced_price,12050
Great Bentley,6855,East of England,reduced_price,45460
Great Chesterford,7032,East of England,reduced_price,41580
Great Coates,6275,Yorkshire and The Humber,reduced_price,2836
Great Malvern,4892,West Midlands,reduced_price,179538
Great Missenden,1463,South East,reduced_price,134554
Great Yarmouth,7328,East of England,reduced_price,362984
Green Lane,2218,North West,reduced_price,155996
Green Road,1996,North West,reduced_price,4060
Greenbank,2325,North West,reduced_price,98240
Greenfaulds,9725,Scotland,reduced_price,57280
Greenfield,2900,North West,reduced_price,138864
Greenford,3136,London,reduced_price,72022
Greenhithe for Bluewater,5138,South East,reduced_price,287604
Greenock Central,9681,Scotland,reduced_price,141992
Greenock West,9682,Scotland,reduced_price,180290
Greenwich,5146,London,reduced_price,1303258
Gretna Green,9610,Scotland,reduced_price,36174
Grimsby Docks,6276,Yorkshire and The Humber,reduced_price,1380
Grimsby Town,6280,Yorkshire and The Humber,reduced_price,380866
Grindleford,2825,East Midlands,reduced_price,98212
Grosmont,8155,Yorkshire and The Humber,reduced_price,10858
Grove Park,5139,London,reduced_price,1081382
Guide Bridge,2955,North West,reduced_price,79852
Guildford,5631,South East,reduced_price,3508184
Guiseley,8567,Yorkshire and The Humber,reduced_price,339222
Gunnersbury,5588,London,reduced_price,867500
Gunnislake,3563,South West,reduced_price,36350
Gunton,7299,East of England,reduced_price,21676
Gwersyllt,4300,Wales,reduced_price,3842
Gypsy Lane,7930,North East,reduced_price,30660
Habrough,6281,Yorkshire and The Humber,reduced_price,40992
Hackbridge,5364,London,reduced_price,392422
Hackney Central,6977,London,reduced_price,3274156
Hackney Downs,6867,London,reduced_price,1768672
Hackney Wick,6978,London,reduced_price,2635512
Haddenham and Thame Parkway,3053,South East,reduced_price,326232
Haddiscoe,7300,East of England,reduced_price,7296
Hadfield,2896,East Midlands,reduced_price,94172
Hadley Wood,6075,London,reduced_price,189896
Hag Fold,2585,North West,reduced_price,36230
Haggerston,1022,London,reduced_price,2136172
Hagley,4577,West Midlands,reduced_price,63166
Hairmyres,9810,Scotland,reduced_price,205254
Hale (Manchester),2845,North West,reduced_price,62414
Halesworth,7266,East of England,reduced_price,79382
Halewood,2295,North West,reduced_price,31994
Halifax,8411,Yorkshire and The Humber,reduced_price,1021412
Hall Green,4521,West Midlands,reduced_price,129636
Hall Road,2229,North West,reduced_price,299870
Halling,5173,South East,reduced_price,34616
Hall-I'-Th'-Wood,2572,North West,reduced_price,101888
Haltwhistle,7568,North East,reduced_price,73882
Ham Street,5037,South East,reduced_price,45124
Hamble,5947,South East,reduced_price,36548
Hamilton Central,9726,Scotland,reduced_price,373302
Hamilton West,9727,Scotland,reduced_price,353092
Hammerton,8241,Yorkshire and The Humber,reduced_price,37784
Hampden Park (Sussex),5450,South East,reduced_price,407686
Hampstead Heath,1413,London,reduced_price,2046724
Hampton (London),5560,London,reduced_price,435046
Hampton Court,5561,South East,reduced_price,795488
Hampton Wick,5589,London,reduced_price,429156
Hampton-In-Arden,1033,West Midlands,reduced_price,98858
Hamstead (Birmingham),1145,West Midlands,reduced_price,97740
Hamworthy,5940,South West,reduced_price,87808
Hanborough,3007,South East,reduced_price,193846
Handforth,2767,North West,reduced_price,143020
Hanwell,3191,London,reduced_price,949444
Hapton,2557,North West,reduced_price,7336
Harlech,4458,Wales,reduced_price,20432
Harlesden,1521,London,reduced_price,850238
Harling Road,7374,East of England,reduced_price,280
Harlington (Bedfordshire),1533,East of England,reduced_price,160194
Harlow Mill,6804,East of England,reduced_price,87682
Harlow Town,6827,East of England,reduced_price,770618
Harold Wood,6879,London,reduced_price,1967894
Harpenden,1543,East of England,reduced_price,1454700
Harrietsham,5140,South East,reduced_price,32596
Harringay,6012,London,reduced_price,620296
Harringay Green Lanes,7401,London,reduced_price,739864
Harrington,2027,North West,reduced_price,20450
Harrogate,8213,Yorkshire and The Humber,reduced_price,1422124
Harrow and Wealdstone,1397,London,reduced_price,2388246
Harrow-On-The-Hill,598,London,reduced_price,1762982
Hartford (Cheshire),2230,North West,reduced_price,127978
Hartlebury,4579,West Midlands,reduced_price,10826
Hartlepool,8009,North East,reduced_price,558870
Hartwood,9246,Scotland,reduced_price,7524
Harwich International,6902,East of England,reduced_price,51634
Harwich Town,6905,East of England,reduced_price,52070
Haslemere,5633,South East,reduced_price,610390
Hassocks,5489,South East,reduced_price,657220
Hastings,5219,South East,reduced_price,1260982
Hatch End,1398,London,reduced_price,510804
Hatfield (Herts),6070,East of England,reduced_price,1263684
Hatfield and Stainforth,6528,Yorkshire and The Humber,reduced_price,45868
Hatfield Peverel,6845,East of England,reduced_price,110626
Hathersage,2826,East Midlands,reduced_price,82344
Hattersley,2604,North West,reduced_price,30242
Hatton,4594,West Midlands,reduced_price,8016
Havant,5532,South East,reduced_price,1297648
Havenhouse,6260,East Midlands,reduced_price,446
Haverfordwest,4079,Wales,reduced_price,82166
Hawarden,2428,Wales,reduced_price,4008
Hawarden Bridge,2146,Wales,reduced_price,1690
Hawkhead,9634,Scotland,reduced_price,113862
Haydon Bridge,7569,North East,reduced_price,39176
Haydons Road,5289,London,reduced_price,137178
Hayes (Kent),5050,London,reduced_price,458882
Hayes and Harlington,3186,London,reduced_price,4908378
Hayle,3513,South West,reduced_price,108470
Haymarket,9419,Scotland,reduced_price,1647654
Haywards Heath,5490,South East,reduced_price,1948018
Hazel Grove,2768,North West,reduced_price,305044
Headbolt Lane,425,North West,reduced_price,1007974
Headcorn,5220,South East,reduced_price,303966
Headingley,8498,Yorkshire and The Humber,reduced_price,181722
Headstone Lane,1434,London,reduced_price,329514
Heald Green,2860,North West,reduced_price,202494
Healing,6283,Yorkshire and The Humber,reduced_price,3644
Heath High Level,3845,Wales,reduced_price,23928
Heath Low Level,3908,Wales,reduced_price,1610
Heathrow Terminal 4 (Rail Station Only),7091,London,reduced_price,1237292
Heathrow Terminal 5 (Rail Station Only),9846,London,reduced_price,2828096
Heathrow Terminals 2 and 3 (Rail Station Only),7090,London,reduced_price,4772414
Heaton Chapel,2861,North West,reduced_price,226110
Hebden Bridge,8524,Yorkshire and The Humber,reduced_price,555922
Heckington,6220,East Midlands,reduced_price,14950
Hedge End,5893,South East,reduced_price,231600
Hednesford,1148,West Midlands,reduced_price,143232
Heighington,7887,North East,reduced_price,10276
Helensburgh Central,9981,Scotland,reduced_price,389466
Helensburgh Upper,9982,Scotland,reduced_price,7264
Hellifield,2656,Yorkshire and The Humber,reduced_price,39136
Helmsdale,8647,Scotland,reduced_price,1178
Helsby,2149,North West,reduced_price,68862
Hemel Hempstead,1391,East of England,reduced_price,896728
Hendon,1522,London,reduced_price,443290
Hengoed,4028,Wales,reduced_price,5842
Henley-In-Arden,4524,West Midlands,reduced_price,32948
Henley-On-Thames,3146,South East,reduced_price,416096
Hensall,8129,Yorkshire and The Humber,reduced_price,44
Hereford,3607,West Midlands,reduced_price,642070
Herne Bay,5174,South East,reduced_price,358434
Herne Hill,5066,London,reduced_price,1230124
Hersham,5590,South East,reduced_price,276462
Hertford East,6818,East of England,reduced_price,534500
Hertford North,6085,East of England,reduced_price,512170
Hessle,8067,Yorkshire and The Humber,reduced_price,66670
Heswall,2138,North West,reduced_price,59008
Hever,5417,South East,reduced_price,28606
Heworth,7766,North East,reduced_price,29008
Hexham,7506,North East,reduced_price,350818
Heyford,3194,South East,reduced_price,26908
Heysham Port,2691,North West,reduced_price,12192
High Brooms,5235,South East,reduced_price,605026
High Street (Glasgow),9909,Scotland,reduced_price,451748
High Wycombe,3054,South East,reduced_price,1169380
Higham,5202,South East,reduced_price,40306
Highams Park,6919,London,reduced_price,1501000
Highbridge and Burnham,3314,South West,reduced_price,142470
Highbury and Islington,6009,London,reduced_price,14110800
Hightown,2356,North West,reduced_price,190064
Hildenborough,5236,South East,reduced_price,132526
Hillfoot,9983,Scotland,reduced_price,143670
Hillington East,9676,Scotland,reduced_price,96104
Hillington West,9630,Scotland,reduced_price,100348
Hillside,2231,North West,reduced_price,445222
Hilsea,5539,South East,reduced_price,173364
Hinchley Wood,5591,South East,reduced_price,113858
Hinckley (Leics),1870,East Midlands,reduced_price,218536
Hindley,2398,North West,reduced_price,115354
Hinton Admiral,5880,South East,reduced_price,79390
Hitchin,6086,East of England,reduced_price,1367484
Hither Green,5107,London,reduced_price,1412890
Hockley,6880,East of England,reduced_price,266616
Hollingbourne,5141,South East,reduced_price,23302
Holmes Chapel,1221,North West,reduced_price,130540
Holmwood,5308,South East,reduced_price,24686
Holton Heath,5941,South West,reduced_price,12012
Holyhead,2437,Wales,reduced_price,159382
Holytown,9738,Scotland,reduced_price,80412
Homerton,6979,London,reduced_price,2636202
Honeybourne,4794,West Midlands,reduced_price,79120
Honiton,5717,South West,reduced_price,226902
Honley,8436,Yorkshire and The Humber,reduced_price,20390
Honor Oak Park,5418,London,reduced_price,1476246
Hook,5523,South East,reduced_price,237988
Hooton,2193,North West,reduced_price,203884
Hope (Derbyshire),2828,East Midlands,reduced_price,66848
Hope (Flintshire),2432,Wales,reduced_price,2472
Hopton Heath,4189,West Midlands,reduced_price,840
Horden,6604,North East,reduced_price,138998
Horley,5365,South East,reduced_price,586158
Hornbeam Park,8212,Yorkshire and The Humber,reduced_price,190268
Hornsey,6015,London,reduced_price,873334
Horsforth,8499,Yorkshire and The Humber,reduced_price,379520
Horsham,5309,South East,reduced_price,1172308
Horsley,5562,South East,reduced_price,163848
Horton-In-Ribblesdale,2105,Yorkshire and The Humber,reduced_price,19660
Horwich Parkway,8720,North West,reduced_price,302880
Hoscar,2399,North West,reduced_price,566
Hough Green,2303,North West,reduced_price,92134
Hounslow,5563,London,reduced_price,409636
Hove,5273,South East,reduced_price,1187206
Hoveton and Wroxham,7327,East of England,reduced_price,81812
How Wood (Hertfordshire),1563,East of England,reduced_price,20298
Howden,8071,Yorkshire and The Humber,reduced_price,105888
Howwood (Renfrewshire),1734,Scotland,reduced_price,39128
Hoxton,1023,London,reduced_price,2521782
Hoylake,2194,North West,reduced_price,260312
Hubberts Bridge,6221,East Midlands,reduced_price,292
Hucknall,1862,East Midlands,reduced_price,32790
Huddersfield,8437,Yorkshire and The Humber,reduced_price,1662928
Hull,8126,Yorkshire and The Humber,reduced_price,2563304
Humphrey Park,2937,North West,reduced_price,7088
Huncoat,2558,North West,reduced_price,10662
Hungerford,3072,South East,reduced_price,188988
Hunmanby,8098,Yorkshire and The Humber,reduced_price,31408
Huntingdon,6108,East of England,reduced_price,877800
Huntly,8921,Scotland,reduced_price,27138
Hunts Cross,2235,North West,reduced_price,883598
Hurst Green,5463,South East,reduced_price,174204
Hutton Cranswick,8099,Yorkshire and The Humber,reduced_price,33052
Huyton,2160,North West,reduced_price,351520
Hyde Central,2829,North West,reduced_price,17142
Hyde North,2959,North West,reduced_price,8450
Hykeham,6310,East Midlands,reduced_price,36836
Hyndland,9845,Scotland,reduced_price,743584
Hythe (Essex),6851,East of England,reduced_price,266070
Ifield,5495,South East,reduced_price,114670
Ilford,6881,London,reduced_price,6365222
Ilkeston,7783,East Midlands,reduced_price,82750
Ilkley,8568,Yorkshire and The Humber,reduced_price,437020
Imperial Wharf,9586,London,reduced_price,1362366
Ince (Manchester),2236,North West,reduced_price,7994
Ince and Elton (Cheshire),2122,North West,reduced_price,36
Ingatestone,6882,East of England,reduced_price,171106
Insch,8922,Scotland,reduced_price,24880
Invergordon,8648,Scotland,reduced_price,2708
Invergowrie,8778,Scotland,reduced_price,2974
Inverkeithing,9136,Scotland,reduced_price,545596
Inverkip,9646,Scotland,reduced_price,46556
Inverness,8649,Scotland,reduced_price,691072
Inverness Airport,455,Scotland,reduced_price,13960
Invershin,8614,Scotland,reduced_price,100
Inverurie,8924,Scotland,reduced_price,153112
Ipswich,7217,East of England,reduced_price,2088016
Irlam,2817,North West,reduced_price,87376
Irvine,9508,Scotland,reduced_price,392254
Isleworth,5592,London,reduced_price,382886
Islip,3110,South East,reduced_price,17004
Iver,3170,South East,reduced_price,182818
Ivybridge,3555,South West,reduced_price,89050
James Cook University Hospital,9507,North East,reduced_price,43690
Jewellery Quarter,1097,West Midlands,reduced_price,166974
Johnston (Pembs),4081,Wales,reduced_price,5354
Johnstone (Renfrewshire),9648,Scotland,reduced_price,635070
Jordanhill,9995,Scotland,reduced_price,152510
Kearsley (Manchester),2605,North West,reduced_price,34610
Kearsney (Kent),5038,South East,reduced_price,23040
Keighley,8468,Yorkshire and The Humber,reduced_price,622284
Keith,8925,Scotland,reduced_price,39574
Kelvedon,6838,East of England,reduced_price,191558
Kelvindale,1655,Scotland,reduced_price,27726
Kemble,3325,South West,reduced_price,365182
Kempston Hardwick,1384,East of England,reduced_price,2734
Kempton Park Racecourse,5678,South East,reduced_price,45414
Kemsing,5079,South East,reduced_price,4866
Kemsley,5205,South East,reduced_price,54468
Kendal,1976,North West,reduced_price,129416
Kenilworth,7985,West Midlands,reduced_price,100646
Kenley,5419,London,reduced_price,126986
Kennett,7011,East of England,reduced_price,19546
Kennishead,9816,Scotland,reduced_price,84808
Kensal Green,1447,London,reduced_price,613634
Kensal Rise,1448,London,reduced_price,1360532
Kensington Olympia,3092,London,reduced_price,1468482
Kent House,5080,London,reduced_price,368958
Kentish Town,1553,London,reduced_price,1329228
Kentish Town West,1449,London,reduced_price,1041086
Kenton,1399,London,reduced_price,845562
Kents Bank,1966,North West,reduced_price,21866
Kettering,1857,East Midlands,reduced_price,730584
Kew Bridge,5593,London,reduced_price,548290
Kew Gardens,5594,London,reduced_price,875970
Keyham,3571,South West,reduced_price,6066
Keynsham,3237,South West,reduced_price,300300
Kidbrooke,5108,London,reduced_price,691796
Kidderminster,4581,West Midlands,reduced_price,455136
Kidsgrove,1229,West Midlands,reduced_price,155180
Kidwelly,4132,Wales,reduced_price,19606
Kilburn High Road,1415,London,reduced_price,504636
Kildale,7516,Yorkshire and The Humber,reduced_price,1590
Kildonan,8652,Scotland,reduced_price,34
Kilgetty,4083,Wales,reduced_price,12010
Kilmarnock,9512,Scotland,reduced_price,269100
Kilmaurs,9516,Scotland,reduced_price,46586
Kilpatrick,9960,Scotland,reduced_price,44340
Kilwinning,9517,Scotland,reduced_price,435288
Kinbrace,8653,Scotland,reduced_price,88
Kingham,3008,South East,reduced_price,203454
Kinghorn,9142,Scotland,reduced_price,45890
Kings Langley,1392,East of England,reduced_price,257666
Kings Lynn,7115,East of England,reduced_price,572010
Kings Norton,1109,West Midlands,reduced_price,361076
Kings Nympton,5823,South West,reduced_price,1978
Kings Park,9817,Scotland,reduced_price,98270
Kings Sutton,4508,East Midlands,reduced_price,45002
Kingsknowe,9217,Scotland,reduced_price,14072
Kingston,5565,London,reduced_price,2480132
Kingswood,5366,South East,reduced_price,62806
Kingussie,8655,Scotland,reduced_price,18294
Kintbury,3073,South East,reduced_price,47652
Kintore,6597,Scotland,reduced_price,56154
Kirby Cross,6862,East of England,reduced_price,29202
Kirk Sandall,6527,Yorkshire and The Humber,reduced_price,37202
Kirkby (Merseyside),2124,North West,reduced_price,1136938
Kirkby Stephen,2057,North West,reduced_price,30600
Kirkby-in-Ashfield,1867,East Midlands,reduced_price,34564
Kirkby-In-Furness,1959,North West,reduced_price,14680
Kirkcaldy,9145,Scotland,reduced_price,519446
Kirkconnel,9518,Scotland,reduced_price,11680
Kirkdale,2245,North West,reduced_price,448154
Kirkham and Wesham,2668,North West,reduced_price,275678
Kirkhill,9771,Scotland,reduced_price,38566
Kirknewton,9230,Scotland,reduced_price,29594
Kirkstall Forge,6544,Yorkshire and The Humber,reduced_price,185348
Kirkwood,9766,Scotland,reduced_price,75580
Kirton Lindsey,6466,Yorkshire and The Humber,reduced_price,700
Kiveton Bridge,6401,Yorkshire and The Humber,reduced_price,38470
Kiveton Park,6565,Yorkshire and The Humber,reduced_price,34368
Knaresborough,8214,Yorkshire and The Humber,reduced_price,412386
Knebworth,6088,East of England,reduced_price,168042
Knighton,4206,West Midlands,reduced_price,9026
Knockholt,5109,London,reduced_price,95330
Knottingley,8546,Yorkshire and The Humber,reduced_price,46460
Knucklas,4228,Wales,reduced_price,1542
Knutsford,2848,North West,reduced_price,181046
Kyle Of Lochalsh,8657,Scotland,reduced_price,22716
Ladybank,9149,Scotland,reduced_price,43282
Ladywell,5057,London,reduced_price,657234
Laindon,7445,East of England,reduced_price,787260
Lairg,8658,Scotland,reduced_price,1130
Lake,5504,South East,reduced_price,14584
Lakenheath,7201,East of England,reduced_price,356
Lamphey,4084,Wales,reduced_price,3656
Lanark,9710,Scotland,reduced_price,143762
Lancaster,2685,North West,reduced_price,1747686
Lancing,5275,South East,reduced_price,504430
Landywood,1017,West Midlands,reduced_price,78922
Langbank,9652,Scotland,reduced_price,34174
Langho,2735,North West,reduced_price,22430
Langley (Berks),3171,South East,reduced_price,584910
Langley Green,4607,West Midlands,reduced_price,64934
Langley Mill,1761,East Midlands,reduced_price,33002
Langside,9818,Scotland,reduced_price,117246
Langwathby,2058,North West,reduced_price,18064
Langwith-Whaley Thorns,1871,East Midlands,reduced_price,3114
Lapford,5824,South West,reduced_price,1666
Lapworth,4595,West Midlands,reduced_price,14384
Larbert,9876,Scotland,reduced_price,427144
Largs,9521,Scotland,reduced_price,253058
Larkhall,9728,Scotland,reduced_price,133614
Laurencekirk,8931,Scotland,reduced_price,34272
Lawrence Hill,3225,South West,reduced_price,59472
Layton (Lancs),2669,North West,reduced_price,56974
Lazonby and Kirkoswald,2059,North West,reduced_price,13412
Lea Bridge,6927,London,reduced_price,437248
Lea Green,2339,North West,reduced_price,227164
Lea Hall,1133,West Midlands,reduced_price,177830
Leagrave,1534,East of England,reduced_price,861236
Lealholm,7925,Yorkshire and The Humber,reduced_price,3370
Leamington Spa,4597,West Midlands,reduced_price,1317578
Leasowe,2237,North West,reduced_price,244800
Leatherhead,5368,South East,reduced_price,641486
Ledbury,4784,West Midlands,reduced_price,104502
Lee (London),5110,London,reduced_price,685350
Leeds,8487,Yorkshire and The Humber,reduced_price,17166038
Leicester,1947,East Midlands,reduced_price,4045740
Leigh (Kent),5294,South East,reduced_price,14378
Leigh-On-Sea,7446,East of England,reduced_price,772654
Leighton Buzzard,1373,East of England,reduced_price,776258
Lelant,3539,South West,reduced_price,30532
Lelant Saltings,3498,South West,reduced_price,614
Lenham,5111,South East,reduced_price,39410
Lenzie,9955,Scotland,reduced_price,381488
Leominster,3620,West Midlands,reduced_price,135152
Letchworth Garden City,6089,East of England,reduced_price,806492
Leuchars (For St. Andrews),9188,Scotland,reduced_price,443790
Leven,442,Scotland,reduced_price,105322
Levenshulme,2862,North West,reduced_price,209708
Lewes,5329,South East,reduced_price,1448782
Lewisham,5051,London,reduced_price,3321472
Leyland,2710,North West,reduced_price,304252
Leyton Midland Road,7402,London,reduced_price,802210
Leytonstone High Road,7403,London,reduced_price,614872
Lichfield City,1177,West Midlands,reduced_price,287856
Lichfield Trent Valley,1291,West Midlands,reduced_price,479970
Lidlington,1579,East of England,reduced_price,5874
Limehouse,7491,London,reduced_price,1021440
Lincoln,6340,East Midlands,reduced_price,1502188
Lingfield,5369,South East,reduced_price,147990
Lingwood,7305,East of England,reduced_price,24218
Linlithgow,9438,Scotland,reduced_price,563242
Liphook,5634,South East,reduced_price,207890
Liskeard,3573,South West,reduced_price,216842
Liss,5635,South East,reduced_price,125246
Lisvane and Thornhill,3853,Wales,reduced_price,15452
Little Kimble,3066,South East,reduced_price,2330
Little Sutton,2156,North West,reduced_price,91018
Littleborough,2661,North West,reduced_price,204454
Littlehampton,5260,South East,reduced_price,423290
Littlehaven,5498,South East,reduced_price,112192
Littleport,7072,East of England,reduced_price,111436
Liverpool Central,2242,North West,reduced_price,9130830
Liverpool James Street,2244,North West,reduced_price,1922280
Liverpool Lime Street,2246,North West,reduced_price,8890546
Liverpool South Parkway,9709,North West,reduced_price,1463828
Livingston North,9371,Scotland,reduced_price,508658
Livingston South,9372,Scotland,reduced_price,177838
Llanaber,4327,Wales,reduced_price,1982
Llanbedr,4356,Wales,reduced_price,6746
Llanbister Road,4226,Wales,reduced_price,378
Llanbradach,4018,Wales,reduced_price,2512
Llandaf,3844,Wales,reduced_price,27510
Llandanwg,4460,Wales,reduced_price,2620
Llandecwyn,4334,Wales,reduced_price,650
Llandeilo,4248,Wales,reduced_price,7242
Llandovery,4059,Wales,reduced_price,5460
Llandrindod,4227,Wales,reduced_price,17636
Llandudno,2484,Wales,reduced_price,271402
Llandudno Junction,2485,Wales,reduced_price,257712
Llandybie,4247,Wales,reduced_price,3958
Llanelli,4133,Wales,reduced_price,217838
Llanfairfechan,2488,Wales,reduced_price,22958
Llanfairpwll,2467,Wales,reduced_price,20970
Llangadog,4060,Wales,reduced_price,1484
Llangammarch,4162,Wales,reduced_price,744
Llangennech,4138,Wales,reduced_price,2314
Llangynllo,4207,Wales,reduced_price,342
Llanharan,9925,Wales,reduced_price,29246
Llanhilleth,9916,Wales,reduced_price,7428
Llanishen,3847,Wales,reduced_price,13332
Llanrwst,2457,Wales,reduced_price,13390
Llansamlet,4223,Wales,reduced_price,22726
Llantwit Major,9699,Wales,reduced_price,52418
Llanwrda,4061,Wales,reduced_price,456
Llanwrtyd,4163,Wales,reduced_price,2376
Llwyngwril,4421,Wales,reduced_price,11590
Llwynypia,3852,Wales,reduced_price,2172
Loch Awe,8712,Scotland,reduced_price,1266
Loch Eil Outward Bound,8846,Scotland,reduced_price,784
Lochailort,8829,Scotland,reduced_price,722
Locheilside,8830,Scotland,reduced_price,142
Lochgelly,9156,Scotland,reduced_price,29228
Lochluichart,8660,Scotland,reduced_price,54
Lochwinnoch,9655,Scotland,reduced_price,69648
Lockerbie,9614,Scotland,reduced_price,188490
Lockwood,8443,Yorkshire and The Humber,reduced_price,26246
London Blackfriars,5112,London,reduced_price,7724618
London Bridge,5148,London,reduced_price,28084008
London Cannon Street,5142,London,reduced_price,2320644
London Charing Cross,5143,London,reduced_price,11337910
London Euston,1444,London,reduced_price,32611086
London Fenchurch Street,7490,London,reduced_price,3655110
London Fields,6966,London,reduced_price,1135794
London Kings Cross,6121,London,reduced_price,23981176
London Liverpool Street,6965,London,reduced_price,50038262
London Marylebone,1475,London,reduced_price,7148930
London Paddington,3087,London,reduced_price,45604450
London Road (Brighton),5281,South East,reduced_price,223586
London Road (Guildford),5632,South East,reduced_price,478340
London St Pancras International,1555,London,reduced_price,24340754
London Victoria,5426,London,reduced_price,29692306
London Waterloo,5598,London,reduced_price,35973920
London Waterloo East,5158,London,reduced_price,3701036
Long Buckby,1067,East Midlands,reduced_price,214328
Long Eaton,1829,East Midlands,reduced_price,247430
Long Preston,2657,Yorkshire and The Humber,reduced_price,12790
Longbeck,7978,North East,reduced_price,39074
Longbridge,1110,West Midlands,reduced_price,361388
Longcross,5674,South East,reduced_price,29476
Longfield,5114,South East,reduced_price,200064
Longniddry,9354,Scotland,reduced_price,93972
Longport,1305,West Midlands,reduced_price,18764
Longton,1306,West Midlands,reduced_price,26652
Looe,3574,South West,reduced_price,62454
Lostock,2598,North West,reduced_price,124598
Lostock Gralam,2307,North West,reduced_price,25946
Lostock Hall,2689,North West,reduced_price,13824
Lostwithiel,3517,South West,reduced_price,53572
Loughborough,1897,East Midlands,reduced_price,933392
Loughborough Junction,5082,London,reduced_price,598054
Low Moor,8416,Yorkshire and The Humber,reduced_price,149182
Lowdham,6202,East Midlands,reduced_price,8334
Lower Sydenham,5053,London,reduced_price,403610
Lowestoft,7268,East of England,reduced_price,319072
Ludlow,3635,West Midlands,reduced_price,132810
Luton,1536,East of England,reduced_price,2616284
Luton Airport Parkway,3645,East of England,reduced_price,2959764
Luxulyan,3518,South West,reduced_price,2152
Lydney,4826,South West,reduced_price,93064
Lye (West Midlands),4640,West Midlands,reduced_price,30536
Lymington Pier,5892,South East,reduced_price,69514
Lymington Town,5887,South East,reduced_price,158068
Lympstone Commando,5762,South West,reduced_price,61106
Lympstone Village,5761,South West,reduced_price,34146
Lytham,2670,North West,reduced_price,104320
Macclesfield,2871,North West,reduced_price,1112038
Machynlleth,4422,Wales,reduced_price,77002
Maesteg,3963,Wales,reduced_price,11914
Maesteg (Ewenny Road),3962,Wales,reduced_price,1400
Maghull,2155,North West,reduced_price,892082
Maghull North,6576,North West,reduced_price,358964
Maiden Newton,5853,South West,reduced_price,15390
Maidenhead,3147,South East,reduced_price,2569532
Maidstone Barracks,5237,South East,reduced_price,125184
Maidstone East,5115,South East,reduced_price,786370
Maidstone West,5222,South East,reduced_price,255578
Malden Manor,5599,London,reduced_price,205540
Mallaig,8831,Scotland,reduced_price,45298
Malton,8164,Yorkshire and The Humber,reduced_price,272260
Malvern Link,4884,West Midlands,reduced_price,121274
Manchester Airport,2961,North West,reduced_price,4382024
Manchester Oxford Road,2966,North West,reduced_price,4507546
Manchester Piccadilly,2968,North West,reduced_price,19321368
Manchester Victoria,2970,North West,reduced_price,5907832
Manea,7165,East of England,reduced_price,11830
Manningtree,6856,East of England,reduced_price,589290
Manor Park,6883,London,reduced_price,2480138
Manor Road,2253,North West,reduced_price,180142
Manorbier,4094,Wales,reduced_price,6276
Manors,7603,North East,reduced_price,50782
Mansfield,1727,East Midlands,reduced_price,134324
Mansfield Woodhouse,1728,East Midlands,reduced_price,43140
March,7166,East of England,reduced_price,195310
Marden (Kent),5223,South East,reduced_price,251126
Margate,5018,South East,reduced_price,945484
Market Harborough,1909,East Midlands,reduced_price,643884
Market Rasen,6318,East Midlands,reduced_price,42892
Markinch,9160,Scotland,reduced_price,135736
Marks Tey,6863,East of England,reduced_price,154412
Marlow,3021,South East,reduced_price,193460
Marple,2830,North West,reduced_price,95182
Marsden (Yorks),8445,Yorkshire and The Humber,reduced_price,97656
Marsh Barton,7779,South West,reduced_price,51698
Marske,7928,North East,reduced_price,44138
Marston Green,1034,West Midlands,reduced_price,257604
Martin Mill,5040,South East,reduced_price,36314
Martins Heron,5692,South East,reduced_price,237924
Marton,7947,North East,reduced_price,23536
Maryhill,9957,Scotland,reduced_price,38790
Maryland,6970,London,reduced_price,2266716
Maryport,1988,North West,reduced_price,80506
Matlock,1581,East Midlands,reduced_price,156140
Matlock Bath,1582,East Midlands,reduced_price,62464
Mauldeth Road,2867,North West,reduced_price,209166
Maxwell Park,9802,Scotland,reduced_price,64704
Maybole,9529,Scotland,reduced_price,20826
Maze Hill,5149,London,reduced_price,744504
Meadowhall,6663,Yorkshire and The Humber,reduced_price,1260834
Meldreth,7036,East of England,reduced_price,94120
Melksham,3346,South West,reduced_price,29496
Melton (Suffolk),7221,East of England,reduced_price,55204
Melton Mowbray,1851,East Midlands,reduced_price,158528
Menheniot,3576,South West,reduced_price,3174
Menston,8574,Yorkshire and The Humber,reduced_price,199984
Meols,2254,North West,reduced_price,227032
Meols Cop,2357,North West,reduced_price,32818
Meopham,5116,South East,reduced_price,104532
Meridian Water,6599,London,reduced_price,326628
Merryton,9705,Scotland,reduced_price,40076
Merstham,5475,South East,reduced_price,322294
Merthyr Tydfil,3855,Wales,reduced_price,30306
Merthyr Vale,3857,Wales,reduced_price,2212
Metheringham,6297,East Midlands,reduced_price,16374
MetroCentre,7725,North East,reduced_price,485700
Mexborough,6707,Yorkshire and The Humber,reduced_price,100816
Micheldever,5908,South East,reduced_price,75908
Micklefield,8477,Yorkshire and The Humber,reduced_price,102644
Middlesbrough,7929,North East,reduced_price,1160468
Middlewood,2971,North West,reduced_price,15344
Midgham,3159,South East,reduced_price,28218
Milford (Surrey),5644,South East,reduced_price,72274
Milford Haven,4095,Wales,reduced_price,35880
Mill Hill (Lancs),2750,North West,reduced_price,30196
Mill Hill Broadway,1527,London,reduced_price,885768
Millbrook (Bedfordshire),1537,East of England,reduced_price,3402
Millbrook (Hants),5909,South East,reduced_price,19246
Milliken Park,9658,Scotland,reduced_price,102526
Millom,1997,North West,reduced_price,105322
Mills Hill (Manchester),2920,North West,reduced_price,183756
Milngavie,9985,Scotland,reduced_price,435676
Milton Keynes Central,1378,South East,reduced_price,4369176
Minffordd,4469,Wales,reduced_price,4132
Minster,5019,South East,reduced_price,41428
Mirfield,8518,Yorkshire and The Humber,reduced_price,192152
Mistley,6906,East of England,reduced_price,24140
Mitcham Eastfields,5069,London,reduced_price,523582
Mitcham Junction,5427,London,reduced_price,177506
Mobberley,2849,North West,reduced_price,12036
Monifieth,9060,Scotland,reduced_price,11696
Monks Risborough,3067,South East,reduced_price,3510
Montpelier,3203,South West,reduced_price,61420
Montrose,9080,Scotland,reduced_price,176266
Moorfields,2226,North West,reduced_price,4084846
Moorgate,6005,London,reduced_price,4795450
Moorside,2799,North West,reduced_price,25392
Moorthorpe,8539,Yorkshire and The Humber,reduced_price,58596
Morar,8833,Scotland,reduced_price,1318
Morchard Road,5825,South West,reduced_price,4440
Morden South,5291,London,reduced_price,31908
Morecambe,2695,North West,reduced_price,129708
Moreton (Dorset),5957,South West,reduced_price,61892
Moreton (Merseyside),2151,North West,reduced_price,277208
Moreton-In-Marsh,4814,South West,reduced_price,298948
Morfa Mawddach,4470,Wales,reduced_price,7002
Morley,8504,Yorkshire and The Humber,reduced_price,120300
Morpeth,7680,North East,reduced_price,491984
Mortimer,5501,South East,reduced_price,86012
Mortlake,5600,London,reduced_price,715888
Moses Gate,2606,North West,reduced_price,17846
Moss Side,2675,North West,reduced_price,3616
Mossley (Manchester),2903,North West,reduced_price,75398
Mossley Hill,2171,North West,reduced_price,67328
Mosspark,9632,Scotland,reduced_price,72346
Moston,2973,North West,reduced_price,68954
Motherwell,9691,Scotland,reduced_price,597140
Motspur Park,5645,London,reduced_price,384132
Mottingham,5118,London,reduced_price,609818
Mottisfont and Dunbridge,5944,South East,reduced_price,17746
Mouldsworth,2158,North West,reduced_price,14406
Moulsecoomb,5312,South East,reduced_price,240082
Mount Florida,9819,Scotland,reduced_price,655858
Mount Vernon,9779,Scotland,reduced_price,34086
Mountain Ash,3859,Wales,reduced_price,6324
Muir Of Ord,8665,Scotland,reduced_price,7240
Muirend,9608,Scotland,reduced_price,186166
Musselburgh,9304,Scotland,reduced_price,170984
Mytholmroyd,8526,Yorkshire and The Humber,reduced_price,81458
Nafferton,8107,Yorkshire and The Humber,reduced_price,30774
Nailsea and Backwell,3389,South West,reduced_price,208224
Nairn,8666,Scotland,reduced_price,83676
Nantwich,1247,North West,reduced_price,99488
Narberth,4098,Wales,reduced_price,16158
Narborough,1881,East Midlands,reduced_price,134220
Navigation Road,2940,North West,reduced_price,40386
Neath,4216,Wales,reduced_price,353202
Needham Market,7354,East of England,reduced_price,52828
Neilston,9773,Scotland,reduced_price,131258
Nelson,2565,North West,reduced_price,52084
Neston,2139,North West,reduced_price,6914
Netherfield,6241,East Midlands,reduced_price,2850
Nethertown,2047,North West,reduced_price,1206
Netley,5911,South East,reduced_price,44808
New Barnet,6018,London,reduced_price,591758
New Beckenham,5058,London,reduced_price,376314
New Brighton,2152,North West,reduced_price,726108
New Clee,6289,Yorkshire and The Humber,reduced_price,984
New Cross,5150,London,reduced_price,1657922
New Cross Gate,5345,London,reduced_price,2699746
New Cumnock,9533,Scotland,reduced_price,13944
New Eltham,5119,London,reduced_price,917950
New Holland,6209,Yorkshire and The Humber,reduced_price,5794
New Hythe,5238,South East,reduced_price,59052
New Lane,2358,North West,reduced_price,1438
New Malden,5567,London,reduced_price,1574806
New Mills Central,2974,East Midlands,reduced_price,69882
New Mills Newtown,2769,East Midlands,reduced_price,116024
New Milton,5881,South East,reduced_price,371342
New Pudsey,8506,Yorkshire and The Humber,reduced_price,310050
New Southgate,6019,London,reduced_price,399584
Newark Castle,6498,East Midlands,reduced_price,433274
Newark Northgate,6499,East Midlands,reduced_price,755634
Newbridge,9919,Wales,reduced_price,9914
Newbury,3074,South East,reduced_price,958432
Newbury Racecourse,3071,South East,reduced_price,82996
Newcastle,7728,North East,reduced_price,9580790
Newcourt,9589,South West,reduced_price,21138
Newcraighall,8808,Scotland,reduced_price,110744
Newhaven Harbour,5330,South East,reduced_price,11086
Newhaven Town,5331,South East,reduced_price,209268
Newington,5175,South East,reduced_price,50472
Newmarket,7038,East of England,reduced_price,169826
Newport (Essex),7039,East of England,reduced_price,69924
Newport (South Wales),3674,Wales,reduced_price,1364038
Newquay,3523,South West,reduced_price,122712
Newsham,7668,North East,reduced_price,12688
Newstead,1863,East Midlands,reduced_price,7430
Newton (Lanark),9774,Scotland,reduced_price,312894
Newton Abbot,3426,South West,reduced_price,915078
Newton Aycliffe,7834,North East,reduced_price,49476
Newton For Hyde,2789,North West,reduced_price,49542
Newton St Cyres,5828,South West,reduced_price,1574
Newtongrange,6929,Scotland,reduced_price,71304
Newton-Le-Willows,2257,North West,reduced_price,713530
Newtonmore,8668,Scotland,reduced_price,2978
Newton-On-Ayr,9571,Scotland,reduced_price,42156
Newtown (Powys),4426,Wales,reduced_price,66188
Ninian Park,3895,Wales,reduced_price,5940
Nitshill,9609,Scotland,reduced_price,61948
Norbiton,5568,London,reduced_price,1116156
Norbury,5428,London,reduced_price,984078
Normans Bay,5460,South East,reduced_price,13992
Normanton,8528,Yorkshire and The Humber,reduced_price,68768
North Berwick,9358,Scotland,reduced_price,317090
North Camp,5636,South East,reduced_price,152236
North Dulwich,5429,London,reduced_price,347060
North Fambridge,6875,East of England,reduced_price,18350
North Llanrwst,2455,Wales,reduced_price,2142
North Queensferry,9189,Scotland,reduced_price,68202
North Road (Darlington),7895,North East,reduced_price,31882
North Sheen,5601,London,reduced_price,150970
North Walsham,7308,East of England,reduced_price,128698
North Wembley,1422,London,reduced_price,741250
Northallerton,7996,Yorkshire and The Humber,reduced_price,678964
Northampton,1069,East Midlands,reduced_price,2033580
Northfield,1111,West Midlands,reduced_price,252044
Northfleet,5120,South East,reduced_price,96254
Northolt Park,1478,London,reduced_price,100440
Northumberland Park,6971,London,reduced_price,616928
Northwich,2326,North West,reduced_price,115196
Norwich,7309,East of England,reduced_price,3681816
Norwood Junction,5376,London,reduced_price,2461984
Nottingham,1826,East Midlands,reduced_price,5887362
Nuneaton,1077,West Midlands,reduced_price,830904
Nunhead,5068,London,reduced_price,451438
Nunthorpe,7946,North East,reduced_price,44684
Nutbourne,5262,South East,reduced_price,22700
Nutfield,5476,South East,reduced_price,22514
Oakengates,4689,West Midlands,reduced_price,37608
Oakham,1904,East Midlands,reduced_price,161240
Oakleigh Park,6020,London,reduced_price,400570
Oban,8725,Scotland,reduced_price,71752
Ockendon,7451,East of England,reduced_price,464730
Ockley,5310,South East,reduced_price,13740
Okehampton,5786,South West,reduced_price,83514
Old Hill,4641,West Midlands,reduced_price,62168
Old Roan,2258,North West,reduced_price,675400
Old Street,6003,London,reduced_price,3288776
Oldfield Park,3219,South West,reduced_price,171714
Olton,4533,West Midlands,reduced_price,206598
Ore,5021,South East,reduced_price,99598
Ormskirk,2281,North West,reduced_price,1539400
Orpington,5122,London,reduced_price,2553826
Orrell,2259,North West,reduced_price,32548
Orrell Park,2247,North West,reduced_price,452534
Otford,5071,South East,reduced_price,243590
Oulton Broad North,7273,East of England,reduced_price,93882
Oulton Broad South,7274,East of England,reduced_price,39236
Outwood,8309,Yorkshire and The Humber,reduced_price,83280
Overpool,2157,North West,reduced_price,124652
Overton,5526,South East,reduced_price,112548
Oxenholme Lake District,2090,North West,reduced_price,662020
Oxford,3115,South East,reduced_price,6448338
Oxford Parkway,3121,South East,reduced_price,484300
Oxshott,5602,South East,reduced_price,197090
Oxted,5377,South East,reduced_price,491386
Paddock Wood,5224,South East,reduced_price,499186
Padgate,2387,North West,reduced_price,49234
Paignton,3427,South West,reduced_price,530854
Paisley Canal,9657,Scotland,reduced_price,143410
Paisley Gilmour Street,9683,Scotland,reduced_price,1609374
Paisley St James,9664,Scotland,reduced_price,46176
Palmers Green,6021,London,reduced_price,787106
Pangbourne,3036,South East,reduced_price,202244
Pannal,8479,Yorkshire and The Humber,reduced_price,95564
Pantyffynnon,4250,Wales,reduced_price,2702
Par,3524,South West,reduced_price,148384
Parbold,2402,North West,reduced_price,45696
Park Street,1561,East of England,reduced_price,14228
Parkstone (Dorset),5882,South West,reduced_price,150778
Parson Street,3246,South West,reduced_price,95466
Partick,9917,Scotland,reduced_price,1663494
Parton,2032,North West,reduced_price,7244
Patchway,3213,South West,reduced_price,26982
Patricroft,2916,North West,reduced_price,83840
Patterton,9775,Scotland,reduced_price,179744
Peartree,1687,East Midlands,reduced_price,406
Peckham Rye,5423,London,reduced_price,3275028
Pegswood,7685,North East,reduced_price,712
Pemberton,2403,North West,reduced_price,22676
Pembrey and Burry Port,4140,Wales,reduced_price,61332
Pembroke,4101,Wales,reduced_price,21876
Pembroke Dock,4102,Wales,reduced_price,27630
Penally,4129,Wales,reduced_price,6024
Penarth,3863,Wales,reduced_price,46238
Pencoed,3851,Wales,reduced_price,36888
Pengam,4021,Wales,reduced_price,10866
Penge East,5072,London,reduced_price,617372
Penge West,5378,London,reduced_price,380016
Penhelig,4335,Wales,reduced_price,4272
Penistone,6634,Yorkshire and The Humber,reduced_price,103874
Penkridge,1195,West Midlands,reduced_price,77716
Penmaenmawr,2494,Wales,reduced_price,11078
Penmere,3499,South West,reduced_price,109002
Penrhiwceiber,3992,Wales,reduced_price,1612
Penrhyndeudraeth,4473,Wales,reduced_price,9672
Penrith (North Lakes),2102,North West,reduced_price,623306
Penryn (Cornwall),3525,South West,reduced_price,163094
Pensarn (Gwynedd),4463,Wales,reduced_price,878
Penshurst,5477,South East,reduced_price,17140
Pentre-Bach,3944,Wales,reduced_price,1534
Pen-Y-Bont (Mid Wales),4254,Wales,reduced_price,582
Penychain,4409,Wales,reduced_price,5040
Penyffordd,2433,Wales,reduced_price,2384
Penzance,3526,South West,reduced_price,593000
Perranwell,3528,South West,reduced_price,17902
Perry Barr,1128,West Midlands,reduced_price,82356
Pershore,4887,West Midlands,reduced_price,72102
Perth,8805,Scotland,reduced_price,568924
Peterborough,6133,East of England,reduced_price,4198640
Petersfield,5657,South East,reduced_price,664782
Petts Wood,5123,London,reduced_price,765726
Pevensey and Westham,5461,South East,reduced_price,72914
Pevensey Bay,5462,South East,reduced_price,1250
Pewsey,3062,South West,reduced_price,177676
Pilning,3214,South West,reduced_price,182
Pinhoe,5757,South West,reduced_price,151006
Pitlochry,8801,Scotland,reduced_price,90156
Pitsea,7452,East of England,reduced_price,580132
Pleasington,2752,North West,reduced_price,7234
Plockton,8670,Scotland,reduced_price,2174
Pluckley,5225,South East,reduced_price,53458
Plumley,2308,North West,reduced_price,12306
Plumpton,5332,South East,reduced_price,64040
Plumstead,5208,London,reduced_price,442552
Plymouth,3580,South West,reduced_price,2226872
Pokesdown,5885,South West,reduced_price,239684
Polegate,5455,South East,reduced_price,643256
Polesworth,1078,West Midlands,reduced_price,18
Pollokshaws East,9820,Scotland,reduced_price,166766
Pollokshaws West,9804,Scotland,reduced_price,157294
Pollokshields East,9821,Scotland,reduced_price,169970
Pollokshields West,9623,Scotland,reduced_price,76714
Polmont,9936,Scotland,reduced_price,354014
Polsloe Bridge,3422,South West,reduced_price,99052
Ponders End,6819,London,reduced_price,483224
Pontarddulais,4251,Wales,reduced_price,3692
Pontefract Baghill,8540,Yorkshire and The Humber,reduced_price,12414
Pontefract Monkhill,8548,Yorkshire and The Humber,reduced_price,84340
Pontefract Tanshelf,8541,Yorkshire and The Humber,reduced_price,36358
Pontlottyn,4023,Wales,reduced_price,1326
Pontyclun,3850,Wales,reduced_price,65308
Pont-y-Pant,2459,Wales,reduced_price,536
Pontypool and New Inn,3744,Wales,reduced_price,27622
Pontypridd,3904,Wales,reduced_price,37012
Poole,5883,South West,reduced_price,658814
Poppleton,8254,Yorkshire and The Humber,reduced_price,83370
Port Glasgow,9667,Scotland,reduced_price,219118
Port Sunlight,2198,North West,reduced_price,348210
Port Talbot Parkway,4181,Wales,reduced_price,246340
Portchester,5928,South East,reduced_price,210154
Porth,3870,Wales,reduced_price,9962
Porthmadog,4313,Wales,reduced_price,41510
Portlethen,8860,Scotland,reduced_price,25866
Portslade,5276,South East,reduced_price,547942
Portsmouth and Southsea,5537,South East,reduced_price,1128162
Portsmouth Arms,5829,South West,reduced_price,254
Portsmouth Harbour,5540,South East,reduced_price,1487988
Portway Park and Ride,1123,South West,reduced_price,4920
Possilpark and Parkhouse,9958,Scotland,reduced_price,42672
Potters Bar,6022,East of England,reduced_price,1262986
Poulton-Le-Fylde,2671,North West,reduced_price,513482
Poynton,2874,North West,reduced_price,135464
Prees,1346,West Midlands,reduced_price,3842
Prescot,2337,North West,reduced_price,106314
Prestatyn,2521,Wales,reduced_price,176164
Prestbury,2875,North West,reduced_price,43444
Preston (Lancs),2753,North West,reduced_price,4616552
Preston Park,5285,South East,reduced_price,570484
Prestonpans,9366,Scotland,reduced_price,109744
Prestwick International Airport,9544,Scotland,reduced_price,21436
Prestwick Town,9543,Scotland,reduced_price,194896
Priesthill and Darnley,9808,Scotland,reduced_price,79674
Princes Risborough,3055,South East,reduced_price,183554
Prittlewell,7419,East of England,reduced_price,145724
Prudhoe,7509,North East,reduced_price,143712
Pulborough,5468,South East,reduced_price,176404
Purfleet,7453,East of England,reduced_price,260948
Purley,5379,London,reduced_price,1420002
Purley Oaks,5430,London,reduced_price,242206
Putney,5603,London,reduced_price,2687190
Pwllheli,4314,Wales,reduced_price,48586
Pye Corner,1663,Wales,reduced_price,3754
Pyle,4185,Wales,reduced_price,35614
Quakers Yard,3994,Wales,reduced_price,2456
Queenborough,5176,South East,reduced_price,68240
Queens Park (Glasgow),9822,Scotland,reduced_price,410910
Queens Park (London),1419,London,reduced_price,3018620
Queens Road (Peckham),5424,London,reduced_price,1500712
Queenstown Road (Battersea),5596,London,reduced_price,430910
Quintrell Downs,3531,South West,reduced_price,2564
Radcliffe (Nottinghamshire),6242,East Midlands,reduced_price,6798
Radlett,1546,East of England,reduced_price,655708
Radley,3118,South East,reduced_price,81092
Radyr,3874,Wales,reduced_price,28052
Rainford,2404,North West,reduced_price,15014
Rainham (Essex),7454,London,reduced_price,747016
Rainham (Kent),5177,South East,reduced_price,766140
Rainhill,2296,North West,reduced_price,82012
Ramsgate,5023,South East,reduced_price,745422
Ramsgreave and Wilpshire,2734,North West,reduced_price,49512
Rannoch,8834,Scotland,reduced_price,1730
Rauceby,6361,East Midlands,reduced_price,284
Ravenglass for Eskdale,1999,North West,reduced_price,30090
Ravensbourne,5083,London,reduced_price,97620
Ravensthorpe,8519,Yorkshire and The Humber,reduced_price,13274
Rawcliffe,8031,Yorkshire and The Humber,reduced_price,28
Rayleigh,6884,East of England,reduced_price,576932
Raynes Park,5569,London,reduced_price,1722880
Reading,3149,South East,reduced_price,9263712
Reading Green Park,996,South East,reduced_price,112728
Reading West,3160,South East,reduced_price,196390
Rectory Road,6967,London,reduced_price,742118
Redbridge,5912,South East,reduced_price,16974
Redcar Central,7950,North East,reduced_price,324204
Redcar East,7974,North East,reduced_price,75676
Reddish North,2979,North West,reduced_price,78164
Reddish South,2857,North West,reduced_price,62
Redditch,1208,West Midlands,reduced_price,416274
Redhill,5478,South East,reduced_price,1627434
Redland,3247,South West,reduced_price,68432
Redruth,3530,South West,reduced_price,310858
Reedham (London),5431,London,reduced_price,44184
Reedham (Norfolk),7316,East of England,reduced_price,22172
Reigate,5480,South East,reduced_price,478210
Renton,9867,Scotland,reduced_price,37030
Reston,8634,Scotland,reduced_price,23710
Retford,6511,East Midlands,reduced_price,499236
Rhiwbina,3906,Wales,reduced_price,5378
Rhoose Cardiff International Airport,3876,Wales,reduced_price,33894
Rhosneigr,2544,Wales,reduced_price,6362
Rhyl,2461,Wales,reduced_price,328098
Rhymney,4027,Wales,reduced_price,6672
Ribblehead,2106,Yorkshire and The Humber,reduced_price,29718
Rice Lane,2131,North West,reduced_price,209080
Richmond (London),5570,London,reduced_price,5487884
Rickmansworth,687,East of England,reduced_price,563924
Riddlesdown,5432,London,reduced_price,128028
Ridgmont,1538,East of England,reduced_price,5446
Riding Mill,7510,North East,reduced_price,25606
Risca and Pontymister,9920,Wales,reduced_price,4334
Rishton,2580,North West,reduced_price,25238
Robertsbridge,5226,South East,reduced_price,123262
Robroyston,7780,Scotland,reduced_price,126054
Roby,2261,North West,reduced_price,100932
Rochdale,2924,North West,reduced_price,887352
Roche,3532,South West,reduced_price,3526
Rochester,5203,South East,reduced_price,1076266
Rochford,6885,East of England,reduced_price,237122
Rock Ferry,2189,North West,reduced_price,295244
Rogart,8671,Scotland,reduced_price,250
Rogerstone,9921,Wales,reduced_price,3430
Rolleston,6353,East Midlands,reduced_price,778
Roman Bridge,2444,Wales,reduced_price,420
Romford,6886,London,reduced_price,7017736
Romiley,2833,North West,reduced_price,132390
Romsey,5943,South East,reduced_price,290298
Roose,1962,North West,reduced_price,49294
Rose Grove,2722,North West,reduced_price,30454
Rose Hill Marple,2873,North West,reduced_price,27158
Rosyth,9190,Scotland,reduced_price,93074
Rotherham Central,6676,Yorkshire and The Humber,reduced_price,263302
Rotherhithe,1039,London,reduced_price,1031258
Roughton Road,7297,East of England,reduced_price,10206
Rowlands Castle,5658,South East,reduced_price,68568
Rowley Regis,4606,West Midlands,reduced_price,387946
Roy Bridge,8835,Scotland,reduced_price,846
Roydon,6829,East of England,reduced_price,46732
Royston,6090,East of England,reduced_price,689522
Ruabon,4477,Wales,reduced_price,57300
Rufford,2315,North West,reduced_price,16570
Rugby,1087,West Midlands,reduced_price,1477822
Rugeley Town,1135,West Midlands,reduced_price,91906
Rugeley Trent Valley,1084,West Midlands,reduced_price,135174
Runcorn,2291,North West,reduced_price,492762
Runcorn East,2294,North West,reduced_price,73702
Ruskington,6327,East Midlands,reduced_price,9558
Ruswarp,8174,Yorkshire and The Humber,reduced_price,3782
Rutherglen,9787,Scotland,reduced_price,471736
Ryde Esplanade,5542,South East,reduced_price,99290
Ryde Pier Head,5541,South East,reduced_price,104070
Ryde St Johns Road,5543,South East,reduced_price,30838
Ryder Brow,2977,North West,reduced_price,18958
Rye (Sussex),5024,South East,reduced_price,314868
Rye House,6820,East of England,reduced_price,210328
Salford Central,2798,North West,reduced_price,453216
Salford Crescent,2794,North West,reduced_price,720634
Salfords (Surrey),5380,South East,reduced_price,67706
Salhouse,7318,East of England,reduced_price,10212
Salisbury,5663,South West,reduced_price,1378698
Saltaire,8561,Yorkshire and The Humber,reduced_price,321630
Saltash,3587,South West,reduced_price,66696
Saltburn,7951,North East,reduced_price,277802
Saltcoats,9547,Scotland,reduced_price,172504
Saltmarshe,8033,Yorkshire and The Humber,reduced_price,1480
Salwick,2673,North West,reduced_price,302
Sandal and Agbrigg,8358,Yorkshire and The Humber,reduced_price,60040
Sandbach,1261,North West,reduced_price,159044
Sanderstead,5433,London,reduced_price,381876
Sandhills,2249,North West,reduced_price,471270
Sandhurst (Berks),5646,South East,reduced_price,86154
Sandling,5025,South East,reduced_price,45386
Sandown,5525,South East,reduced_price,51250
Sandplace,3584,South West,reduced_price,264
Sandwell and Dudley,1149,West Midlands,reduced_price,574660
Sandwich,5026,South East,reduced_price,129728
Sandy,6172,East of England,reduced_price,377888
Sankey For Penketh,2388,North West,reduced_price,120
Sanquhar,9549,Scotland,reduced_price,15898
Sarn,4270,Wales,reduced_price,2794
Saundersfoot,4108,Wales,reduced_price,8318
Saunderton,3056,South East,reduced_price,12524
Sawbridgeworth,6806,East of England,reduced_price,188416
Saxilby,6328,East Midlands,reduced_price,71048
Saxmundham,7224,East of England,reduced_price,126460
Scarborough,8185,Yorkshire and The Humber,reduced_price,863586
Scotscalder,8672,Scotland,reduced_price,40
Scotstounhill,9996,Scotland,reduced_price,218420
Scunthorpe,6456,Yorkshire and The Humber,reduced_price,287516
Sea Mills,3254,South West,reduced_price,17418
Seaford (Sussex),5333,South East,reduced_price,423300
Seaforth and Litherland,2250,North West,reduced_price,529186
Seaham,7814,North East,reduced_price,123266
Seamer,8178,Yorkshire and The Humber,reduced_price,129356
Seascale,2003,North West,reduced_price,34448
Seaton Carew,8007,North East,reduced_price,67356
Seaton Delaval,9235,North East,reduced_price,59324
Seer Green and Jordans,3061,South East,reduced_price,36768
Selby,8201,Yorkshire and The Humber,reduced_price,542228
Selhurst,5434,London,reduced_price,577600
Sellafield,2004,North West,reduced_price,26784
Selling,5179,South East,reduced_price,39608
Selly Oak,1105,West Midlands,reduced_price,956798
Settle,2107,Yorkshire and The Humber,reduced_price,128244
Seven Kings,6893,London,reduced_price,2313838
Seven Sisters,6931,London,reduced_price,4768996
Sevenoaks,5124,South East,reduced_price,1935218
Severn Beach,3205,South West,reduced_price,5088
Severn Tunnel Junction,3679,Wales,reduced_price,26512
Shadwell,1082,London,reduced_price,2333222
Shalford (Surrey),5638,South East,reduced_price,41518
Shanklin,5529,South East,reduced_price,112708
Shawfair,6963,Scotland,reduced_price,35512
Shawford,5929,South East,reduced_price,81410
Shawlands,9823,Scotland,reduced_price,72440
Sheerness-On-Sea,5184,South East,reduced_price,183164
Sheffield,6691,Yorkshire and The Humber,reduced_price,8075052
Shelford (Cambs),7043,East of England,reduced_price,96820
Shenfield,6888,East of England,reduced_price,2736378
Shenstone,1178,West Midlands,reduced_price,39348
Shepherd's Bush,9587,London,reduced_price,3664142
Shepherds Well,5186,South East,reduced_price,30984
Shepley,8448,Yorkshire and The Humber,reduced_price,33038
Shepperton,5605,South East,reduced_price,166208
Shepreth,7044,East of England,reduced_price,58616
Sherborne,5835,South West,reduced_price,166760
Sherburn-In-Elmet,8257,Yorkshire and The Humber,reduced_price,77642
Sheringham,7319,East of England,reduced_price,189050
Shettleston,9903,Scotland,reduced_price,333370
Shieldmuir,9552,Scotland,reduced_price,59338
Shifnal,4619,West Midlands,reduced_price,100898
Shildon,7893,North East,reduced_price,43622
Shiplake,3150,South East,reduced_price,55234
Shipley (Yorks),8347,Yorkshire and The Humber,reduced_price,594220
Shippea Hill,7073,East of England,reduced_price,14
Shipton,3009,South East,reduced_price,1878
Shirebrook,1595,East Midlands,reduced_price,27664
Shirehampton,3206,South West,reduced_price,11296
Shireoaks,6570,East Midlands,reduced_price,38694
Shirley,4526,West Midlands,reduced_price,139748
Shoeburyness,7455,East of England,reduced_price,267390
Sholing,5930,South East,reduced_price,43634
Shoreditch High Street,1024,London,reduced_price,4687106
Shoreham (Kent),5074,South East,reduced_price,62046
Shoreham-By-Sea,5277,South East,reduced_price,726130
Shortlands,5084,London,reduced_price,479280
Shotton,2546,Wales,reduced_price,96584
Shotts,9739,Scotland,reduced_price,88352
Shrewsbury,4387,West Midlands,reduced_price,1235012
Sidcup,5125,London,reduced_price,1239996
Sileby,1902,East Midlands,reduced_price,49246
Silecroft,2000,North West,reduced_price,5806
Silkstone Common,6782,Yorkshire and The Humber,reduced_price,21932
Silver Street,6972,London,reduced_price,1153158
Silverdale,1968,North West,reduced_price,33692
Singer,9988,Scotland,reduced_price,182718
Sittingbourne,5187,South East,reduced_price,990064
Skegness,6265,East Midlands,reduced_price,310144
Skewen,4217,Wales,reduced_price,21912
Skipton,2728,Yorkshire and The Humber,reduced_price,660820
Slade Green,5154,London,reduced_price,494650
Slaithwaite,8450,Yorkshire and The Humber,reduced_price,96666
Slateford,9236,Scotland,reduced_price,28630
Sleaford,6362,East Midlands,reduced_price,134626
Sleights,8179,Yorkshire and The Humber,reduced_price,6210
Slough,3172,South East,reduced_price,3188898
Small Heath,4530,West Midlands,reduced_price,81756
Smallbrook Junction,5494,South East,reduced_price,8046
Smethwick Galton Bridge,1114,West Midlands,reduced_price,263072
Smethwick Rolfe Street,1150,West Midlands,reduced_price,164480
Smithy Bridge,2660,North West,reduced_price,106614
Snaith,8036,Yorkshire and The Humber,reduced_price,112
Snodland,5189,South East,reduced_price,82536
Snowdown,5185,South East,reduced_price,4830
Soham,5247,East of England,reduced_price,33442
Sole Street,5126,South East,reduced_price,21236
Solihull,4527,West Midlands,reduced_price,915074
Somerleyton,7320,East of England,reduced_price,8576
South Acton,1452,London,reduced_price,366304
South Bank,7953,North East,reduced_price,13084
South Bermondsey,5425,London,reduced_price,310036
South Croydon,5410,London,reduced_price,456492
South Elmsall,8355,Yorkshire and The Humber,reduced_price,102426
South Greenford,3138,London,reduced_price,27446
South Gyle,9318,Scotland,reduced_price,96794
South Hampstead,1451,London,reduced_price,269544
South Kenton,1453,London,reduced_price,385618
South Merton,5292,London,reduced_price,53806
South Milford,8142,Yorkshire and The Humber,reduced_price,84744
South Ruislip,3057,London,reduced_price,84220
South Tottenham,7404,London,reduced_price,662772
South Wigston,1949,East Midlands,reduced_price,64442
South Woodham Ferrers,6892,East of England,reduced_price,95622
Southall,3187,London,reduced_price,4570508
Southampton Airport Parkway,5922,South East,reduced_price,1016526
Southampton Central,5932,South East,reduced_price,4436256
Southbourne,5263,South East,reduced_price,116832
Southbury,6947,London,reduced_price,609912
Southease,5339,South East,reduced_price,16796
Southend Airport,4787,East of England,reduced_price,72616
Southend Central,7456,East of England,reduced_price,1144642
Southend East,7457,East of England,reduced_price,649448
Southend Victoria,7420,East of England,reduced_price,707358
Southminster,6890,East of England,reduced_price,35720
Southport,2262,North West,reduced_price,2973798
Southwick,5286,South East,reduced_price,185386
Sowerby Bridge,8527,Yorkshire and The Humber,reduced_price,202180
Spalding,6388,East Midlands,reduced_price,126248
Spean Bridge,8836,Scotland,reduced_price,1998
Spital,2199,North West,reduced_price,157304
Spondon,1699,East Midlands,reduced_price,12684
Spooner Row,7379,East of England,reduced_price,136
Spring Road,4535,West Midlands,reduced_price,68402
Springburn,9997,Scotland,reduced_price,168974
Springfield,9175,Scotland,reduced_price,334
Squires Gate,2666,North West,reduced_price,18608
St Albans Abbey,1562,East of England,reduced_price,119052
St Albans City,1548,East of England,reduced_price,3435140
St Andrews Road,3252,South West,reduced_price,3190
St Annes-On-The-Sea,2672,North West,reduced_price,114090
St Austell,3534,South West,reduced_price,392396
St Bees,2002,North West,reduced_price,53272
St Budeaux Ferry Road,3590,South West,reduced_price,2682
St Budeaux Victoria Road,3592,South West,reduced_price,5860
St Columb Road,3536,South West,reduced_price,2572
St Denys,5914,South East,reduced_price,137208
St Erth,3537,South West,reduced_price,410170
St Germans,3586,South West,reduced_price,48534
St Helens Central,2341,North West,reduced_price,302490
St Helens Junction,2340,North West,reduced_price,117568
St Helier (London),5290,London,reduced_price,64830
St Ives (Cornwall),3538,South West,reduced_price,836694
St James Park (Exeter),5751,South West,reduced_price,72102
St James Street (Walthamstow),6973,London,reduced_price,897624
St Johns (London),5059,London,reduced_price,337652
St Keyne Wishing Well Halt,3572,South West,reduced_price,226
St Leonards Warrior Square,5239,South East,reduced_price,613620
St Margarets (Herts),6821,East of England,reduced_price,159222
St Margarets (London),5604,London,reduced_price,467200
St Mary Cray,5073,London,reduced_price,593146
St Michaels,2248,North West,reduced_price,478628
St Neots,6110,East of England,reduced_price,550230
Stafford,1268,West Midlands,reduced_price,1595668
Staines,5670,South East,reduced_price,1427166
Stallingborough,6287,Yorkshire and The Humber,reduced_price,3878
Stalybridge,2983,North West,reduced_price,399896
Stamford (Lincs),6140,East Midlands,reduced_price,181954
Stamford Hill,6968,London,reduced_price,363182
Stanford-Le-Hope,7458,East of England,reduced_price,338296
Stanlow and Thornton [note 1],2159,North West,reduced_price,
Stansted Airport,6834,East of England,reduced_price,3384228
Stansted Mountfitchet,6833,East of England,reduced_price,217102
Staplehurst,5228,South East,reduced_price,411936
Stapleton Road,3250,South West,reduced_price,72632
Starbeck,8221,Yorkshire and The Humber,reduced_price,164190
Starcross,3413,South West,reduced_price,30392
Staveley (Cumbria),1977,North West,reduced_price,22680
Stechford,1043,West Midlands,reduced_price,161204
Steeton and Silsden,8469,Yorkshire and The Humber,reduced_price,272270
Stepps,9842,Scotland,reduced_price,136012
Stevenage,6092,East of England,reduced_price,2510348
Stevenston,9553,Scotland,reduced_price,61006
Stewartby,1386,East of England,reduced_price,8476
Stewarton,9554,Scotland,reduced_price,139278
Stirling,9888,Scotland,reduced_price,1435996
Stockport,2771,North West,reduced_price,3007590
Stocksfield,7513,North East,reduced_price,37520
Stocksmoor,8451,Yorkshire and The Humber,reduced_price,11534
Stockton,7975,North East,reduced_price,92170
Stoke Mandeville,1467,South East,reduced_price,49298
Stoke Newington,6934,London,reduced_price,829684
Stoke-On-Trent,1314,West Midlands,reduced_price,2062472
Stone (Staffs),1316,West Midlands,reduced_price,46454
Stone Crossing,5248,South East,reduced_price,81542
Stonebridge Park,1454,London,reduced_price,790302
Stonegate,5240,South East,reduced_price,67386
Stonehaven,8964,Scotland,reduced_price,307162
Stonehouse,4770,South West,reduced_price,108228
Stoneleigh,5606,South East,reduced_price,383738
Stourbridge Junction,4646,West Midlands,reduced_price,649104
Stourbridge Town,4643,West Midlands,reduced_price,139076
Stow,9396,Scotland,reduced_price,38456
Stowmarket,7355,East of England,reduced_price,541524
Stranraer,9555,Scotland,reduced_price,16264
Stratford (London),6969,London,reduced_price,29495416
Stratford International,7222,London,reduced_price,1799138
Stratford-Upon-Avon,4558,West Midlands,reduced_price,429608
Stratford-upon-Avon Parkway,6794,West Midlands,reduced_price,54684
Strathcarron,8673,Scotland,reduced_price,1998
Strawberry Hill,5607,London,reduced_price,348920
Streatham (Greater London),5383,London,reduced_price,1110476
Streatham Common,5384,London,reduced_price,1192456
Streatham Hill,5435,London,reduced_price,862174
Streethouse,8543,Yorkshire and The Humber,reduced_price,9912
Strines,2834,North West,reduced_price,7572
Stromeferry,8674,Scotland,reduced_price,328
Strood (Kent),5191,South East,reduced_price,477158
Stroud (Gloucs),4771,South West,reduced_price,379330
Sturry,5029,South East,reduced_price,51406
Styal,2868,North West,reduced_price,12748
Sudbury (Suffolk),7098,East of England,reduced_price,182226
Sudbury and Harrow Road,1483,London,reduced_price,3620
Sudbury Hill Harrow,1484,London,reduced_price,23280
Sugar Loaf,4157,Wales,reduced_price,842
Summerston,9959,Scotland,reduced_price,64830
Sunbury,5608,South East,reduced_price,176638
Sunderland,7640,North East,reduced_price,499558
Sundridge Park,5155,London,reduced_price,83920
Sunningdale,5671,South East,reduced_price,335278
Sunnymeads,5675,South East,reduced_price,17638
Surbiton,5571,London,reduced_price,3921760
Surrey Quays,1083,London,reduced_price,2781608
Sutton (London),5385,London,reduced_price,2173294
Sutton Coldfield,1044,West Midlands,reduced_price,409468
Sutton Common,5436,London,reduced_price,106428
Sutton Parkway,1861,East Midlands,reduced_price,37214
Swale,5249,South East,reduced_price,1912
Swanley,5075,South East,reduced_price,800782
Swanscombe,5156,South East,reduced_price,123760
Swansea,4222,Wales,reduced_price,1311344
Swanwick,5920,South East,reduced_price,290106
Sway,5884,South East,reduced_price,47698
Swaythling,5933,South East,reduced_price,42732
Swinderby,6355,East Midlands,reduced_price,2606
Swindon (Wilts),3333,South West,reduced_price,2546072
Swineshead,6228,East Midlands,reduced_price,224
Swinton (Manchester),2800,North West,reduced_price,86310
Swinton (South Yorks),6686,Yorkshire and The Humber,reduced_price,194726
Sydenham (London),5437,London,reduced_price,1906478
Sydenham Hill,5085,London,reduced_price,294646
Syon Lane,5609,London,reduced_price,279256
Syston,1900,East Midlands,reduced_price,34468
Tackley,3195,South East,reduced_price,18226
Tadworth,5386,South East,reduced_price,84758
Taffs Well,3880,Wales,reduced_price,12874
Tain,8676,Scotland,reduced_price,4614
Talsarnau,4479,Wales,reduced_price,2012
Talybont,4355,Wales,reduced_price,14910
Tal-y-Cafn,2463,Wales,reduced_price,1052
Tame Bridge Parkway,1010,West Midlands,reduced_price,284016
Tamworth,1322,West Midlands,reduced_price,659442
Taplow,3151,South East,reduced_price,283750
Tattenham Corner,5387,South East,reduced_price,65218
Taunton,3471,South West,reduced_price,1262002
Taynuilt,8727,Scotland,reduced_price,3740
Teddington,5572,London,reduced_price,913082
Teesside Airport [note 1],7521,North East,reduced_price,
Teignmouth,3430,South West,reduced_price,474456
Telford Central,4691,West Midlands,reduced_price,636400
Templecombe,5837,South West,reduced_price,67396
Tenby,4110,Wales,reduced_price,87052
Teynham,5193,South East,reduced_price,71446
Thames Ditton,5610,South East,reduced_price,329128
Thanet Parkway,2041,South East,reduced_price,73594
Thatcham,3152,South East,reduced_price,242804
Thatto Heath,2264,North West,reduced_price,58804
The Hawthorns,4523,West Midlands,reduced_price,138928
The Lakes (Warks),4538,West Midlands,reduced_price,7116
Theale,3153,South East,reduced_price,176152
Theobalds Grove,6949,East of England,reduced_price,427220
Thetford,7203,East of England,reduced_price,210688
Thirsk,8191,Yorkshire and The Humber,reduced_price,199132
Thornaby,7976,North East,reduced_price,511244
Thorne North,6530,Yorkshire and The Humber,reduced_price,124944
Thorne South,6531,Yorkshire and The Humber,reduced_price,26576
Thornford,5849,South West,reduced_price,1810
Thornliebank,9812,Scotland,reduced_price,92316
Thornton Abbey,6210,Yorkshire and The Humber,reduced_price,462
Thornton Heath,5388,London,reduced_price,1081998
Thorntonhall,9825,Scotland,reduced_price,9458
Thorpe Bay,7460,East of England,reduced_price,298616
Thorpe Culvert,6267,East Midlands,reduced_price,234
Thorpe-le-Soken,6857,East of England,reduced_price,62518
Three Bridges,5491,South East,reduced_price,1689422
Three Oaks,5028,South East,reduced_price,7978
Thurgarton,6203,East Midlands,reduced_price,202
Thurnscoe,8282,Yorkshire and The Humber,reduced_price,26994
Thurso,8677,Scotland,reduced_price,15464
Thurston,7356,East of England,reduced_price,59170
Tilbury Town,7462,East of England,reduced_price,534246
Tile Hill,1035,West Midlands,reduced_price,257032
Tilehurst,3154,South East,reduced_price,185538
Tipton,1159,West Midlands,reduced_price,177674
Tir-Phil,4025,Wales,reduced_price,1018
Tisbury,5798,South West,reduced_price,125460
Tiverton Parkway,3474,South West,reduced_price,539302
Todmorden,2677,Yorkshire and The Humber,reduced_price,393892
Tolworth,5573,London,reduced_price,249394
Ton Pentre,3897,Wales,reduced_price,3732
Tonbridge,5229,South East,reduced_price,1829312
Tondu,4271,Wales,reduced_price,3054
Tonfanau,4432,Wales,reduced_price,1420
Tonypandy,3882,Wales,reduced_price,5126
Tooting,5389,London,reduced_price,339440
Topsham,5758,South West,reduced_price,94724
Torquay,3434,South West,reduced_price,388152
Torre,3432,South West,reduced_price,170196
Totnes,3558,South West,reduced_price,646942
Tottenham Court Road,6556,London,reduced_price,42310604
Tottenham Hale,6951,London,reduced_price,4768296
Totton,5921,South East,reduced_price,115124
Town Green,2283,North West,reduced_price,268820
Trafford Park,2969,North West,reduced_price,17316
Trefforest,3887,Wales,reduced_price,33062
Trefforest Estate,3886,Wales,reduced_price,3060
Trehafod,3888,Wales,reduced_price,1558
Treherbert,3889,Wales,reduced_price,6160
Treorchy,3891,Wales,reduced_price,5454
Trimley,7225,East of England,reduced_price,24526
Tring,1393,East of England,reduced_price,438930
Troed-Y-Rhiw,4276,Wales,reduced_price,1534
Troon,9562,Scotland,reduced_price,272674
Trowbridge,3348,South West,reduced_price,428160
Truro,3540,South West,reduced_price,922356
Tulloch,8837,Scotland,reduced_price,388
Tulse Hill,5390,London,reduced_price,1067064
Tunbridge Wells,5230,South East,reduced_price,1799086
Turkey Street,6952,London,reduced_price,588054
Tutbury and Hatton,1783,East Midlands,reduced_price,50292
Tweedbank,9500,Scotland,reduced_price,236366
Twickenham,5574,London,reduced_price,2806014
Twyford,3155,South East,reduced_price,879820
Ty Croes,2439,Wales,reduced_price,2988
Ty Glas,3817,Wales,reduced_price,3084
Tygwyn,4357,Wales,reduced_price,620
Tyndrum Lower,8728,Scotland,reduced_price,1160
Tyseley,4518,West Midlands,reduced_price,75280
Tywyn,4433,Wales,reduced_price,50472
Uckfield,5334,South East,reduced_price,117756
Uddingston,9776,Scotland,reduced_price,362632
Ulceby,6211,Yorkshire and The Humber,reduced_price,2598
Ulleskelf,8261,Yorkshire and The Humber,reduced_price,11292
Ulverston,2010,North West,reduced_price,198160
Umberleigh,5826,South West,reduced_price,18378
University (Birmingham),4504,West Midlands,reduced_price,1262012
Uphall,9373,Scotland,reduced_price,224034
Upholland,2364,North West,reduced_price,11380
Upminster,7464,London,reduced_price,2657288
Upper Halliford,5613,South East,reduced_price,43392
Upper Holloway,1524,London,reduced_price,668500
Upper Tyndrum,8838,Scotland,reduced_price,1504
Upper Warlingham,5391,South East,reduced_price,347124
Upton (Merseyside),2141,North West,reduced_price,3558
Upwey,5967,South West,reduced_price,38232
Urmston,2938,North West,reduced_price,150520
Uttoxeter,1342,West Midlands,reduced_price,97206
Valley,2440,Wales,reduced_price,8536
Vauxhall,5597,London,reduced_price,7384224
Virginia Water,5676,South East,reduced_price,382618
Waddon,5392,London,reduced_price,265768
Wadhurst,5231,South East,reduced_price,192170
Wainfleet,6268,East Midlands,reduced_price,13784
Wakefield Kirkgate,8584,Yorkshire and The Humber,reduced_price,395456
Wakefield Westgate,8591,Yorkshire and The Humber,reduced_price,1508624
Walkden,2612,North West,reduced_price,160090
Wallasey Grove Road,2154,North West,reduced_price,251490
Wallasey Village,2265,North West,reduced_price,225590
Wallington,5394,London,reduced_price,760920
Wallyford,9365,Scotland,reduced_price,151666
Walmer,5041,South East,reduced_price,116314
Walsall,1216,West Midlands,reduced_price,572472
Walsden,2665,Yorkshire and The Humber,reduced_price,38614
Waltham Cross,6823,East of England,reduced_price,708058
Walthamstow Central,6953,London,reduced_price,2439100
Walthamstow Queen's Road,7407,London,reduced_price,497592
Walton (Merseyside),2251,North West,reduced_price,184922
Walton-On-Thames,5575,South East,reduced_price,1055046
Walton-on-the-Naze,6858,East of England,reduced_price,85888
Wanborough,5639,South East,reduced_price,24832
Wandsworth Common,5395,London,reduced_price,434576
Wandsworth Road,5372,London,reduced_price,287964
Wandsworth Town,5576,London,reduced_price,1687142
Wanstead Park,7408,London,reduced_price,517922
Wapping,1085,London,reduced_price,1530758
Warblington,5264,South East,reduced_price,15532
Ware (Herts),6824,East of England,reduced_price,508666
Wareham (Dorset),5959,South West,reduced_price,224940
Wargrave,3158,South East,reduced_price,44220
Warminster,5505,South West,reduced_price,221936
Warnham,5316,South East,reduced_price,3728
Warrington Bank Quay,2384,North West,reduced_price,973608
Warrington Central,2390,North West,reduced_price,840974
Warrington West,6583,North West,reduced_price,242698
Warwick,4600,West Midlands,reduced_price,305592
Warwick Parkway,8530,West Midlands,reduced_price,343130
Water Orton,1121,West Midlands,reduced_price,4936
Waterbeach,7079,East of England,reduced_price,185228
Wateringbury,5241,South East,reduced_price,32140
Waterloo (Merseyside),2133,North West,reduced_price,924174
Watford High Street,1455,East of England,reduced_price,1110616
Watford Junction,1402,East of England,reduced_price,4424140
Watford North,1403,East of England,reduced_price,41968
Watlington,7057,East of England,reduced_price,82920
Watton-At-Stone,6095,East of England,reduced_price,72958
Waun-gron Park,3796,Wales,reduced_price,5146
Wavertree Technology Park,8589,North West,reduced_price,113140
Weeley,6859,East of England,reduced_price,18622
Weeton,8509,Yorkshire and The Humber,reduced_price,57930
Welham Green,6073,East of England,reduced_price,122074
Welling,5128,London,reduced_price,683968
Wellingborough,1940,East Midlands,reduced_price,631480
Wellington (Shropshire),4690,West Midlands,reduced_price,232670
Welshpool,4434,Wales,reduced_price,80702
Welwyn Garden City,6183,East of England,reduced_price,1151874
Welwyn North,6096,East of England,reduced_price,183892
Wem,1347,West Midlands,reduced_price,56896
Wembley Central,1423,London,reduced_price,2875772
Wembley Stadium,1509,London,reduced_price,639796
Wemyss Bay,9673,Scotland,reduced_price,113530
Wendover,1466,South East,reduced_price,90260
Wennington,2681,North West,reduced_price,5554
West Allerton,2266,North West,reduced_price,21514
West Brompton,8875,London,reduced_price,2396566
West Byfleet,5684,South East,reduced_price,498856
West Calder,9250,Scotland,reduced_price,67288
West Croydon,5411,London,reduced_price,2290474
West Drayton,3174,London,reduced_price,2068514
West Dulwich,5086,London,reduced_price,411776
West Ealing,3188,London,reduced_price,1431234
West Ham,7474,London,reduced_price,5849420
West Hampstead,1421,London,reduced_price,2125616
West Hampstead Thameslink,1525,London,reduced_price,1622542
West Horndon,7466,East of England,reduced_price,163866
West Kilbride,9564,Scotland,reduced_price,77160
West Kirby,2201,North West,reduced_price,923342
West Malling,5129,South East,reduced_price,470710
West Norwood,5438,London,reduced_price,731374
West Ruislip,3059,London,reduced_price,75390
West Runton,7329,East of England,reduced_price,14918
West St Leonards,5242,South East,reduced_price,63598
West Sutton,5293,London,reduced_price,116982
West Wickham,5054,London,reduced_price,392872
West Worthing,5278,South East,reduced_price,402452
Westbury,5712,South West,reduced_price,350030
Westcliff,7476,East of England,reduced_price,552816
Westcombe Park,5151,London,reduced_price,445308
Westenhanger,5030,South East,reduced_price,25232
Wester Hailes,9231,Scotland,reduced_price,23754
Westerfield,7226,East of England,reduced_price,9766
Westerton,9998,Scotland,reduced_price,378434
Westgate-On-Sea,5195,South East,reduced_price,85438
Westhoughton,2619,North West,reduced_price,54992
Weston Milton,3388,South West,reduced_price,45904
Weston-Super-Mare,3391,South West,reduced_price,707588
Wetheral,7572,North West,reduced_price,40824
Weybridge,5577,South East,reduced_price,807398
Weymouth,5965,South West,reduced_price,601784
Whaley Bridge,2772,East Midlands,reduced_price,96484
Whalley (Lancashire),2736,North West,reduced_price,52182
Whatstandwell,1585,East Midlands,reduced_price,17772
Whifflet,9753,Scotland,reduced_price,128772
Whimple,5759,South West,reduced_price,33980
Whinhill,9665,Scotland,reduced_price,24406
Whiston,2161,North West,reduced_price,84524
Whitby,8184,Yorkshire and The Humber,reduced_price,118254
Whitchurch (Cardiff),3896,Wales,reduced_price,1398
Whitchurch (Hampshire),5527,South East,reduced_price,118442
Whitchurch (Shropshire),1348,West Midlands,reduced_price,87002
White Hart Lane,6956,London,reduced_price,1604944
White Notley,6846,East of England,reduced_price,3212
Whitechapel,4935,London,reduced_price,21691906
Whitecraigs,9777,Scotland,reduced_price,169962
Whitehaven,2048,North West,reduced_price,212018
Whitland,4111,Wales,reduced_price,29450
Whitley Bridge,8130,Yorkshire and The Humber,reduced_price,122
Whitlocks End,4539,West Midlands,reduced_price,103546
Whitstable,5196,South East,reduced_price,521354
Whittlesea,7187,East of England,reduced_price,17482
Whittlesford Parkway,7047,East of England,reduced_price,233140
Whitton (London),5611,London,reduced_price,631970
Whitwell (Derbyshire),6551,East Midlands,reduced_price,3890
Whyteleafe,5396,South East,reduced_price,124852
Whyteleafe South,5439,South East,reduced_price,51826
Wick,8680,Scotland,reduced_price,5654
Wickford,6891,East of England,reduced_price,566502
Wickham Market,7227,East of England,reduced_price,44396
Widdrington,7695,North East,reduced_price,1210
Widnes,2391,North West,reduced_price,240556
Widney Manor,4528,West Midlands,reduced_price,133156
Wigan North Western,2363,North West,reduced_price,907402
Wigan Wallgate,2406,North West,reduced_price,836294
Wigton,2098,North West,reduced_price,43696
Wildmill,3965,Wales,reduced_price,5614
Willesden Junction,1457,London,reduced_price,3838022
Williamwood,9781,Scotland,reduced_price,149918
Willington,1905,East Midlands,reduced_price,19856
Wilmcote,4568,West Midlands,reduced_price,11490
Wilmslow,2774,North West,reduced_price,709356
Wilnecote (Staffs),1056,West Midlands,reduced_price,20760
Wimbledon,5578,London,reduced_price,6831498
Wimbledon Chase,5612,London,reduced_price,103970
Winchelsea,5042,South East,reduced_price,12246
Winchester,5924,South East,reduced_price,2705244
Winchfield,5528,South East,reduced_price,94564
Winchmore Hill,6024,London,reduced_price,708430
Windermere,1978,North West,reduced_price,391636
Windsor and Eton Central,3175,South East,reduced_price,1182986
Windsor and Eton Riverside,5672,South East,reduced_price,818848
Winnersh,5697,South East,reduced_price,176338
Winnersh Triangle,5698,South East,reduced_price,96434
Winsford,2269,North West,reduced_price,132194
Wishaw,9694,Scotland,reduced_price,207882
Witham,6844,East of England,reduced_price,624532
Witley,5640,South East,reduced_price,72598
Witton (West Midlands),1011,West Midlands,reduced_price,182624
Wivelsfield,5341,South East,reduced_price,220572
Wivenhoe,6860,East of England,reduced_price,206474
Woburn Sands,1539,South East,reduced_price,14672
Woking,5685,South East,reduced_price,3210504
Wokingham,5696,South East,reduced_price,1049826
Woldingham,5440,South East,reduced_price,89568
Wolverhampton,1218,West Midlands,reduced_price,3200718
Wolverton,1364,South East,reduced_price,162996
Wombwell,6688,Yorkshire and The Humber,reduced_price,111208
Wood End,4536,West Midlands,reduced_price,4722
Wood Street,6954,London,reduced_price,1118414
Woodbridge,7228,East of England,reduced_price,158460
Woodgrange Park,7467,London,reduced_price,455260
Woodhall,9639,Scotland,reduced_price,22248
Woodhouse,6732,Yorkshire and The Humber,reduced_price,22636
Woodlesford,8578,Yorkshire and The Humber,reduced_price,69970
Woodley,2835,North West,reduced_price,12142
Woodmansterne,5441,London,reduced_price,64480
Woodsmoor,2773,North West,reduced_price,135272
Wool,5960,South West,reduced_price,164314
Woolston,5925,South East,reduced_price,84966
Woolwich,6562,London,reduced_price,7613578
Woolwich Arsenal,5152,London,reduced_price,1201768
Woolwich Dockyard,5153,London,reduced_price,146086
Wootton Wawen,4540,West Midlands,reduced_price,11464
Worcester Foregate Street,4893,West Midlands,reduced_price,817070
Worcester Park,5579,London,reduced_price,657538
Worcester Shrub Hill,4891,West Midlands,reduced_price,246368
Worcestershire Parkway,6580,West Midlands,reduced_price,267832
Workington,2040,North West,reduced_price,164376
Worksop,6574,East Midlands,reduced_price,353088
Worle,3390,South West,reduced_price,212538
Worplesdon,5686,South East,reduced_price,41510
Worstead,7326,East of England,reduced_price,11660
Worthing,5279,South East,reduced_price,1304090
Wrabness,6907,East of England,reduced_price,10712
Wraysbury,5673,South East,reduced_price,48254
Wrenbury,1350,North West,reduced_price,5446
Wressle,8123,Yorkshire and The Humber,reduced_price,1016
Wrexham Central,4486,Wales,reduced_price,14560
Wrexham General,4487,Wales,reduced_price,360506
Wye,5031,South East,reduced_price,99862
Wylam,7514,North East,reduced_price,80996
Wylde Green,1138,West Midlands,reduced_price,223024
Wymondham,7383,East of England,reduced_price,131846
Wythall,4532,West Midlands,reduced_price,30188
Yalding,5232,South East,reduced_price,16400
Yardley Wood,4537,West Midlands,reduced_price,164668
Yarm,7917,North East,reduced_price,99628
Yate,3380,South West,reduced_price,175090
Yatton,3392,South West,reduced_price,283356
Yeoford,5827,South West,reduced_price,3258
Yeovil Junction,5838,South West,reduced_price,187894
Yeovil Pen Mill,5856,South West,reduced_price,120870
Yetminster,5857,South West,reduced_price,4528
Ynyswen,3818,Wales,reduced_price,36
Yoker,9990,Scotland,reduced_price,103636
York,8263,Yorkshire and The Humber,reduced_price,9357008
Yorton,1351,West Midlands,reduced_price,3670
Ystrad Mynach,4026,Wales,reduced_price,9796
Ystrad Rhondda,3871,Wales,reduced_price,2562
Abbey Wood,5131,London,season,1953866
Aber,3813,Wales,season,27218
Abercynon,3801,Wales,season,33176
Aberdare,3982,Wales,season,81402
Aberdeen,8976,Scotland,season,105864
Aberdour,9090,Scotland,season,4420
Aberdovey,4435,Wales,season,40
Abererch,4440,Wales,season,0
Abergavenny,3602,Wales,season,52130
Abergele and Pensarn,2448,Wales,season,5692
Aberystwyth,4303,Wales,season,1738
Accrington,2552,North West,season,69178
Achanalt,8600,Scotland,season,0
Achnasheen,8601,Scotland,season,92
Achnashellach,8602,Scotland,season,0
Acklington,7662,North East,season,0
Acle,7286,East of England,season,3962
Acocks Green,4529,West Midlands,season,109260
Acton Bridge (Cheshire),2287,North West,season,2508
Acton Central,1404,London,season,213056
Acton Main Line,3000,London,season,304850
Adderley Park,1036,West Midlands,season,29240
Addiewell,9310,Scotland,season,2166
Addlestone,5550,South East,season,59966
Adisham,5160,South East,season,8090
Adlington (Cheshire),2939,North West,season,1344
Adlington (Lancashire),2641,North West,season,26726
Adwick,8353,Yorkshire and The Humber,season,42652
Aigburth,2255,North West,season,97776
Ainsdale,2350,North West,season,124788
Aintree,2125,North West,season,224548
Airbles,9695,Scotland,season,13018
Airdrie,9759,Scotland,season,123148
Albany Park,5132,London,season,98862
Albrighton,4614,West Midlands,season,23096
Alderley Edge,2760,North West,season,43084
Aldermaston,3145,South East,season,8536
Aldershot,5623,South East,season,176046
Aldrington,5280,South East,season,31504
Alexandra Palace,6025,London,season,211332
Alexandra Parade,9905,Scotland,season,36160
Alexandria,9861,Scotland,season,29494
Alfreton,1805,East Midlands,season,22454
Allens West,7520,North East,season,18078
Alloa,9883,Scotland,season,47084
Alness,8605,Scotland,season,754
Alnmouth,7787,North East,season,14934
Alresford (Essex),6847,East of England,season,29386
Alsager,1223,North West,season,11310
Althorne (Essex),6869,East of England,season,8308
Althorpe,6532,Yorkshire and The Humber,season,48
Altnabreac [note 1],8606,Scotland,season,
Alton,5544,South East,season,109880
Altrincham,2806,North West,season,66360
Alvechurch,1198,West Midlands,season,46314
Ambergate,1678,East Midlands,season,3636
Amberley,5250,South East,season,13374
Amersham,506,South East,season,66086
Ammanford,4236,Wales,season,66
Ancaster,6358,East Midlands,season,726
Anderston,9965,Scotland,season,65934
Andover,5510,South East,season,193488
Anerley,5397,London,season,89672
Angmering,5267,South East,season,197342
Annan,9451,Scotland,season,2260
Anniesland,9972,Scotland,season,130692
Ansdell and Fairhaven,2662,North West,season,4666
Apperley Bridge,8562,Yorkshire and The Humber,season,63360
Appleby,2052,North West,season,5858
Appledore (Kent),5003,South East,season,4906
Appleford,3109,South East,season,1712
Appley Bridge,2396,North West,season,26038
Apsley,1430,East of England,season,68472
Arbroath,9079,Scotland,season,23366
Ardgay,8613,Scotland,season,450
Ardlui,9962,Scotland,season,0
Ardrossan Harbour,9453,Scotland,season,352
Ardrossan South Beach,9569,Scotland,season,15226
Ardrossan Town,9455,Scotland,season,2024
Ardwick,2960,North West,season,16
Argyle Street,9961,Scotland,season,98570
Arisaig,8821,Scotland,season,0
Arlesey,6171,East of England,season,113714
Armadale (West Lothian),990,Scotland,season,24270
Armathwaite,2054,North West,season,1740
Arnside,1963,North West,season,5436
Arram,8045,Yorkshire and The Humber,season,72
Arrochar and Tarbet,9963,Scotland,season,490
Arundel,5251,South East,season,63292
Ascot (Berks),5666,South East,season,83220
Ascott-Under-Wychwood,3003,South East,season,372
Ash,5641,South East,season,44024
Ash Vale,5547,South East,season,68770
Ashburys,2941,North West,season,24420
Ashchurch for Tewkesbury,4700,South West,season,9654
Ashfield,9953,Scotland,season,5724
Ashford (Surrey),5667,South East,season,182856
Ashford International,5004,South East,season,976948
Ashington,7608,North East,season,4464
Ashley,2850,North West,season,696
Ashley Down,5548,South West,season,372
Ashtead,5347,South East,season,198100
Ashton-Under-Lyne,2790,North West,season,24626
Ashurst (Kent),5398,South East,season,9402
Ashurst New Forest,5906,South East,season,18524
Ashwell and Morden,6083,East of England,season,40994
Askam,1953,North West,season,10060
Aslockton,6233,East Midlands,season,2378
Aspatria,2095,North West,season,3846
Aspley Guise,1380,East of England,season,1554
Aston,1004,West Midlands,season,130668
Atherstone,1074,West Midlands,season,9962
Atherton,2584,North West,season,37198
Attadale,8608,Scotland,season,0
Attenborough,1624,East Midlands,season,12306
Attleborough,7367,East of England,season,23866
Auchinleck,9457,Scotland,season,3402
Audley End,7017,East of England,season,173742
Aughton Park,2215,North West,season,34108
Aviemore,8610,Scotland,season,1672
Avoncliff,3265,South West,season,1692
Avonmouth,3200,South West,season,42710
Axminster,5714,South West,season,90242
Aylesbury,1492,South East,season,209394
Aylesbury Vale Parkway,1090,South East,season,32624
Aylesford,5162,South East,season,62986
Aylesham,5197,South East,season,28436
Ayr,9463,Scotland,season,52124
Bache,2187,North West,season,24496
Baglan,4186,Wales,season,5126
Bagshot,5681,South East,season,11536
Baildon,8552,Yorkshire and The Humber,season,111190
Baillieston,9763,Scotland,season,21682
Balcombe,5492,South East,season,41036
Baldock,6084,East of England,season,95746
Balham,5399,London,season,1275716
Balloch,9862,Scotland,season,31342
Balmossie,9013,Scotland,season,0
Bamber Bridge,2561,North West,season,17644
Bamford,2820,East Midlands,season,686
Banavie,8839,Scotland,season,0
Banbury,4502,South East,season,268942
Bangor (Gwynedd),2471,Wales,season,39048
Bank Hall,2238,North West,season,46264
Banstead,5348,South East,season,20638
Barassie,9466,Scotland,season,12634
Bardon Mill,7563,North East,season,16
Bare Lane,2690,North West,season,55474
Bargeddie,9764,Scotland,season,14484
Bargoed,4011,Wales,season,41256
Barking,7492,London,season,2565752
Barking Riverside,1335,London,season,156198
Barming,5133,South East,season,39700
Barmouth,4445,Wales,season,34002
Barnehurst,5089,London,season,157280
Barnes,5551,London,season,456078
Barnes Bridge,5580,London,season,141158
Barnetby,6406,Yorkshire and The Humber,season,3488
Barnham,5252,South East,season,431218
Barnhill,9973,Scotland,season,13500
Barnsley,6774,Yorkshire and The Humber,season,189590
Barnstaple,5725,South West,season,170126
Barnt Green,1096,West Midlands,season,116074
Barrhead,9674,Scotland,season,95174
Barrhill,9467,Scotland,season,54
Barrow Haven,6212,Yorkshire and The Humber,season,0
Barrow-In-Furness,1954,North West,season,47678
Barrow-Upon-Soar,1903,East Midlands,season,20826
Barry,3805,Wales,season,119390
Barry Docks,3806,Wales,season,62878
Barry Island,3807,Wales,season,108328
Barry Links,9020,Scotland,season,0
Barton-On-Humber,6207,Yorkshire and The Humber,season,1388
Basildon,7494,East of England,season,535938
Basingstoke,5520,South East,season,754044
Bat and Ball,5090,South East,season,72318
Bath Spa,3271,South West,season,320970
Bathgate,9311,Scotland,season,80028
Batley,8484,Yorkshire and The Humber,season,43486
Battersby,7909,Yorkshire and The Humber,season,0
Battersea Park,5420,London,season,411986
Battle,5215,South East,season,122118
Battlesbridge,6870,East of England,season,4062
Bayford,6006,East of England,season,5450
Beaconsfield,3047,South East,season,257220
Bearley,2420,West Midlands,season,112
Bearsden,9966,Scotland,season,37888
Bearsted,5091,South East,season,111504
Beasdale,8822,Scotland,season,0
Beaulieu Road,5890,South East,season,196
Beauly,8877,Scotland,season,2282
Bebington,2188,North West,season,111848
Beccles,7258,East of England,season,7452
Beckenham Hill,5076,London,season,61100
Beckenham Junction,5046,London,season,277306
Bedford,1512,East of England,season,670772
Bedford St Johns,1510,East of England,season,31284
Bedhampton,5538,South East,season,15140
Bedminster,3245,South West,season,11106
Bedworth,1165,West Midlands,season,9418
Bedwyn,3070,South West,season,21910
Beeston,1625,East Midlands,season,55374
Bekesbourne,5198,South East,season,5366
Belle Vue,2785,North West,season,3914
Bellgrove,9895,Scotland,season,71884
Bellingham,5062,London,season,148206
Bellshill,9714,Scotland,season,91450
Belmont,5350,London,season,49650
Belper,1679,East Midlands,season,16980
Beltring,5227,South East,season,2734
Belvedere,5092,London,season,114768
Bempton,8047,Yorkshire and The Humber,season,50
Ben Rhydding,8564,Yorkshire and The Humber,season,45586
Benfleet,7439,East of England,season,430324
Bentham,2676,Yorkshire and The Humber,season,1916
Bentley (Hampshire),5624,South East,season,24092
Bentley (South Yorkshire),8352,Yorkshire and The Humber,season,38414
Bere Alston,3549,South West,season,7766
Bere Ferrers,3550,South West,season,3552
Berkhamsted,1390,East of England,season,191488
Berkswell,1045,West Midlands,season,93676
Bermuda Park,6543,West Midlands,season,4258
Berney Arms,7330,East of England,season,2
Berry Brow,8431,Yorkshire and The Humber,season,8022
Berrylands,5581,London,season,33150
Berwick (Sussex),5323,South East,season,16196
Berwick-Upon-Tweed,7791,North East,season,12142
Bescar Lane,2351,North West,season,32
Bescot Stadium,1003,West Midlands,season,39550
Betchworth,5472,South East,season,488
Bethnal Green,6961,London,season,257152
Betws-y-Coed,2449,Wales,season,36
Beverley,8048,Yorkshire and The Humber,season,86470
Bexhill,5211,South East,season,627020
Bexley,5093,London,season,143154
Bexleyheath,5094,London,season,200738
Bicester North,3048,South East,season,124874
Bicester Village,3104,South East,season,184226
Bickley,5063,London,season,104606
Bidston,2136,North West,season,55816
Biggleswade,6170,East of England,season,149328
Bilbrook,4618,West Midlands,season,35932
Billericay,6871,East of England,season,619590
Billingham,7910,North East,season,12058
Billingshurst,5464,South East,season,106342
Bingham,6235,East Midlands,season,9598
Bingley,8553,Yorkshire and The Humber,season,209308
Birchgrove,3907,Wales,season,11108
Birchington-On-Sea,5163,South East,season,180362
Birchwood,2304,North West,season,76162
Birkbeck,5401,London,season,16324
Birkdale,2352,North West,season,142202
Birkenhead Central,2217,North West,season,91132
Birkenhead Hamilton Square,2219,North West,season,234698
Birkenhead North,2145,North West,season,113314
Birkenhead Park,2220,North West,season,77896
Birmingham International,1215,West Midlands,season,452384
Birmingham Moor Street,4515,West Midlands,season,1966510
Birmingham New Street,1127,West Midlands,season,7271162
Birmingham Snow Hill,1006,West Midlands,season,1145998
Bishop Auckland,7835,North East,season,20172
Bishopbriggs,9940,Scotland,season,67656
Bishops Stortford,6800,East of England,season,690562
Bishopstone (Sussex),5402,South East,season,2986
Bishopton (Renfrewshire),9620,Scotland,season,90842
Bitterne,5945,South East,season,13130
Blackburn,2737,North West,season,142364
Blackheath,5095,London,season,318422
Blackhorse Road,7400,London,season,466960
Blackpool North,2739,North West,season,49174
Blackpool Pleasure Beach,2738,North West,season,2626
Blackpool South,2740,North West,season,6496
Blackridge,991,Scotland,season,5386
Blackrod,2732,North West,season,84826
Blackwater,5625,South East,season,36198
Blaenau Ffestiniog,2450,Wales,season,92
Blair Atholl,8750,Scotland,season,192
Blairhill,9760,Scotland,season,54102
Blake Street,1176,West Midlands,season,127696
Blakedown,4574,West Midlands,season,57362
Blantyre,9716,Scotland,season,49696
Blaydon,7503,North East,season,9954
Bleasby,6204,East Midlands,season,362
Bletchley,1360,South East,season,222562
Bloxwich,1141,West Midlands,season,4674
Bloxwich North,1018,West Midlands,season,10794
Blundellsands and Crosby,2123,North West,season,263220
Blythe Bridge,1282,West Midlands,season,21042
Bodmin Parkway,3501,South West,season,16324
Bodorgan,2435,Wales,season,734
Bognor Regis,5253,South East,season,264650
Bogston,9668,Scotland,season,2780
Bolton,2599,North West,season,471964
Bolton-Upon-Dearne,8536,Yorkshire and The Humber,season,14934
Bond Street,6553,London,season,4638398
Bookham,5626,South East,season,30156
Bootle (Cumbria),1993,North West,season,1978
Bootle New Strand,2195,North West,season,152656
Bootle Oriel Road,2239,North West,season,119284
Bordesley,4513,West Midlands,season,1430
Borough Green and Wrotham,5130,South East,season,109868
Borth,4304,Wales,season,976
Bosham,5254,South East,season,13356
Boston,6216,East Midlands,season,9626
Botley,5894,South East,season,24460
Bottesford,6237,East Midlands,season,8956
Bourne End,3018,South East,season,60386
Bournemouth,5876,South West,season,144138
Bournville,1112,West Midlands,season,291352
Bow Brickhill,1381,South East,season,9002
Bow Street,4219,Wales,season,752
Bowes Park,6027,London,season,73744
Bowling,9968,Scotland,season,2298
Box Hill and Westhumble,5403,South East,season,6900
Bracknell,5693,South East,season,233316
Bradford Forster Square,8346,Yorkshire and The Humber,season,322782
Bradford Interchange,8345,Yorkshire and The Humber,season,322726
Bradford-On-Avon,3341,South West,season,32476
Brading,5530,South East,season,1694
Braintree,6801,East of England,season,205262
Braintree Freeport,2053,East of England,season,23780
Bramhall,2944,North West,season,36164
Bramley (Hampshire),5500,South East,season,53906
Bramley (West Yorkshire),8496,Yorkshire and The Humber,season,67536
Brampton (Cumbria),7565,North West,season,96
Brampton (Suffolk),7259,East of England,season,2582
Branchton,9938,Scotland,season,17952
Brandon,7200,East of England,season,11404
Branksome,5875,South West,season,31386
Braystones,2045,North West,season,0
Bredbury,2779,North West,season,31222
Breich,9251,Scotland,season,72
Brent Cross West,7777,London,season,101468
Brentford,5552,London,season,200326
Brentwood,6872,East of England,season,335386
Bricket Wood,1560,East of England,season,1786
Bridge Of Allan,9889,Scotland,season,12924
Bridge Of Orchy,8823,Scotland,season,0
Bridgend,3809,Wales,season,211550
Bridgeton,9789,Scotland,season,110090
Bridgwater,3449,South West,season,25994
Bridlington,8049,Yorkshire and The Humber,season,24014
Brierfield,2554,North West,season,7756
Brigg,6464,Yorkshire and The Humber,season,0
Brighouse,8514,Yorkshire and The Humber,season,39214
Brighton,5268,South East,season,1633160
Brimsdown,6810,London,season,122126
Brinnington,2603,North West,season,20894
Bristol Parkway,3230,South West,season,80856
Bristol Temple Meads,3231,South West,season,506328
Brithdir,4012,Wales,season,3616
Briton Ferry,4187,Wales,season,3418
Brixton,5081,London,season,168860
Broad Green,2240,North West,season,104930
Broadbottom,2892,North West,season,30770
Broadstairs,5006,South East,season,145706
Brockenhurst,5886,South East,season,200484
Brockholes,8429,Yorkshire and The Humber,season,3580
Brockley,5404,London,season,393446
Bromborough,2190,North West,season,63482
Bromborough Rake,2191,North West,season,32450
Bromley Cross (Lancs),2697,North West,season,62540
Bromley North,5096,London,season,42504
Bromley South,5064,London,season,961420
Bromsgrove,4715,West Midlands,season,172746
Brondesbury,1437,London,season,506730
Brondesbury Park,1438,London,season,135472
Brookmans Park,6074,East of England,season,23654
Brookwood,5687,South East,season,161892
Broome,4175,West Midlands,season,0
Broomfleet,8050,Yorkshire and The Humber,season,50
Brora,8618,Scotland,season,104
Brough,8051,Yorkshire and The Humber,season,34834
Broughty Ferry,9023,Scotland,season,3204
Broxbourne,6812,East of England,season,163712
Bruce Grove,6958,London,season,221542
Brundall,7289,East of England,season,8044
Brundall Gardens,7006,East of England,season,1480
Brunstane,8807,Scotland,season,13796
Brunswick,3623,North West,season,174994
Bruton,5702,South West,season,1740
Bryn,2222,North West,season,10130
Buckenham,7290,East of England,season,0
Buckley,2422,Wales,season,1070
Bucknell,4182,West Midlands,season,484
Buckshaw Parkway,7501,North West,season,57458
Bugle,3502,South West,season,362
Builth Road,4317,Wales,season,10
Bulwell,1865,East Midlands,season,13170
Bures,7085,East of England,season,10496
Burgess Hill,5483,South East,season,443080
Burley Park,8500,Yorkshire and The Humber,season,75116
Burley-In-Wharfedale,8565,Yorkshire and The Humber,season,281508
Burnage,2945,North West,season,19270
Burneside (Cumbria),1975,North West,season,4144
Burnham (Buckinghamshire),3176,South East,season,298236
Burnham-On-Crouch,6873,East of England,season,63550
Burnley Barracks,2743,North West,season,4654
Burnley Central,2550,North West,season,24884
Burnley Manchester Road,2549,North West,season,49514
Burnside (South Lanarkshire),9767,Scotland,season,25116
Burntisland,9107,Scotland,season,17780
Burscough Bridge,2279,North West,season,27958
Burscough Junction,2280,North West,season,3404
Bursledon,5927,South East,season,8816
Burton Joyce,6200,East Midlands,season,1102
Burton-On-Trent,1658,West Midlands,season,41494
Bury St Edmunds,7008,East of England,season,101312
Busby,9791,Scotland,season,8998
Bush Hill Park,6913,London,season,65418
Bushey,1395,East of England,season,55566
Butlers Lane,1179,West Midlands,season,68694
Buxted,5324,South East,season,23768
Buxton,2946,East Midlands,season,23628
Byfleet and New Haw,5689,South East,season,63270
Bynea,4124,Wales,season,6
Cadoxton,3811,Wales,season,66266
Caergwrle,2536,Wales,season,808
Caerphilly,3812,Wales,season,103058
Caersws,4412,Wales,season,7444
Caldercruix,992,Scotland,season,7958
Caldicot,3680,Wales,season,6176
Caledonian Road and Barnsbury,1439,London,season,225908
Calstock,3562,South West,season,4086
Cam and Dursley,3238,South West,season,10450
Camberley,5682,South East,season,25824
Camborne,3504,South West,season,75552
Cambridge,7022,East of England,season,1446374
Cambridge Heath,6962,London,season,149848
Cambridge North,8001,East of England,season,168032
Cambuslang,9768,Scotland,season,112628
Camden Road,1440,London,season,599236
Camelon,9878,Scotland,season,18622
Cameron Bridge,244,Scotland,season,2530
Canada Water,1659,London,season,2520408
Canary Wharf,6560,London,season,1742518
Canley,1129,West Midlands,season,107366
Cannock,1016,West Midlands,season,28052
Canonbury,1441,London,season,268234
Canterbury East,5164,South East,season,169082
Canterbury West,5007,South East,season,393466
Cantley,7292,East of England,season,6190
Capenhurst,2186,North West,season,20836
Carbis Bay,3542,South West,season,1374
Cardenden,9112,Scotland,season,2158
Cardiff Bay,3815,Wales,season,138396
Cardiff Central,3899,Wales,season,1169200
Cardiff Queen Street,3900,Wales,season,336190
Cardonald,9624,Scotland,season,36170
Cardross,9969,Scotland,season,60992
Carfin,9877,Scotland,season,13520
Cark and Cartmel,1964,North West,season,6362
Carlisle,2118,North West,season,131626
Carlton,6201,East Midlands,season,6206
Carluke,9702,Scotland,season,27170
Carmarthen,4068,Wales,season,24166
Carmyle,9769,Scotland,season,21944
Carnforth,2640,North West,season,34358
Carnoustie,9028,Scotland,season,6654
Carntyne,9897,Scotland,season,52766
Carpenders Park,1442,East of England,season,50132
Carrbridge,8621,Scotland,season,0
Carshalton,5405,London,season,168278
Carshalton Beeches,5406,London,season,82260
Carstairs,9704,Scotland,season,1528
Cartsdyke,9680,Scotland,season,11812
Castle Bar Park,3098,London,season,6220
Castle Cary,5703,South West,season,6324
Castleford,8359,Yorkshire and The Humber,season,69316
Castleton (Manchester),2919,North West,season,20898
Castleton Moor,7914,Yorkshire and The Humber,season,10
Caterham,5351,South East,season,106528
Catford,5077,London,season,173798
Catford Bridge,5047,London,season,512910
Cathays,3820,Wales,season,133758
Cathcart,9795,Scotland,season,78560
Cattal,8232,Yorkshire and The Humber,season,22738
Causeland,3568,South West,season,52
Cefn-Y-Bedd,2425,Wales,season,510
Chadwell Heath,6874,London,season,551238
Chafford Hundred Lakeside,7447,East of England,season,355574
Chalfont and Latimer,539,South East,season,13658
Chalkwell,7469,East of England,season,273202
Chandlers Ford,5836,South East,season,20166
Chapel-En-Le-Frith,2762,East Midlands,season,6694
Chapelton (Devon),5820,South West,season,0
Chapeltown (South Yorkshire),6664,Yorkshire and The Humber,season,64642
Chappel and Wakes Colne,7051,East of England,season,5956
Charing (Kent),5097,South East,season,24600
Charing Cross (Glasgow),9911,Scotland,season,196254
Charlbury,3004,South East,season,28952
Charlton,5144,London,season,237480
Chartham,5008,South East,season,18396
Chassen Road,2947,North West,season,14586
Chatelherault,9707,Scotland,season,12162
Chatham,5199,South East,season,589340
Chathill,7792,North East,season,176
Cheadle Hulme,2870,North West,season,122068
Cheam,5352,London,season,125346
Cheddington,1372,South East,season,12508
Chelford (Cheshire),2764,North West,season,5322
Chelmsford,6836,East of England,season,1713840
Chelsfield,5098,London,season,112482
Cheltenham Spa,4731,South West,season,76052
Chepstow,3774,Wales,season,18390
Cherry Tree,2573,North West,season,6736
Chertsey,5553,South East,season,262542
Cheshunt,6814,East of England,season,155196
Chessington North,5582,London,season,67926
Chessington South,5554,London,season,51414
Chester,2412,North West,season,226718
Chester Road,1130,West Midlands,season,167678
Chesterfield,6615,East Midlands,season,99382
Chester-Le-Street,7736,North East,season,23670
Chestfield and Swalecliffe,5200,South East,season,39862
Chetnole,5840,South West,season,0
Chichester,5255,South East,season,520626
Chilham,5009,South East,season,18204
Chilworth,5296,South East,season,3804
Chingford,6914,London,season,100560
Chinley,2823,East Midlands,season,21790
Chippenham,3267,South West,season,151028
Chipstead,5353,South East,season,8048
Chirk,4449,Wales,season,6152
Chislehurst,5099,London,season,97236
Chiswick,5583,London,season,116382
Cholsey,3031,South East,season,61522
Chorley,2745,North West,season,89100
Chorleywood,546,East of England,season,10974
Christchurch,5879,South West,season,53346
Christs Hospital,5319,South East,season,32504
Church and Oswaldtwistle,2556,North West,season,15274
Church Fenton,8233,Yorkshire and The Humber,season,31122
Church Stretton,4365,West Midlands,season,16120
Cilmeri,3785,Wales,season,0
City Thameslink,5121,London,season,1017540
Clacton-on-Sea,6850,East of England,season,194772
Clandon,5555,South East,season,21790
Clapham (North Yorkshire),2653,Yorkshire and The Humber,season,32
Clapham High Street,5301,London,season,246740
Clapham Junction,5595,London,season,4211810
Clapton,6926,London,season,251994
Clarbeston Road,4069,Wales,season,0
Clarkston,9792,Scotland,season,23240
Claverdon,4593,West Midlands,season,3436
Claygate,5556,South East,season,129442
Cleethorpes,6274,Yorkshire and The Humber,season,2490
Cleland,9718,Scotland,season,9884
Clifton (Manchester),2795,North West,season,292
Clifton Down,3202,South West,season,117822
Clitheroe,2574,North West,season,50764
Clock House,5048,London,season,133534
Clunderwen,4070,Wales,season,168
Clydebank,9855,Scotland,season,60082
Coatbridge Central,9747,Scotland,season,3366
Coatbridge Sunnyside,9752,Scotland,season,69144
Coatdyke,9762,Scotland,season,40160
Cobham and Stoke D'abernon,5557,South East,season,82034
Codsall,4616,West Midlands,season,33972
Cogan,3828,Wales,season,55634
Colchester,6861,East of England,season,1061616
Colchester Town,6853,East of England,season,294498
Coleshill Parkway,9882,West Midlands,season,27984
Collingham,6349,East Midlands,season,10952
Collington,5457,South East,season,29080
Colne,2562,North West,season,11366
Colwall,4876,West Midlands,season,14706
Colwyn Bay,2451,Wales,season,27448
Combe (Oxon),3005,South East,season,294
Commondale,7515,Yorkshire and The Humber,season,0
Congleton,1227,North West,season,16504
Conisbrough,6488,Yorkshire and The Humber,season,11842
Connel Ferry,8708,Scotland,season,12494
Conon Bridge,6393,Scotland,season,636
Cononley,8470,Yorkshire and The Humber,season,53714
Conway Park,3624,North West,season,124414
Conwy,2486,Wales,season,2720
Cooden Beach,5458,South East,season,19216
Cookham,3019,South East,season,34550
Cooksbridge,5336,South East,season,10490
Coombe Junction Halt,3570,South West,season,0
Copplestone,5821,South West,season,10944
Corbridge,7504,North East,season,3036
Corby,1847,East Midlands,season,49846
Corkerhill,9627,Scotland,season,35582
Corkickle,2049,North West,season,16070
Corpach,8824,Scotland,season,32
Corrour,8825,Scotland,season,0
Coryton,3905,Wales,season,24142
Coseley,1143,West Midlands,season,156524
Cosford,4617,West Midlands,season,15198
Cosham,5896,South East,season,98652
Cottingham,8056,Yorkshire and The Humber,season,59224
Cottingley,8505,Yorkshire and The Humber,season,10208
Coulsdon South,5408,London,season,282972
Coulsdon Town,5382,London,season,9918
Coventry,1030,West Midlands,season,1054510
Coventry Arena,7416,West Midlands,season,6798
Cowden (Kent),5409,South East,season,10528
Cowdenbeath,9185,Scotland,season,7382
Cradley Heath,4639,West Midlands,season,220262
Craigendoran,9970,Scotland,season,65048
Cramlington,7579,North East,season,16452
Cranbrook (Devon),9850,South West,season,12696
Craven Arms,3634,West Midlands,season,15426
Crawley,5484,South East,season,232946
Crayford,5100,London,season,192894
Crediton,5754,South West,season,18758
Cressing (Essex),6837,East of England,season,16478
Cressington,2225,North West,season,105090
Creswell,1874,East Midlands,season,6258
Crewe,1243,North West,season,164512
Crewkerne,5832,South West,season,24376
Crews Hill,6007,London,season,10892
Crianlarich,8826,Scotland,season,0
Criccieth,4312,Wales,season,796
Cricklewood,1519,London,season,139132
Croftfoot,9778,Scotland,season,32416
Crofton Park,5078,London,season,81180
Cromer,7295,East of England,season,12482
Cromford,1822,East Midlands,season,2862
Crookston,9628,Scotland,season,30120
Cross Gates,8473,Yorkshire and The Humber,season,93684
Crossflatts,8554,Yorkshire and The Humber,season,174168
Crosshill,9814,Scotland,season,56122
Crosskeys,9902,Wales,season,17406
Crossmyloof,9796,Scotland,season,64466
Croston,2313,North West,season,2982
Crouch Hill,7406,London,season,160116
Crowborough,5325,South East,season,78420
Crowhurst,5233,South East,season,16334
Crowle,6524,Yorkshire and The Humber,season,2790
Crowthorne,5628,South East,season,39978
Croy,9943,Scotland,season,152810
Crystal Palace,5356,London,season,386926
Cuddington,2305,North West,season,12644
Cuffley,6008,East of England,season,49744
Culham,3107,South East,season,37232
Culrain,8625,Scotland,season,0
Cumbernauld,9721,Scotland,season,21490
Cupar,9121,Scotland,season,6646
Curriehill,9218,Scotland,season,11138
Custom House,6561,London,season,1331042
Cuxton,5201,South East,season,14648
Cwmbach,3981,Wales,season,8658
Cwmbran,3738,Wales,season,74350
Cynghordy,4147,Wales,season,0
Dagenham Dock,7440,London,season,54938
Daisy Hill,2777,North West,season,35822
Dalgety Bay,9135,Scotland,season,23248
Dalmally,8711,Scotland,season,9524
Dalmarnock,9790,Scotland,season,60066
Dalmeny,9415,Scotland,season,62182
Dalmuir,9992,Scotland,season,121840
Dalreoch,9864,Scotland,season,29638
Dalry,9483,Scotland,season,20636
Dalston (Cumbria),2077,North West,season,18654
Dalston Junction,1443,London,season,548666
Dalston Kingsland,1429,London,season,712794
Dalton (Cumbria),1957,North West,season,13686
Dalwhinnie,8628,Scotland,season,0
Danby,7915,Yorkshire and The Humber,season,1600
Danescourt,3797,Wales,season,14314
Danzey,4519,West Midlands,season,140
Darlington,7877,North East,season,130196
Darnall,6729,Yorkshire and The Humber,season,1776
Darsham,7211,East of England,season,2694
Dartford,5101,South East,season,549680
Darton,8420,Yorkshire and The Humber,season,32174
Darwen,2576,North West,season,50772
Datchet,5668,South East,season,25500
Davenport,2770,North West,season,63080
Dawlish,3408,South West,season,83278
Dawlish Warren,3409,South West,season,8924
Deal,5011,South East,season,94718
Dean (Wilts),5942,South West,season,6364
Deansgate,2963,North West,season,156804
Deganwy,2480,Wales,season,1640
Deighton,8441,Yorkshire and The Humber,season,14362
Delamere,2306,North West,season,3908
Denby Dale,8432,Yorkshire and The Humber,season,14810
Denham,3052,South East,season,48258
Denham Golf Club,3060,South East,season,5186
Denmark Hill,5421,London,season,1053950
Dent,2103,North West,season,0
Denton,2855,North West,season,0
Deptford,5145,London,season,358076
Derby,1823,East Midlands,season,197220
Derby Road (Ipswich),7212,East of England,season,9610
Devonport,3579,South West,season,13832
Dewsbury,8326,Yorkshire and The Humber,season,178822
Didcot Parkway,3030,South East,season,579326
Digby and Sowton,5753,South West,season,600836
Dilton Marsh,5502,South West,season,4948
Dinas (Rhondda),3901,Wales,season,6546
Dinas Powys,3830,Wales,season,10592
Dingle Road,3861,Wales,season,24784
Dingwall,8632,Scotland,season,5580
Dinsdale,7897,North East,season,18216
Dinting,2893,East Midlands,season,22020
Disley,2765,North West,season,24970
Diss,7348,East of England,season,74656
Dockyard (Devonport),3588,South West,season,3060
Dodworth,6781,Yorkshire and The Humber,season,5362
Dolau,4188,Wales,season,0
Doleham,5036,South East,season,1280
Dolgarrog,2538,Wales,season,20
Dolwyddelan,2452,Wales,season,92
Doncaster,6417,Yorkshire and The Humber,season,346140
Dorchester South,5961,South West,season,14320
Dorchester West,5962,South West,season,2974
Dore and Totley,6690,Yorkshire and The Humber,season,14396
Dorking (Deepdene),5412,South East,season,76848
Dorking (Main),5357,South East,season,126752
Dorking West,5297,South East,season,6098
Dormans,5413,South East,season,43544
Dorridge,4525,West Midlands,season,223052
Dove Holes,2766,East Midlands,season,936
Dover Priory,5033,South East,season,164164
Dovercourt,6901,East of England,season,51434
Dovey Junction,4436,Wales,season,0
Downham Market,7055,East of England,season,78894
Drayton Green,3099,London,season,1524
Drayton Park,6000,London,season,61260
Drem,9317,Scotland,season,7198
Driffield,8057,Yorkshire and The Humber,season,40118
Drigg,1994,North West,season,1446
Droitwich Spa,4878,West Midlands,season,125482
Dronfield,6616,East Midlands,season,24828
Drumchapel,9994,Scotland,season,36726
Drumfrochar,9967,Scotland,season,8216
Drumgelloch,9757,Scotland,season,42596
Drumry,9993,Scotland,season,31392
Duddeston,1040,West Midlands,season,76872
Dudley Port,1212,West Midlands,season,96086
Duffield,1691,East Midlands,season,5118
Duirinish,8681,Scotland,season,0
Duke Street,9906,Scotland,season,23720
Dullingham,7027,East of England,season,9916
Dumbarton Central,9866,Scotland,season,61276
Dumbarton East,9868,Scotland,season,40548
Dumbreck,9622,Scotland,season,16676
Dumfries,9490,Scotland,season,2634
Dumpton Park,5034,South East,season,11716
Dunbar,9397,Scotland,season,18164
Dunblane,8713,Scotland,season,21258
Duncraig,8682,Scotland,season,0
Dundee,9039,Scotland,season,66634
Dunfermline City,9186,Scotland,season,33882
Dunfermline Queen Margaret,9187,Scotland,season,12810
Dunkeld and Birnam,8763,Scotland,season,562
Dunlop,9492,Scotland,season,8022
Dunrobin Castle,8642,Scotland,season,0
Dunston,7744,North East,season,13550
Dunton Green,5102,South East,season,41406
Durham,7745,North East,season,108582
Durrington-On-Sea,5282,South East,season,98224
Dyce,8905,Scotland,season,30504
Dyffryn Ardudwy,4455,Wales,season,2130
Eaglescliffe,7916,North East,season,14516
Ealing Broadway,3190,London,season,2049844
Earlestown,2292,North West,season,48658
Earley,5694,South East,season,69564
Earlsfield,5584,London,season,989668
Earlswood (Surrey),5414,South East,season,72842
Earlswood (West Midlands),4520,West Midlands,season,6754
East Croydon,5355,London,season,3319990
East Didsbury,2949,North West,season,33218
East Dulwich,5358,London,season,210456
East Farleigh,5234,South East,season,9094
East Garforth,8472,Yorkshire and The Humber,season,40020
East Grinstead,5486,South East,season,311896
East Kilbride,9793,Scotland,season,61832
East Linton,365,Scotland,season,1030
East Malling,5134,South East,season,22354
East Midlands Parkway,1901,East Midlands,season,14946
East Tilbury,7471,East of England,season,69316
East Worthing,5283,South East,season,221828
Eastbourne,5448,South East,season,1069244
Eastbrook,3795,Wales,season,25144
Easterhouse,9894,Scotland,season,45072
Eastham Rake,2128,North West,season,50510
Eastleigh,5899,South East,season,202960
Eastrington,8114,Yorkshire and The Humber,season,0
Ebbsfleet International,5566,South East,season,277240
Ebbw Vale Parkway,9915,Wales,season,4966
Ebbw Vale Town,3628,Wales,season,39606
Eccles (Manchester),2950,North West,season,28984
Eccles Road,7370,East of England,season,742
Eccleston Park,2227,North West,season,13276
Edale,2824,East Midlands,season,1092
Eden Park,5056,London,season,46982
Edenbridge (Kent),5473,South East,season,69142
Edenbridge Town,5359,South East,season,126582
Edge Hill,2169,North West,season,40160
Edinburgh,9328,Scotland,season,802978
Edinburgh Gateway,6545,Scotland,season,25704
Edinburgh Park,9395,Scotland,season,35760
Edmonton Green,6941,London,season,502724
Effingham Junction,5642,South East,season,33262
Eggesford,5822,South West,season,18822
Egham,5669,South East,season,197888
Egton,7918,Yorkshire and The Humber,season,4306
Elephant and Castle,5246,London,season,443386
Elgin,8977,Scotland,season,9260
Ellesmere Port,2121,North West,season,69844
Elmers End,5049,London,season,127882
Elmstead Woods,5135,London,season,151406
Elmswell,7349,East of England,season,18288
Elsecar,6667,Yorkshire and The Humber,season,34018
Elsenham (Essex),6832,East of England,season,79782
Elstree and Borehamwood,1542,East of England,season,430622
Eltham,5103,London,season,270288
Elton and Orston,6238,East Midlands,season,0
Ely,7068,East of England,season,382510
Emerson Park,7473,London,season,23218
Emsworth,5257,South East,season,67656
Energlyn and Churchill Park,375,Wales,season,21198
Enfield Chase,6010,London,season,131938
Enfield Lock,6815,London,season,108318
Enfield Town,6959,London,season,214992
Entwistle,2747,North West,season,1864
Epsom (Surrey),5360,South East,season,395664
Epsom Downs,5361,South East,season,16920
Erdington,1041,West Midlands,season,136792
Eridge,5459,South East,season,20778
Erith,5104,London,season,126460
Esher,5558,South East,season,205376
Eskbank,3776,Scotland,season,10870
Essex Road,6004,London,season,78874
Etchingham,5217,South East,season,53826
Euxton Balshaw Lane,2080,North West,season,4822
Evesham,4740,West Midlands,season,25650
Ewell East,5415,South East,season,58856
Ewell West,5586,South East,season,111228
Exeter Central,5755,South West,season,465728
Exeter St David's,3410,South West,season,167134
Exeter St Thomas,3414,South West,season,126522
Exhibition Centre (Glasgow),9914,Scotland,season,238100
Exmouth,5756,South West,season,86538
Exton,5760,South West,season,978
Eynsford,5065,South East,season,38432
Fairbourne,4416,Wales,season,4484
Fairfield,2780,North West,season,6960
Fairlie,9452,Scotland,season,2702
Fairwater,3873,Wales,season,36578
Falconwood,5137,London,season,122564
Falkirk Grahamston,9930,Scotland,season,52206
Falkirk High,9931,Scotland,season,65974
Falls Of Cruachan,8726,Scotland,season,0
Falmer,5337,South East,season,137410
Falmouth Docks,3508,South West,season,21306
Falmouth Town,3591,South West,season,23272
Fareham,5900,South East,season,221134
Farnborough (Main),5521,South East,season,415062
Farnborough North,5688,South East,season,89742
Farncombe,5643,South East,season,123650
Farnham,5545,South East,season,229960
Farningham Road,5105,South East,season,30332
Farnworth,2811,North West,season,6592
Farringdon,577,London,season,5099658
Fauldhouse,9245,Scotland,season,2402
Faversham,5167,South East,season,505046
Faygate,5493,South East,season,2968
Fazakerley,2126,North West,season,270094
Fearn,8637,Scotland,season,392
Featherstone,8544,Yorkshire and The Humber,season,10622
Felixstowe,7214,East of England,season,25634
Feltham,5559,London,season,627218
Feniton,5808,South West,season,9388
Fenny Stratford,1377,South East,season,3880
Fernhill,3862,Wales,season,2572
Ferriby,8061,Yorkshire and The Humber,season,3660
Ferryside,4074,Wales,season,658
Ffairfach,4066,Wales,season,0
Filey,8062,Yorkshire and The Humber,season,6304
Filton Abbey Wood,3235,South West,season,45652
Finchley Road and Frognal,1445,London,season,340950
Finsbury Park,6119,London,season,1255172
Finstock,3012,South East,season,40
Fishbourne (Sussex),5261,South East,season,13526
Fishersgate,5284,South East,season,15798
Fishguard and Goodwick,6680,Wales,season,42
Fishguard Harbour,4076,Wales,season,0
Fiskerton,6351,East Midlands,season,3024
Fitzwilliam,8583,Yorkshire and The Humber,season,63844
Five Ways,4503,West Midlands,season,368604
Fleet,5522,South East,season,272114
Flimby,2026,North West,season,3630
Flint,2513,Wales,season,20558
Flitwick,1532,East of England,season,291376
Flixton,2935,North West,season,24864
Flowery Field,2786,North West,season,53746
Folkestone Central,5035,South East,season,180116
Folkestone West,5027,South East,season,213778
Ford,5258,South East,season,19224
Forest Gate,6876,London,season,949992
Forest Hill,5362,London,season,476352
Formby,2354,North West,season,217556
Forres,8638,Scotland,season,3844
Forsinard,8639,Scotland,season,0
Fort Matilda,9675,Scotland,season,14432
Fort William,8827,Scotland,season,32
Four Oaks,1042,West Midlands,season,219672
Foxfield,2046,North West,season,1612
Foxton,7029,East of England,season,20608
Frant,5218,South East,season,32078
Fratton,5509,South East,season,181762
Freshfield,2355,North West,season,70282
Freshford,3344,South West,season,8652
Frimley,5683,South East,season,27818
Frinton-on-Sea,6854,East of England,season,45788
Frizinghall,8556,Yorkshire and The Humber,season,211068
Frodsham,2284,North West,season,10818
Frome,5707,South West,season,11920
Fulwell,5587,London,season,53222
Furness Vale,2952,East Midlands,season,3486
Furze Platt,3144,South East,season,47552
Gainsborough Central,6465,East Midlands,season,82
Gainsborough Lea Road,6424,East Midlands,season,13898
Galashiels,9329,Scotland,season,9650
Garelochhead,9971,Scotland,season,102
Garforth,8474,Yorkshire and The Humber,season,75894
Gargrave,2654,Yorkshire and The Humber,season,1600
Garrowhill,9904,Scotland,season,59828
Garscadden,9979,Scotland,season,30636
Garsdale,2104,North West,season,0
Garston (Hertfordshire),1559,East of England,season,9598
Garswood,2335,North West,season,32760
Gartcosh,9723,Scotland,season,24702
Garth (Bridgend County),3961,Wales,season,3294
Garth (Powys),4148,Wales,season,0
Garve,8640,Scotland,season,940
Gathurst,2397,North West,season,19202
Gatley,2953,North West,season,60494
Gatwick Airport,5416,South East,season,471908
Georgemas Junction,8641,Scotland,season,0
Gerrards Cross,3051,South East,season,167782
Gidea Park,6877,London,season,192886
Giffnock,9794,Scotland,season,19504
Giggleswick,2655,Yorkshire and The Humber,season,1184
Gilberdyke,8117,Yorkshire and The Humber,season,8886
Gilfach Fargoed,4022,Wales,season,828
Gillingham (Dorset),5796,South West,season,39614
Gillingham (Kent),5169,South East,season,667170
Gilshochill,9956,Scotland,season,8426
Gipsy Hill,5363,London,season,241680
Girvan,9501,Scotland,season,3760
Glaisdale,7921,Yorkshire and The Humber,season,14192
Glan Conwy,2454,Wales,season,648
Glasgow Central,9813,Scotland,season,2678764
Glasgow Queen Street,9950,Scotland,season,1129984
Glasshoughton,8360,Yorkshire and The Humber,season,13994
Glazebrook,2301,North West,season,2758
Gleneagles,8715,Scotland,season,2514
Glenfinnan,8828,Scotland,season,0
Glengarnock,9503,Scotland,season,43024
Glenrothes with Thornton,9301,Scotland,season,1698
Glossop,2895,East Midlands,season,225620
Gloucester,4760,South West,season,66624
Glynde,5338,South East,season,7434
Gobowen,4457,West Midlands,season,14710
Godalming,5629,South East,season,318344
Godley,2948,North West,season,14574
Godstone,5474,South East,season,17572
Goldthorpe,8284,Yorkshire and The Humber,season,19724
Golf Street,9096,Scotland,season,204
Golspie,8643,Scotland,season,94
Gomshall,5298,South East,season,5952
Goodmayes,6878,London,season,822378
Goole,8025,Yorkshire and The Humber,season,32596
Goostrey,1220,North West,season,3190
Gordon Hill,6028,London,season,136698
Gorebridge,6391,Scotland,season,4338
Goring and Streatley,3033,South East,season,53746
Goring-By-Sea,5272,South East,season,168438
Gorton,2962,North West,season,15816
Gospel Oak,1409,London,season,302088
Gourock,9635,Scotland,season,30204
Gowerton,4131,Wales,season,21526
Goxhill,6206,Yorkshire and The Humber,season,170
Grange Park,6029,London,season,36130
Grange-Over-Sands,1965,North West,season,17162
Grangetown (Cardiff),3839,Wales,season,40170
Grantham,6469,East Midlands,season,162388
Grateley,5514,South East,season,52864
Gravelly Hill,1132,West Midlands,season,136298
Gravesend,5172,South East,season,624970
Grays,7443,East of England,season,664536
Great Ayton,7922,Yorkshire and The Humber,season,24
Great Bentley,6855,East of England,season,32772
Great Chesterford,7032,East of England,season,27292
Great Coates,6275,Yorkshire and The Humber,season,324
Great Malvern,4892,West Midlands,season,105110
Great Missenden,1463,South East,season,64746
Great Yarmouth,7328,East of England,season,7144
Green Lane,2218,North West,season,50734
Green Road,1996,North West,season,1752
Greenbank,2325,North West,season,70186
Greenfaulds,9725,Scotland,season,15702
Greenfield,2900,North West,season,64122
Greenford,3136,London,season,10966
Greenhithe for Bluewater,5138,South East,season,251124
Greenock Central,9681,Scotland,season,29328
Greenock West,9682,Scotland,season,51728
Greenwich,5146,London,season,388456
Gretna Green,9610,Scotland,season,602
Grimsby Docks,6276,Yorkshire and The Humber,season,870
Grimsby Town,6280,Yorkshire and The Humber,season,8568
Grindleford,2825,East Midlands,season,3846
Grosmont,8155,Yorkshire and The Humber,season,3638
Grove Park,5139,London,season,483918
Guide Bridge,2955,North West,season,74642
Guildford,5631,South East,season,887216
Guiseley,8567,Yorkshire and The Humber,season,279438
Gunnersbury,5588,London,season,306658
Gunnislake,3563,South West,season,7722
Gunton,7299,East of England,season,2182
Gwersyllt,4300,Wales,season,4288
Gypsy Lane,7930,North East,season,2830
Habrough,6281,Yorkshire and The Humber,season,5962
Hackbridge,5364,London,season,182604
Hackney Central,6977,London,season,610592
Hackney Downs,6867,London,season,304542
Hackney Wick,6978,London,season,375376
Haddenham and Thame Parkway,3053,South East,season,188636
Haddiscoe,7300,East of England,season,1710
Hadfield,2896,East Midlands,season,78792
Hadley Wood,6075,London,season,30446
Hag Fold,2585,North West,season,13306
Haggerston,1022,London,season,299066
Hagley,4577,West Midlands,season,364682
Hairmyres,9810,Scotland,season,45934
Hale (Manchester),2845,North West,season,29906
Halesworth,7266,East of England,season,13400
Halewood,2295,North West,season,8614
Halifax,8411,Yorkshire and The Humber,season,193134
Hall Green,4521,West Midlands,season,106158
Hall Road,2229,North West,season,34836
Halling,5173,South East,season,43874
Hall-I'-Th'-Wood,2572,North West,season,45068
Haltwhistle,7568,North East,season,6690
Ham Street,5037,South East,season,21210
Hamble,5947,South East,season,27176
Hamilton Central,9726,Scotland,season,92778
Hamilton West,9727,Scotland,season,89048
Hammerton,8241,Yorkshire and The Humber,season,10372
Hampden Park (Sussex),5450,South East,season,260170
Hampstead Heath,1413,London,season,422642
Hampton (London),5560,London,season,114398
Hampton Court,5561,South East,season,131308
Hampton Wick,5589,London,season,77482
Hampton-In-Arden,1033,West Midlands,season,55738
Hamstead (Birmingham),1145,West Midlands,season,58064
Hamworthy,5940,South West,season,9096
Hanborough,3007,South East,season,56786
Handforth,2767,North West,season,85788
Hanwell,3191,London,season,139922
Hapton,2557,North West,season,1790
Harlech,4458,Wales,season,84140
Harlesden,1521,London,season,275850
Harling Road,7374,East of England,season,638
Harlington (Bedfordshire),1533,East of England,season,63136
Harlow Mill,6804,East of England,season,52276
Harlow Town,6827,East of England,season,330674
Harold Wood,6879,London,season,379346
Harpenden,1543,East of England,season,411170
Harrietsham,5140,South East,season,41644
Harringay,6012,London,season,134640
Harringay Green Lanes,7401,London,season,318002
Harrington,2027,North West,season,7144
Harrogate,8213,Yorkshire and The Humber,season,141980
Harrow and Wealdstone,1397,London,season,469254
Harrow-On-The-Hill,598,London,season,105836
Hartford (Cheshire),2230,North West,season,13032
Hartlebury,4579,West Midlands,season,29400
Hartlepool,8009,North East,season,59354
Hartwood,9246,Scotland,season,2136
Harwich International,6902,East of England,season,25622
Harwich Town,6905,East of England,season,36530
Haslemere,5633,South East,season,432406
Hassocks,5489,South East,season,302060
Hastings,5219,South East,season,548846
Hatch End,1398,London,season,22874
Hatfield (Herts),6070,East of England,season,190060
Hatfield and Stainforth,6528,Yorkshire and The Humber,season,12518
Hatfield Peverel,6845,East of England,season,141288
Hathersage,2826,East Midlands,season,2164
Hattersley,2604,North West,season,20690
Hatton,4594,West Midlands,season,10590
Havant,5532,South East,season,291352
Havenhouse,6260,East Midlands,season,0
Haverfordwest,4079,Wales,season,156
Hawarden,2428,Wales,season,1604
Hawarden Bridge,2146,Wales,season,902
Hawkhead,9634,Scotland,season,32596
Haydon Bridge,7569,North East,season,3026
Haydons Road,5289,London,season,54864
Hayes (Kent),5050,London,season,103024
Hayes and Harlington,3186,London,season,1050774
Hayle,3513,South West,season,17414
Haymarket,9419,Scotland,season,162402
Haywards Heath,5490,South East,season,961846
Hazel Grove,2768,North West,season,72870
Headbolt Lane,425,North West,season,236712
Headcorn,5220,South East,season,154736
Headingley,8498,Yorkshire and The Humber,season,51794
Headstone Lane,1434,London,season,44378
Heald Green,2860,North West,season,60016
Healing,6283,Yorkshire and The Humber,season,106
Heath High Level,3845,Wales,season,80778
Heath Low Level,3908,Wales,season,10730
Heathrow Terminal 4 (Rail Station Only),7091,London,season,68288
Heathrow Terminal 5 (Rail Station Only),9846,London,season,156088
Heathrow Terminals 2 and 3 (Rail Station Only),7090,London,season,263400
Heaton Chapel,2861,North West,season,136040
Hebden Bridge,8524,Yorkshire and The Humber,season,92450
Heckington,6220,East Midlands,season,2784
Hedge End,5893,South East,season,72916
Hednesford,1148,West Midlands,season,41396
Heighington,7887,North East,season,18230
Helensburgh Central,9981,Scotland,season,69096
Helensburgh Upper,9982,Scotland,season,1288
Hellifield,2656,Yorkshire and The Humber,season,358
Helmsdale,8647,Scotland,season,84
Helsby,2149,North West,season,4646
Hemel Hempstead,1391,East of England,season,182586
Hendon,1522,London,season,236034
Hengoed,4028,Wales,season,24082
Henley-In-Arden,4524,West Midlands,season,30262
Henley-On-Thames,3146,South East,season,144092
Hensall,8129,Yorkshire and The Humber,season,0
Hereford,3607,West Midlands,season,312824
Herne Bay,5174,South East,season,324294
Herne Hill,5066,London,season,380644
Hersham,5590,South East,season,186464
Hertford East,6818,East of England,season,123914
Hertford North,6085,East of England,season,118738
Hessle,8067,Yorkshire and The Humber,season,8072
Heswall,2138,North West,season,12368
Hever,5417,South East,season,8968
Heworth,7766,North East,season,7408
Hexham,7506,North East,season,27490
Heyford,3194,South East,season,9214
Heysham Port,2691,North West,season,0
High Brooms,5235,South East,season,256950
High Street (Glasgow),9909,Scotland,season,95626
High Wycombe,3054,South East,season,317368
Higham,5202,South East,season,41636
Highams Park,6919,London,season,222298
Highbridge and Burnham,3314,South West,season,17274
Highbury and Islington,6009,London,season,2719840
Hightown,2356,North West,season,33680
Hildenborough,5236,South East,season,103096
Hillfoot,9983,Scotland,season,22312
Hillington East,9676,Scotland,season,52082
Hillington West,9630,Scotland,season,64094
Hillside,2231,North West,season,82884
Hilsea,5539,South East,season,58490
Hinchley Wood,5591,South East,season,74042
Hinckley (Leics),1870,East Midlands,season,34032
Hindley,2398,North West,season,47062
Hinton Admiral,5880,South East,season,13788
Hitchin,6086,East of England,season,487534
Hither Green,5107,London,season,511084
Hockley,6880,East of England,season,242948
Hollingbourne,5141,South East,season,23214
Holmes Chapel,1221,North West,season,32618
Holmwood,5308,South East,season,9706
Holton Heath,5941,South West,season,9952
Holyhead,2437,Wales,season,15690
Holytown,9738,Scotland,season,22282
Homerton,6979,London,season,560058
Honeybourne,4794,West Midlands,season,7054
Honiton,5717,South West,season,66034
Honley,8436,Yorkshire and The Humber,season,12152
Honor Oak Park,5418,London,season,213188
Hook,5523,South East,season,109206
Hooton,2193,North West,season,141646
Hope (Derbyshire),2828,East Midlands,season,5246
Hope (Flintshire),2432,Wales,season,4278
Hopton Heath,4189,West Midlands,season,490
Horden,6604,North East,season,8468
Horley,5365,South East,season,182770
Hornbeam Park,8212,Yorkshire and The Humber,season,142236
Hornsey,6015,London,season,233296
Horsforth,8499,Yorkshire and The Humber,season,149976
Horsham,5309,South East,season,552536
Horsley,5562,South East,season,72534
Horton-In-Ribblesdale,2105,Yorkshire and The Humber,season,0
Horwich Parkway,8720,North West,season,98534
Hoscar,2399,North West,season,50
Hough Green,2303,North West,season,35800
Hounslow,5563,London,season,147794
Hove,5273,South East,season,303222
Hoveton and Wroxham,7327,East of England,season,9716
How Wood (Hertfordshire),1563,East of England,season,1984
Howden,8071,Yorkshire and The Humber,season,8512
Howwood (Renfrewshire),1734,Scotland,season,11682
Hoxton,1023,London,season,360694
Hoylake,2194,North West,season,61158
Hubberts Bridge,6221,East Midlands,season,0
Hucknall,1862,East Midlands,season,26908
Huddersfield,8437,Yorkshire and The Humber,season,496832
Hull,8126,Yorkshire and The Humber,season,167812
Humphrey Park,2937,North West,season,7180
Huncoat,2558,North West,season,6490
Hungerford,3072,South East,season,57602
Hunmanby,8098,Yorkshire and The Humber,season,5102
Huntingdon,6108,East of England,season,197362
Huntly,8921,Scotland,season,4562
Hunts Cross,2235,North West,season,215718
Hurst Green,5463,South East,season,206864
Hutton Cranswick,8099,Yorkshire and The Humber,season,8172
Huyton,2160,North West,season,136224
Hyde Central,2829,North West,season,18012
Hyde North,2959,North West,season,14018
Hykeham,6310,East Midlands,season,47840
Hyndland,9845,Scotland,season,166676
Hythe (Essex),6851,East of England,season,48858
Ifield,5495,South East,season,62122
Ilford,6881,London,season,1656226
Ilkeston,7783,East Midlands,season,13566
Ilkley,8568,Yorkshire and The Humber,season,523024
Imperial Wharf,9586,London,season,518324
Ince (Manchester),2236,North West,season,1470
Ince and Elton (Cheshire),2122,North West,season,0
Ingatestone,6882,East of England,season,341494
Insch,8922,Scotland,season,6320
Invergordon,8648,Scotland,season,2022
Invergowrie,8778,Scotland,season,4154
Inverkeithing,9136,Scotland,season,53878
Inverkip,9646,Scotland,season,11012
Inverness,8649,Scotland,season,22704
Inverness Airport,455,Scotland,season,2806
Invershin,8614,Scotland,season,0
Inverurie,8924,Scotland,season,40152
Ipswich,7217,East of England,season,483544
Irlam,2817,North West,season,55876
Irvine,9508,Scotland,season,66550
Isleworth,5592,London,season,242704
Islip,3110,South East,season,8130
Iver,3170,South East,season,75192
Ivybridge,3555,South West,season,19866
James Cook University Hospital,9507,North East,season,5810
Jewellery Quarter,1097,West Midlands,season,118254
Johnston (Pembs),4081,Wales,season,32
Johnstone (Renfrewshire),9648,Scotland,season,147278
Jordanhill,9995,Scotland,season,24588
Kearsley (Manchester),2605,North West,season,7230
Kearsney (Kent),5038,South East,season,6782
Keighley,8468,Yorkshire and The Humber,season,326944
Keith,8925,Scotland,season,1974
Kelvedon,6838,East of England,season,224860
Kelvindale,1655,Scotland,season,11956
Kemble,3325,South West,season,41352
Kempston Hardwick,1384,East of England,season,1626
Kempton Park Racecourse,5678,South East,season,1910
Kemsing,5079,South East,season,5122
Kemsley,5205,South East,season,66382
Kendal,1976,North West,season,32686
Kenilworth,7985,West Midlands,season,11756
Kenley,5419,London,season,41324
Kennett,7011,East of England,season,9030
Kennishead,9816,Scotland,season,26052
Kensal Green,1447,London,season,111316
Kensal Rise,1448,London,season,449222
Kensington Olympia,3092,London,season,427014
Kent House,5080,London,season,118612
Kentish Town,1553,London,season,414436
Kentish Town West,1449,London,season,249406
Kenton,1399,London,season,250486
Kents Bank,1966,North West,season,4100
Kettering,1857,East Midlands,season,220286
Kew Bridge,5593,London,season,206192
Kew Gardens,5594,London,season,109234
Keyham,3571,South West,season,3216
Keynsham,3237,South West,season,43384
Kidbrooke,5108,London,season,356360
Kidderminster,4581,West Midlands,season,480384
Kidsgrove,1229,West Midlands,season,22408
Kidwelly,4132,Wales,season,5022
Kilburn High Road,1415,London,season,92224
Kildale,7516,Yorkshire and The Humber,season,0
Kildonan,8652,Scotland,season,0
Kilgetty,4083,Wales,season,250
Kilmarnock,9512,Scotland,season,26964
Kilmaurs,9516,Scotland,season,5640
Kilpatrick,9960,Scotland,season,7262
Kilwinning,9517,Scotland,season,92848
Kinbrace,8653,Scotland,season,0
Kingham,3008,South East,season,9428
Kinghorn,9142,Scotland,season,5728
Kings Langley,1392,East of England,season,70282
Kings Lynn,7115,East of England,season,66846
Kings Norton,1109,West Midlands,season,264008
Kings Nympton,5823,South West,season,3528
Kings Park,9817,Scotland,season,28298
Kings Sutton,4508,East Midlands,season,7134
Kingsknowe,9217,Scotland,season,1206
Kingston,5565,London,season,454726
Kingswood,5366,South East,season,23944
Kingussie,8655,Scotland,season,1304
Kintbury,3073,South East,season,13824
Kintore,6597,Scotland,season,9112
Kirby Cross,6862,East of England,season,16634
Kirk Sandall,6527,Yorkshire and The Humber,season,23356
Kirkby (Merseyside),2124,North West,season,305998
Kirkby Stephen,2057,North West,season,84
Kirkby-in-Ashfield,1867,East Midlands,season,21070
Kirkby-In-Furness,1959,North West,season,2682
Kirkcaldy,9145,Scotland,season,50172
Kirkconnel,9518,Scotland,season,1058
Kirkdale,2245,North West,season,191456
Kirkham and Wesham,2668,North West,season,41988
Kirkhill,9771,Scotland,season,5618
Kirknewton,9230,Scotland,season,4678
Kirkstall Forge,6544,Yorkshire and The Humber,season,74252
Kirkwood,9766,Scotland,season,18006
Kirton Lindsey,6466,Yorkshire and The Humber,season,0
Kiveton Bridge,6401,Yorkshire and The Humber,season,7614
Kiveton Park,6565,Yorkshire and The Humber,season,5550
Knaresborough,8214,Yorkshire and The Humber,season,68430
Knebworth,6088,East of England,season,70420
Knighton,4206,West Midlands,season,500
Knockholt,5109,London,season,25418
Knottingley,8546,Yorkshire and The Humber,season,30728
Knucklas,4228,Wales,season,0
Knutsford,2848,North West,season,99548
Kyle Of Lochalsh,8657,Scotland,season,236
Ladybank,9149,Scotland,season,3678
Ladywell,5057,London,season,210100
Laindon,7445,East of England,season,362804
Lairg,8658,Scotland,season,0
Lake,5504,South East,season,1238
Lakenheath,7201,East of England,season,8
Lamphey,4084,Wales,season,0
Lanark,9710,Scotland,season,25522
Lancaster,2685,North West,season,231470
Lancing,5275,South East,season,197164
Landywood,1017,West Midlands,season,33942
Langbank,9652,Scotland,season,9244
Langho,2735,North West,season,6526
Langley (Berks),3171,South East,season,192350
Langley Green,4607,West Midlands,season,49708
Langley Mill,1761,East Midlands,season,7368
Langside,9818,Scotland,season,34256
Langwathby,2058,North West,season,322
Langwith-Whaley Thorns,1871,East Midlands,season,1314
Lapford,5824,South West,season,3198
Lapworth,4595,West Midlands,season,9962
Larbert,9876,Scotland,season,62640
Largs,9521,Scotland,season,15302
Larkhall,9728,Scotland,season,29942
Laurencekirk,8931,Scotland,season,10582
Lawrence Hill,3225,South West,season,39670
Layton (Lancs),2669,North West,season,8462
Lazonby and Kirkoswald,2059,North West,season,2790
Lea Bridge,6927,London,season,135284
Lea Green,2339,North West,season,46298
Lea Hall,1133,West Midlands,season,120486
Leagrave,1534,East of England,season,296260
Lealholm,7925,Yorkshire and The Humber,season,3264
Leamington Spa,4597,West Midlands,season,302828
Leasowe,2237,North West,season,80298
Leatherhead,5368,South East,season,304742
Ledbury,4784,West Midlands,season,29072
Lee (London),5110,London,season,304776
Leeds,8487,Yorkshire and The Humber,season,3092466
Leicester,1947,East Midlands,season,435476
Leigh (Kent),5294,South East,season,15966
Leigh-On-Sea,7446,East of England,season,246070
Leighton Buzzard,1373,East of England,season,376080
Lelant,3539,South West,season,0
Lelant Saltings,3498,South West,season,0
Lenham,5111,South East,season,56976
Lenzie,9955,Scotland,season,79312
Leominster,3620,West Midlands,season,46214
Letchworth Garden City,6089,East of England,season,284408
Leuchars (For St. Andrews),9188,Scotland,season,7136
Leven,442,Scotland,season,4780
Levenshulme,2862,North West,season,90252
Lewes,5329,South East,season,610334
Lewisham,5051,London,season,1674190
Leyland,2710,North West,season,41638
Leyton Midland Road,7402,London,season,283568
Leytonstone High Road,7403,London,season,206306
Lichfield City,1177,West Midlands,season,206654
Lichfield Trent Valley,1291,West Midlands,season,273340
Lidlington,1579,East of England,season,4180
Limehouse,7491,London,season,442090
Lincoln,6340,East Midlands,season,149538
Lingfield,5369,South East,season,162220
Lingwood,7305,East of England,season,8976
Linlithgow,9438,Scotland,season,62582
Liphook,5634,South East,season,282486
Liskeard,3573,South West,season,51852
Liss,5635,South East,season,132024
Lisvane and Thornhill,3853,Wales,season,39930
Little Kimble,3066,South East,season,1412
Little Sutton,2156,North West,season,17296
Littleborough,2661,North West,season,92992
Littlehampton,5260,South East,season,234994
Littlehaven,5498,South East,season,53072
Littleport,7072,East of England,season,62474
Liverpool Central,2242,North West,season,1869788
Liverpool James Street,2244,North West,season,393640
Liverpool Lime Street,2246,North West,season,1820584
Liverpool South Parkway,9709,North West,season,316352
Livingston North,9371,Scotland,season,74144
Livingston South,9372,Scotland,season,27380
Llanaber,4327,Wales,season,20
Llanbedr,4356,Wales,season,1000
Llanbister Road,4226,Wales,season,0
Llanbradach,4018,Wales,season,15418
Llandaf,3844,Wales,season,78026
Llandanwg,4460,Wales,season,218
Llandecwyn,4334,Wales,season,0
Llandeilo,4248,Wales,season,10
Llandovery,4059,Wales,season,0
Llandrindod,4227,Wales,season,40
Llandudno,2484,Wales,season,23606
Llandudno Junction,2485,Wales,season,23100
Llandybie,4247,Wales,season,122
Llanelli,4133,Wales,season,39022
Llanfairfechan,2488,Wales,season,1276
Llanfairpwll,2467,Wales,season,3006
Llangadog,4060,Wales,season,0
Llangammarch,4162,Wales,season,0
Llangennech,4138,Wales,season,20
Llangynllo,4207,Wales,season,0
Llanharan,9925,Wales,season,20106
Llanhilleth,9916,Wales,season,12310
Llanishen,3847,Wales,season,44146
Llanrwst,2457,Wales,season,0
Llansamlet,4223,Wales,season,2852
Llantwit Major,9699,Wales,season,55784
Llanwrda,4061,Wales,season,0
Llanwrtyd,4163,Wales,season,0
Llwyngwril,4421,Wales,season,15832
Llwynypia,3852,Wales,season,9808
Loch Awe,8712,Scotland,season,1134
Loch Eil Outward Bound,8846,Scotland,season,0
Lochailort,8829,Scotland,season,0
Locheilside,8830,Scotland,season,0
Lochgelly,9156,Scotland,season,3208
Lochluichart,8660,Scotland,season,0
Lochwinnoch,9655,Scotland,season,19446
Lockerbie,9614,Scotland,season,2844
Lockwood,8443,Yorkshire and The Humber,season,11524
London Blackfriars,5112,London,season,1917748
London Bridge,5148,London,season,9368058
London Cannon Street,5142,London,season,1490542
London Charing Cross,5143,London,season,3004562
London Euston,1444,London,season,2482756
London Fenchurch Street,7490,London,season,1803446
London Fields,6966,London,season,166260
London Kings Cross,6121,London,season,1545250
London Liverpool Street,6965,London,season,12690708
London Marylebone,1475,London,season,1550688
London Paddington,3087,London,season,6138874
London Road (Brighton),5281,South East,season,35984
London Road (Guildford),5632,South East,season,120972
London St Pancras International,1555,London,season,5795608
London Victoria,5426,London,season,8480530
London Waterloo,5598,London,season,10876924
London Waterloo East,5158,London,season,1091492
Long Buckby,1067,East Midlands,season,53400
Long Eaton,1829,East Midlands,season,61332
Long Preston,2657,Yorkshire and The Humber,season,1476
Longbeck,7978,North East,season,6548
Longbridge,1110,West Midlands,season,252280
Longcross,5674,South East,season,7464
Longfield,5114,South East,season,113574
Longniddry,9354,Scotland,season,9320
Longport,1305,West Midlands,season,14370
Longton,1306,West Midlands,season,7754
Looe,3574,South West,season,3718
Lostock,2598,North West,season,58090
Lostock Gralam,2307,North West,season,20672
Lostock Hall,2689,North West,season,4126
Lostwithiel,3517,South West,season,17418
Loughborough,1897,East Midlands,season,153832
Loughborough Junction,5082,London,season,202742
Low Moor,8416,Yorkshire and The Humber,season,39434
Lowdham,6202,East Midlands,season,5826
Lower Sydenham,5053,London,season,130894
Lowestoft,7268,East of England,season,38952
Ludlow,3635,West Midlands,season,40194
Luton,1536,East of England,season,363026
Luton Airport Parkway,3645,East of England,season,165614
Luxulyan,3518,South West,season,0
Lydney,4826,South West,season,14492
Lye (West Midlands),4640,West Midlands,season,27488
Lymington Pier,5892,South East,season,13012
Lymington Town,5887,South East,season,27506
Lympstone Commando,5762,South West,season,20
Lympstone Village,5761,South West,season,6300
Lytham,2670,North West,season,5664
Macclesfield,2871,North West,season,81664
Machynlleth,4422,Wales,season,850
Maesteg,3963,Wales,season,30010
Maesteg (Ewenny Road),3962,Wales,season,2422
Maghull,2155,North West,season,183746
Maghull North,6576,North West,season,88970
Maiden Newton,5853,South West,season,222
Maidenhead,3147,South East,season,721154
Maidstone Barracks,5237,South East,season,75598
Maidstone East,5115,South East,season,474878
Maidstone West,5222,South East,season,154340
Malden Manor,5599,London,season,88242
Mallaig,8831,Scotland,season,0
Malton,8164,Yorkshire and The Humber,season,41262
Malvern Link,4884,West Midlands,season,75982
Manchester Airport,2961,North West,season,161650
Manchester Oxford Road,2966,North West,season,582994
Manchester Piccadilly,2968,North West,season,2498970
Manchester Victoria,2970,North West,season,764102
Manea,7165,East of England,season,4604
Manningtree,6856,East of England,season,240426
Manor Park,6883,London,season,772842
Manor Road,2253,North West,season,27766
Manorbier,4094,Wales,season,0
Manors,7603,North East,season,1770
Mansfield,1727,East Midlands,season,23796
Mansfield Woodhouse,1728,East Midlands,season,15158
March,7166,East of England,season,63114
Marden (Kent),5223,South East,season,142248
Margate,5018,South East,season,162028
Market Harborough,1909,East Midlands,season,171658
Market Rasen,6318,East Midlands,season,2946
Markinch,9160,Scotland,season,6554
Marks Tey,6863,East of England,season,155444
Marlow,3021,South East,season,62134
Marple,2830,North West,season,89544
Marsden (Yorks),8445,Yorkshire and The Humber,season,28780
Marsh Barton,7779,South West,season,10858
Marske,7928,North East,season,8634
Marston Green,1034,West Midlands,season,165192
Martin Mill,5040,South East,season,22422
Martins Heron,5692,South East,season,62788
Marton,7947,North East,season,2414
Maryhill,9957,Scotland,season,15604
Maryland,6970,London,season,611484
Maryport,1988,North West,season,11222
Matlock,1581,East Midlands,season,7462
Matlock Bath,1582,East Midlands,season,1360
Mauldeth Road,2867,North West,season,28606
Maxwell Park,9802,Scotland,season,13884
Maybole,9529,Scotland,season,1720
Maze Hill,5149,London,season,167210
Meadowhall,6663,Yorkshire and The Humber,season,187994
Meldreth,7036,East of England,season,60330
Melksham,3346,South West,season,4852
Melton (Suffolk),7221,East of England,season,7776
Melton Mowbray,1851,East Midlands,season,15898
Menheniot,3576,South West,season,1398
Menston,8574,Yorkshire and The Humber,season,224424
Meols,2254,North West,season,40322
Meols Cop,2357,North West,season,11282
Meopham,5116,South East,season,65768
Meridian Water,6599,London,season,44338
Merryton,9705,Scotland,season,9218
Merstham,5475,South East,season,141454
Merthyr Tydfil,3855,Wales,season,82892
Merthyr Vale,3857,Wales,season,17132
Metheringham,6297,East Midlands,season,16922
MetroCentre,7725,North East,season,63054
Mexborough,6707,Yorkshire and The Humber,season,27910
Micheldever,5908,South East,season,31820
Micklefield,8477,Yorkshire and The Humber,season,50818
Middlesbrough,7929,North East,season,149728
Middlewood,2971,North West,season,1972
Midgham,3159,South East,season,7528
Milford (Surrey),5644,South East,season,44396
Milford Haven,4095,Wales,season,470
Mill Hill (Lancs),2750,North West,season,11830
Mill Hill Broadway,1527,London,season,275468
Millbrook (Bedfordshire),1537,East of England,season,962
Millbrook (Hants),5909,South East,season,7076
Milliken Park,9658,Scotland,season,30892
Millom,1997,North West,season,32568
Mills Hill (Manchester),2920,North West,season,45600
Milngavie,9985,Scotland,season,65770
Milton Keynes Central,1378,South East,season,605150
Minffordd,4469,Wales,season,10088
Minster,5019,South East,season,25336
Mirfield,8518,Yorkshire and The Humber,season,55156
Mistley,6906,East of England,season,24072
Mitcham Eastfields,5069,London,season,387602
Mitcham Junction,5427,London,season,93126
Mobberley,2849,North West,season,4858
Monifieth,9060,Scotland,season,780
Monks Risborough,3067,South East,season,9426
Montpelier,3203,South West,season,11124
Montrose,9080,Scotland,season,21598
Moorfields,2226,North West,season,836484
Moorgate,6005,London,season,828646
Moorside,2799,North West,season,5774
Moorthorpe,8539,Yorkshire and The Humber,season,42870
Morar,8833,Scotland,season,0
Morchard Road,5825,South West,season,4068
Morden South,5291,London,season,17646
Morecambe,2695,North West,season,19350
Moreton (Dorset),5957,South West,season,1972
Moreton (Merseyside),2151,North West,season,85316
Moreton-In-Marsh,4814,South West,season,14120
Morfa Mawddach,4470,Wales,season,700
Morley,8504,Yorkshire and The Humber,season,39606
Morpeth,7680,North East,season,25136
Mortimer,5501,South East,season,28574
Mortlake,5600,London,season,212558
Moses Gate,2606,North West,season,7034
Moss Side,2675,North West,season,0
Mossley (Manchester),2903,North West,season,63638
Mossley Hill,2171,North West,season,49528
Mosspark,9632,Scotland,season,14188
Moston,2973,North West,season,14636
Motherwell,9691,Scotland,season,91484
Motspur Park,5645,London,season,136368
Mottingham,5118,London,season,320500
Mottisfont and Dunbridge,5944,South East,season,5516
Mouldsworth,2158,North West,season,2312
Moulsecoomb,5312,South East,season,53382
Mount Florida,9819,Scotland,season,119086
Mount Vernon,9779,Scotland,season,6586
Mountain Ash,3859,Wales,season,23494
Muir Of Ord,8665,Scotland,season,2726
Muirend,9608,Scotland,season,29784
Musselburgh,9304,Scotland,season,30026
Mytholmroyd,8526,Yorkshire and The Humber,season,34940
Nafferton,8107,Yorkshire and The Humber,season,6376
Nailsea and Backwell,3389,South West,season,95924
Nairn,8666,Scotland,season,4988
Nantwich,1247,North West,season,18572
Narberth,4098,Wales,season,26
Narborough,1881,East Midlands,season,55230
Navigation Road,2940,North West,season,19276
Neath,4216,Wales,season,58484
Needham Market,7354,East of England,season,22954
Neilston,9773,Scotland,season,178940
Nelson,2565,North West,season,20156
Neston,2139,North West,season,702
Netherfield,6241,East Midlands,season,2316
Nethertown,2047,North West,season,0
Netley,5911,South East,season,13272
New Barnet,6018,London,season,168372
New Beckenham,5058,London,season,70284
New Brighton,2152,North West,season,158374
New Clee,6289,Yorkshire and The Humber,season,1606
New Cross,5150,London,season,537704
New Cross Gate,5345,London,season,713930
New Cumnock,9533,Scotland,season,1302
New Eltham,5119,London,season,326282
New Holland,6209,Yorkshire and The Humber,season,908
New Hythe,5238,South East,season,69378
New Lane,2358,North West,season,10
New Malden,5567,London,season,523948
New Mills Central,2974,East Midlands,season,54240
New Mills Newtown,2769,East Midlands,season,58652
New Milton,5881,South East,season,54170
New Pudsey,8506,Yorkshire and The Humber,season,118798
New Southgate,6019,London,season,121892
Newark Castle,6498,East Midlands,season,55942
Newark Northgate,6499,East Midlands,season,97566
Newbridge,9919,Wales,season,26170
Newbury,3074,South East,season,251810
Newbury Racecourse,3071,South East,season,10738
Newcastle,7728,North East,season,362992
Newcourt,9589,South West,season,12534
Newcraighall,8808,Scotland,season,7228
Newhaven Harbour,5330,South East,season,9454
Newhaven Town,5331,South East,season,96930
Newington,5175,South East,season,49548
Newmarket,7038,East of England,season,70044
Newport (Essex),7039,East of England,season,80326
Newport (South Wales),3674,Wales,season,201782
Newquay,3523,South West,season,646
Newsham,7668,North East,season,1056
Newstead,1863,East Midlands,season,4654
Newton (Lanark),9774,Scotland,season,92862
Newton Abbot,3426,South West,season,202886
Newton Aycliffe,7834,North East,season,12916
Newton For Hyde,2789,North West,season,33604
Newton St Cyres,5828,South West,season,586
Newtongrange,6929,Scotland,season,7400
Newton-Le-Willows,2257,North West,season,105142
Newtonmore,8668,Scotland,season,20
Newton-On-Ayr,9571,Scotland,season,5788
Newtown (Powys),4426,Wales,season,25986
Ninian Park,3895,Wales,season,36838
Nitshill,9609,Scotland,season,22572
Norbiton,5568,London,season,332406
Norbury,5428,London,season,667610
Normans Bay,5460,South East,season,1730
Normanton,8528,Yorkshire and The Humber,season,36660
North Berwick,9358,Scotland,season,25270
North Camp,5636,South East,season,21482
North Dulwich,5429,London,season,98788
North Fambridge,6875,East of England,season,21880
North Llanrwst,2455,Wales,season,20
North Queensferry,9189,Scotland,season,4812
North Road (Darlington),7895,North East,season,8384
North Sheen,5601,London,season,49240
North Walsham,7308,East of England,season,27904
North Wembley,1422,London,season,160066
Northallerton,7996,Yorkshire and The Humber,season,45724
Northampton,1069,East Midlands,season,354880
Northfield,1111,West Midlands,season,183612
Northfleet,5120,South East,season,47622
Northolt Park,1478,London,season,13970
Northumberland Park,6971,London,season,170474
Northwich,2326,North West,season,24578
Norwich,7309,East of England,season,217492
Norwood Junction,5376,London,season,715786
Nottingham,1826,East Midlands,season,432092
Nuneaton,1077,West Midlands,season,121520
Nunhead,5068,London,season,159614
Nunthorpe,7946,North East,season,2472
Nutbourne,5262,South East,season,26074
Nutfield,5476,South East,season,10582
Oakengates,4689,West Midlands,season,12524
Oakham,1904,East Midlands,season,13462
Oakleigh Park,6020,London,season,99146
Oban,8725,Scotland,season,51468
Ockendon,7451,East of England,season,175420
Ockley,5310,South East,season,3606
Okehampton,5786,South West,season,75478
Old Hill,4641,West Midlands,season,35864
Old Roan,2258,North West,season,134798
Old Street,6003,London,season,548254
Oldfield Park,3219,South West,season,50096
Olton,4533,West Midlands,season,102114
Ore,5021,South East,season,97912
Ormskirk,2281,North West,season,369296
Orpington,5122,London,season,804160
Orrell,2259,North West,season,29930
Orrell Park,2247,North West,season,218932
Otford,5071,South East,season,92680
Oulton Broad North,7273,East of England,season,5500
Oulton Broad South,7274,East of England,season,1998
Outwood,8309,Yorkshire and The Humber,season,63864
Overpool,2157,North West,season,14544
Overton,5526,South East,season,31794
Oxenholme Lake District,2090,North West,season,13124
Oxford,3115,South East,season,652122
Oxford Parkway,3121,South East,season,39434
Oxshott,5602,South East,season,101728
Oxted,5377,South East,season,505056
Paddock Wood,5224,South East,season,323790
Padgate,2387,North West,season,12984
Paignton,3427,South West,season,82846
Paisley Canal,9657,Scotland,season,52772
Paisley Gilmour Street,9683,Scotland,season,516616
Paisley St James,9664,Scotland,season,15716
Palmers Green,6021,London,season,198492
Pangbourne,3036,South East,season,67334
Pannal,8479,Yorkshire and The Humber,season,46916
Pantyffynnon,4250,Wales,season,10
Par,3524,South West,season,32384
Parbold,2402,North West,season,19462
Park Street,1561,East of England,season,2368
Parkstone (Dorset),5882,South West,season,16998
Parson Street,3246,South West,season,16304
Partick,9917,Scotland,season,420652
Parton,2032,North West,season,1906
Patchway,3213,South West,season,7132
Patricroft,2916,North West,season,21624
Patterton,9775,Scotland,season,186612
Peartree,1687,East Midlands,season,576
Peckham Rye,5423,London,season,921116
Pegswood,7685,North East,season,10
Pemberton,2403,North West,season,10452
Pembrey and Burry Port,4140,Wales,season,13984
Pembroke,4101,Wales,season,200
Pembroke Dock,4102,Wales,season,200
Penally,4129,Wales,season,0
Penarth,3863,Wales,season,92514
Pencoed,3851,Wales,season,71760
Pengam,4021,Wales,season,37356
Penge East,5072,London,season,184454
Penge West,5378,London,season,61588
Penhelig,4335,Wales,season,10
Penistone,6634,Yorkshire and The Humber,season,15272
Penkridge,1195,West Midlands,season,48038
Penmaenmawr,2494,Wales,season,1326
Penmere,3499,South West,season,44286
Penrhiwceiber,3992,Wales,season,9676
Penrhyndeudraeth,4473,Wales,season,42414
Penrith (North Lakes),2102,North West,season,92516
Penryn (Cornwall),3525,South West,season,37772
Pensarn (Gwynedd),4463,Wales,season,0
Penshurst,5477,South East,season,19272
Pentre-Bach,3944,Wales,season,2770
Pen-Y-Bont (Mid Wales),4254,Wales,season,0
Penychain,4409,Wales,season,0
Penyffordd,2433,Wales,season,876
Penzance,3526,South West,season,43382
Perranwell,3528,South West,season,6980
Perry Barr,1128,West Midlands,season,50754
Pershore,4887,West Midlands,season,12790
Perth,8805,Scotland,season,33612
Peterborough,6133,East of England,season,403228
Petersfield,5657,South East,season,291998
Petts Wood,5123,London,season,240182
Pevensey and Westham,5461,South East,season,50264
Pevensey Bay,5462,South East,season,3818
Pewsey,3062,South West,season,14702
Pilning,3214,South West,season,10
Pinhoe,5757,South West,season,45044
Pitlochry,8801,Scotland,season,1540
Pitsea,7452,East of England,season,188324
Pleasington,2752,North West,season,398
Plockton,8670,Scotland,season,226
Pluckley,5225,South East,season,32992
Plumley,2308,North West,season,122
Plumpton,5332,South East,season,19408
Plumstead,5208,London,season,196482
Plymouth,3580,South West,season,184436
Pokesdown,5885,South West,season,31624
Polegate,5455,South East,season,297690
Polesworth,1078,West Midlands,season,46
Pollokshaws East,9820,Scotland,season,67366
Pollokshaws West,9804,Scotland,season,26304
Pollokshields East,9821,Scotland,season,40388
Pollokshields West,9623,Scotland,season,17128
Polmont,9936,Scotland,season,64926
Polsloe Bridge,3422,South West,season,18664
Ponders End,6819,London,season,93660
Pontarddulais,4251,Wales,season,114
Pontefract Baghill,8540,Yorkshire and The Humber,season,1346
Pontefract Monkhill,8548,Yorkshire and The Humber,season,29576
Pontefract Tanshelf,8541,Yorkshire and The Humber,season,12750
Pontlottyn,4023,Wales,season,7494
Pontyclun,3850,Wales,season,32210
Pont-y-Pant,2459,Wales,season,0
Pontypool and New Inn,3744,Wales,season,28254
Pontypridd,3904,Wales,season,149438
Poole,5883,South West,season,61864
Poppleton,8254,Yorkshire and The Humber,season,17814
Port Glasgow,9667,Scotland,season,54778
Port Sunlight,2198,North West,season,96006
Port Talbot Parkway,4181,Wales,season,41466
Portchester,5928,South East,season,49720
Porth,3870,Wales,season,51634
Porthmadog,4313,Wales,season,21548
Portlethen,8860,Scotland,season,7116
Portslade,5276,South East,season,182010
Portsmouth and Southsea,5537,South East,season,149684
Portsmouth Arms,5829,South West,season,0
Portsmouth Harbour,5540,South East,season,197424
Portway Park and Ride,1123,South West,season,11046
Possilpark and Parkhouse,9958,Scotland,season,11820
Potters Bar,6022,East of England,season,263992
Poulton-Le-Fylde,2671,North West,season,36558
Poynton,2874,North West,season,17570
Prees,1346,West Midlands,season,3210
Prescot,2337,North West,season,82098
Prestatyn,2521,Wales,season,31344
Prestbury,2875,North West,season,5012
Preston (Lancs),2753,North West,season,303702
Preston Park,5285,South East,season,173326
Prestonpans,9366,Scotland,season,20498
Prestwick International Airport,9544,Scotland,season,3882
Prestwick Town,9543,Scotland,season,12542
Priesthill and Darnley,9808,Scotland,season,20528
Princes Risborough,3055,South East,season,106378
Prittlewell,7419,East of England,season,67280
Prudhoe,7509,North East,season,16844
Pulborough,5468,South East,season,55498
Purfleet,7453,East of England,season,91084
Purley,5379,London,season,412310
Purley Oaks,5430,London,season,60698
Putney,5603,London,season,1073256
Pwllheli,4314,Wales,season,21082
Pye Corner,1663,Wales,season,14522
Pyle,4185,Wales,season,11956
Quakers Yard,3994,Wales,season,7500
Queenborough,5176,South East,season,49956
Queens Park (Glasgow),9822,Scotland,season,57974
Queens Park (London),1419,London,season,457604
Queens Road (Peckham),5424,London,season,496508
Queenstown Road (Battersea),5596,London,season,116284
Quintrell Downs,3531,South West,season,0
Radcliffe (Nottinghamshire),6242,East Midlands,season,960
Radlett,1546,East of England,season,127752
Radley,3118,South East,season,16248
Radyr,3874,Wales,season,79142
Rainford,2404,North West,season,1176
Rainham (Essex),7454,London,season,147332
Rainham (Kent),5177,South East,season,529122
Rainhill,2296,North West,season,33032
Ramsgate,5023,South East,season,416166
Ramsgreave and Wilpshire,2734,North West,season,24182
Rannoch,8834,Scotland,season,0
Rauceby,6361,East Midlands,season,2444
Ravenglass for Eskdale,1999,North West,season,3516
Ravensbourne,5083,London,season,26170
Ravensthorpe,8519,Yorkshire and The Humber,season,7380
Rawcliffe,8031,Yorkshire and The Humber,season,0
Rayleigh,6884,East of England,season,332818
Raynes Park,5569,London,season,619516
Reading,3149,South East,season,1581060
Reading Green Park,996,South East,season,29984
Reading West,3160,South East,season,63750
Rectory Road,6967,London,season,115014
Redbridge,5912,South East,season,6176
Redcar Central,7950,North East,season,32928
Redcar East,7974,North East,season,12400
Reddish North,2979,North West,season,38794
Reddish South,2857,North West,season,0
Redditch,1208,West Midlands,season,182450
Redhill,5478,South East,season,468520
Redland,3247,South West,season,11034
Redruth,3530,South West,season,50988
Reedham (London),5431,London,season,15620
Reedham (Norfolk),7316,East of England,season,7904
Reigate,5480,South East,season,270320
Renton,9867,Scotland,season,8974
Reston,8634,Scotland,season,480
Retford,6511,East Midlands,season,35446
Rhiwbina,3906,Wales,season,13252
Rhoose Cardiff International Airport,3876,Wales,season,32848
Rhosneigr,2544,Wales,season,1228
Rhyl,2461,Wales,season,52176
Rhymney,4027,Wales,season,28334
Ribblehead,2106,Yorkshire and The Humber,season,20
Rice Lane,2131,North West,season,128400
Richmond (London),5570,London,season,1152618
Rickmansworth,687,East of England,season,36308
Riddlesdown,5432,London,season,38358
Ridgmont,1538,East of England,season,3302
Riding Mill,7510,North East,season,3064
Risca and Pontymister,9920,Wales,season,19620
Rishton,2580,North West,season,4028
Robertsbridge,5226,South East,season,104212
Robroyston,7780,Scotland,season,27778
Roby,2261,North West,season,47730
Rochdale,2924,North West,season,292074
Roche,3532,South West,season,308
Rochester,5203,South East,season,453058
Rochford,6885,East of England,season,166608
Rock Ferry,2189,North West,season,92126
Rogart,8671,Scotland,season,0
Rogerstone,9921,Wales,season,14864
Rolleston,6353,East Midlands,season,500
Roman Bridge,2444,Wales,season,0
Romford,6886,London,season,1307098
Romiley,2833,North West,season,68122
Romsey,5943,South East,season,56994
Roose,1962,North West,season,13710
Rose Grove,2722,North West,season,18552
Rose Hill Marple,2873,North West,season,31636
Rosyth,9190,Scotland,season,19292
Rotherham Central,6676,Yorkshire and The Humber,season,58658
Rotherhithe,1039,London,season,224656
Roughton Road,7297,East of England,season,2038
Rowlands Castle,5658,South East,season,38934
Rowley Regis,4606,West Midlands,season,300156
Roy Bridge,8835,Scotland,season,0
Roydon,6829,East of England,season,22652
Royston,6090,East of England,season,270616
Ruabon,4477,Wales,season,5680
Rufford,2315,North West,season,1442
Rugby,1087,West Midlands,season,359038
Rugeley Town,1135,West Midlands,season,30222
Rugeley Trent Valley,1084,West Midlands,season,24992
Runcorn,2291,North West,season,29322
Runcorn East,2294,North West,season,11176
Ruskington,6327,East Midlands,season,7518
Ruswarp,8174,Yorkshire and The Humber,season,20
Rutherglen,9787,Scotland,season,119544
Ryde Esplanade,5542,South East,season,8204
Ryde Pier Head,5541,South East,season,1388
Ryde St Johns Road,5543,South East,season,12872
Ryder Brow,2977,North West,season,3450
Rye (Sussex),5024,South East,season,89658
Rye House,6820,East of England,season,45484
Salford Central,2798,North West,season,138908
Salford Crescent,2794,North West,season,147882
Salfords (Surrey),5380,South East,season,17228
Salhouse,7318,East of England,season,978
Salisbury,5663,South West,season,229300
Saltaire,8561,Yorkshire and The Humber,season,162544
Saltash,3587,South West,season,43110
Saltburn,7951,North East,season,30918
Saltcoats,9547,Scotland,season,23788
Saltmarshe,8033,Yorkshire and The Humber,season,0
Salwick,2673,North West,season,498
Sandal and Agbrigg,8358,Yorkshire and The Humber,season,41526
Sandbach,1261,North West,season,41200
Sanderstead,5433,London,season,128216
Sandhills,2249,North West,season,231498
Sandhurst (Berks),5646,South East,season,18766
Sandling,5025,South East,season,13178
Sandown,5525,South East,season,14690
Sandplace,3584,South West,season,0
Sandwell and Dudley,1149,West Midlands,season,191984
Sandwich,5026,South East,season,138606
Sandy,6172,East of England,season,69052
Sankey For Penketh,2388,North West,season,138
Sanquhar,9549,Scotland,season,500
Sarn,4270,Wales,season,10412
Saundersfoot,4108,Wales,season,40
Saunderton,3056,South East,season,10922
Sawbridgeworth,6806,East of England,season,74964
Saxilby,6328,East Midlands,season,7824
Saxmundham,7224,East of England,season,8266
Scarborough,8185,Yorkshire and The Humber,season,28246
Scotscalder,8672,Scotland,season,0
Scotstounhill,9996,Scotland,season,63374
Scunthorpe,6456,Yorkshire and The Humber,season,20250
Sea Mills,3254,South West,season,6280
Seaford (Sussex),5333,South East,season,134252
Seaforth and Litherland,2250,North West,season,133734
Seaham,7814,North East,season,16152
Seamer,8178,Yorkshire and The Humber,season,10224
Seascale,2003,North West,season,4118
Seaton Carew,8007,North East,season,13058
Seaton Delaval,9235,North East,season,3326
Seer Green and Jordans,3061,South East,season,25474
Selby,8201,Yorkshire and The Humber,season,61572
Selhurst,5434,London,season,281116
Sellafield,2004,North West,season,79648
Selling,5179,South East,season,18554
Selly Oak,1105,West Midlands,season,727716
Settle,2107,Yorkshire and The Humber,season,4168
Seven Kings,6893,London,season,521598
Seven Sisters,6931,London,season,1010202
Sevenoaks,5124,South East,season,935720
Severn Beach,3205,South West,season,40160
Severn Tunnel Junction,3679,Wales,season,15738
Shadwell,1082,London,season,482014
Shalford (Surrey),5638,South East,season,14790
Shanklin,5529,South East,season,8874
Shawfair,6963,Scotland,season,3370
Shawford,5929,South East,season,35004
Shawlands,9823,Scotland,season,14966
Sheerness-On-Sea,5184,South East,season,106268
Sheffield,6691,Yorkshire and The Humber,season,624758
Shelford (Cambs),7043,East of England,season,49204
Shenfield,6888,East of England,season,813576
Shenstone,1178,West Midlands,season,60194
Shepherd's Bush,9587,London,season,1215380
Shepherds Well,5186,South East,season,21052
Shepley,8448,Yorkshire and The Humber,season,10186
Shepperton,5605,South East,season,84580
Shepreth,7044,East of England,season,17648
Sherborne,5835,South West,season,7712
Sherburn-In-Elmet,8257,Yorkshire and The Humber,season,24834
Sheringham,7319,East of England,season,15070
Shettleston,9903,Scotland,season,96986
Shieldmuir,9552,Scotland,season,16234
Shifnal,4619,West Midlands,season,44256
Shildon,7893,North East,season,5000
Shiplake,3150,South East,season,20548
Shipley (Yorks),8347,Yorkshire and The Humber,season,220218
Shippea Hill,7073,East of England,season,0
Shipton,3009,South East,season,822
Shirebrook,1595,East Midlands,season,7284
Shirehampton,3206,South West,season,8772
Shireoaks,6570,East Midlands,season,7348
Shirley,4526,West Midlands,season,93698
Shoeburyness,7455,East of England,season,127534
Sholing,5930,South East,season,16562
Shoreditch High Street,1024,London,season,555294
Shoreham (Kent),5074,South East,season,8184
Shoreham-By-Sea,5277,South East,season,269452
Shortlands,5084,London,season,184750
Shotton,2546,Wales,season,12812
Shotts,9739,Scotland,season,17488
Shrewsbury,4387,West Midlands,season,310996
Sidcup,5125,London,season,326624
Sileby,1902,East Midlands,season,30838
Silecroft,2000,North West,season,600
Silkstone Common,6782,Yorkshire and The Humber,season,2228
Silver Street,6972,London,season,269114
Silverdale,1968,North West,season,8456
Singer,9988,Scotland,season,59388
Sittingbourne,5187,South East,season,709240
Skegness,6265,East Midlands,season,3594
Skewen,4217,Wales,season,5656
Skipton,2728,Yorkshire and The Humber,season,269128
Slade Green,5154,London,season,231858
Slaithwaite,8450,Yorkshire and The Humber,season,36924
Slateford,9236,Scotland,season,3182
Sleaford,6362,East Midlands,season,43014
Sleights,8179,Yorkshire and The Humber,season,0
Slough,3172,South East,season,688070
Small Heath,4530,West Midlands,season,44988
Smallbrook Junction,5494,South East,season,0
Smethwick Galton Bridge,1114,West Midlands,season,184272
Smethwick Rolfe Street,1150,West Midlands,season,102468
Smithy Bridge,2660,North West,season,33690
Snaith,8036,Yorkshire and The Humber,season,0
Snodland,5189,South East,season,104290
Snowdown,5185,South East,season,3370
Soham,5247,East of England,season,7416
Sole Street,5126,South East,season,18096
Solihull,4527,West Midlands,season,505776
Somerleyton,7320,East of England,season,492
South Acton,1452,London,season,92548
South Bank,7953,North East,season,7296
South Bermondsey,5425,London,season,145074
South Croydon,5410,London,season,172360
South Elmsall,8355,Yorkshire and The Humber,season,40460
South Greenford,3138,London,season,3172
South Gyle,9318,Scotland,season,19698
South Hampstead,1451,London,season,80790
South Kenton,1453,London,season,81716
South Merton,5292,London,season,22106
South Milford,8142,Yorkshire and The Humber,season,19290
South Ruislip,3057,London,season,16344
South Tottenham,7404,London,season,372780
South Wigston,1949,East Midlands,season,19078
South Woodham Ferrers,6892,East of England,season,93844
Southall,3187,London,season,965592
Southampton Airport Parkway,5922,South East,season,126732
Southampton Central,5932,South East,season,442090
Southbourne,5263,South East,season,56212
Southbury,6947,London,season,100182
Southease,5339,South East,season,798
Southend Airport,4787,East of England,season,27230
Southend Central,7456,East of England,season,586424
Southend East,7457,East of England,season,332726
Southend Victoria,7420,East of England,season,362394
Southminster,6890,East of England,season,28212
Southport,2262,North West,season,396620
Southwick,5286,South East,season,50102
Sowerby Bridge,8527,Yorkshire and The Humber,season,64452
Spalding,6388,East Midlands,season,11664
Spean Bridge,8836,Scotland,season,0
Spital,2199,North West,season,44982
Spondon,1699,East Midlands,season,9288
Spooner Row,7379,East of England,season,198
Spring Road,4535,West Midlands,season,46770
Springburn,9997,Scotland,season,67328
Springfield,9175,Scotland,season,0
Squires Gate,2666,North West,season,3050
St Albans Abbey,1562,East of England,season,4454
St Albans City,1548,East of England,season,701868
St Andrews Road,3252,South West,season,38172
St Annes-On-The-Sea,2672,North West,season,9800
St Austell,3534,South West,season,65590
St Bees,2002,North West,season,12566
St Budeaux Ferry Road,3590,South West,season,746
St Budeaux Victoria Road,3592,South West,season,3040
St Columb Road,3536,South West,season,50
St Denys,5914,South East,season,28286
St Erth,3537,South West,season,12244
St Germans,3586,South West,season,19580
St Helens Central,2341,North West,season,137502
St Helens Junction,2340,North West,season,32794
St Helier (London),5290,London,season,37660
St Ives (Cornwall),3538,South West,season,2408
St James Park (Exeter),5751,South West,season,5658
St James Street (Walthamstow),6973,London,season,160536
St Johns (London),5059,London,season,221480
St Keyne Wishing Well Halt,3572,South West,season,10
St Leonards Warrior Square,5239,South East,season,182946
St Margarets (Herts),6821,East of England,season,42566
St Margarets (London),5604,London,season,133834
St Mary Cray,5073,London,season,282898
St Michaels,2248,North West,season,198858
St Neots,6110,East of England,season,174250
Stafford,1268,West Midlands,season,236888
Staines,5670,South East,season,270084
Stallingborough,6287,Yorkshire and The Humber,season,40
Stalybridge,2983,North West,season,151982
Stamford (Lincs),6140,East Midlands,season,28078
Stamford Hill,6968,London,season,97754
Stanford-Le-Hope,7458,East of England,season,140526
Stanlow and Thornton [note 1],2159,North West,season,
Stansted Airport,6834,East of England,season,25034
Stansted Mountfitchet,6833,East of England,season,93442
Staplehurst,5228,South East,season,176412
Stapleton Road,3250,South West,season,18702
Starbeck,8221,Yorkshire and The Humber,season,38346
Starcross,3413,South West,season,17100
Staveley (Cumbria),1977,North West,season,17060
Stechford,1043,West Midlands,season,129554
Steeton and Silsden,8469,Yorkshire and The Humber,season,141146
Stepps,9842,Scotland,season,31420
Stevenage,6092,East of England,season,499530
Stevenston,9553,Scotland,season,7104
Stewartby,1386,East of England,season,41798
Stewarton,9554,Scotland,season,27130
Stirling,9888,Scotland,season,131456
Stockport,2771,North West,season,339576
Stocksfield,7513,North East,season,6658
Stocksmoor,8451,Yorkshire and The Humber,season,5650
Stockton,7975,North East,season,9676
Stoke Mandeville,1467,South East,season,57446
Stoke Newington,6934,London,season,173778
Stoke-On-Trent,1314,West Midlands,season,201210
Stone (Staffs),1316,West Midlands,season,44162
Stone Crossing,5248,South East,season,99474
Stonebridge Park,1454,London,season,190676
Stonegate,5240,South East,season,27034
Stonehaven,8964,Scotland,season,21426
Stonehouse,4770,South West,season,11130
Stoneleigh,5606,South East,season,91744
Stourbridge Junction,4646,West Midlands,season,497642
Stourbridge Town,4643,West Midlands,season,169970
Stow,9396,Scotland,season,3500
Stowmarket,7355,East of England,season,165332
Stranraer,9555,Scotland,season,28
Stratford (London),6969,London,season,7172586
Stratford International,7222,London,season,346386
Stratford-Upon-Avon,4558,West Midlands,season,262762
Stratford-upon-Avon Parkway,6794,West Midlands,season,8388
Strathcarron,8673,Scotland,season,72
Strawberry Hill,5607,London,season,65258
Streatham (Greater London),5383,London,season,488130
Streatham Common,5384,London,season,752562
Streatham Hill,5435,London,season,358728
Streethouse,8543,Yorkshire and The Humber,season,3922
Strines,2834,North West,season,3082
Stromeferry,8674,Scotland,season,0
Strood (Kent),5191,South East,season,290004
Stroud (Gloucs),4771,South West,season,93536
Sturry,5029,South East,season,29316
Styal,2868,North West,season,4428
Sudbury (Suffolk),7098,East of England,season,62330
Sudbury and Harrow Road,1483,London,season,2568
Sudbury Hill Harrow,1484,London,season,2888
Sugar Loaf,4157,Wales,season,0
Summerston,9959,Scotland,season,11732
Sunbury,5608,South East,season,91184
Sunderland,7640,North East,season,57996
Sundridge Park,5155,London,season,22138
Sunningdale,5671,South East,season,58396
Sunnymeads,5675,South East,season,1624
Surbiton,5571,London,season,1045720
Surrey Quays,1083,London,season,778518
Sutton (London),5385,London,season,879818
Sutton Coldfield,1044,West Midlands,season,359932
Sutton Common,5436,London,season,53906
Sutton Parkway,1861,East Midlands,season,19846
Swale,5249,South East,season,1950
Swanley,5075,South East,season,137466
Swanscombe,5156,South East,season,83542
Swansea,4222,Wales,season,134456
Swanwick,5920,South East,season,79334
Sway,5884,South East,season,14166
Swaythling,5933,South East,season,10276
Swinderby,6355,East Midlands,season,2548
Swindon (Wilts),3333,South West,season,243682
Swineshead,6228,East Midlands,season,538
Swinton (Manchester),2800,North West,season,30768
Swinton (South Yorks),6686,Yorkshire and The Humber,season,51302
Sydenham (London),5437,London,season,488852
Sydenham Hill,5085,London,season,127622
Syon Lane,5609,London,season,145882
Syston,1900,East Midlands,season,44640
Tackley,3195,South East,season,2192
Tadworth,5386,South East,season,30826
Taffs Well,3880,Wales,season,57422
Tain,8676,Scotland,season,712
Talsarnau,4479,Wales,season,0
Talybont,4355,Wales,season,1986
Tal-y-Cafn,2463,Wales,season,0
Tame Bridge Parkway,1010,West Midlands,season,133994
Tamworth,1322,West Midlands,season,97210
Taplow,3151,South East,season,74228
Tattenham Corner,5387,South East,season,21380
Taunton,3471,South West,season,78504
Taynuilt,8727,Scotland,season,27836
Teddington,5572,London,season,163312
Teesside Airport [note 1],7521,North East,season,
Teignmouth,3430,South West,season,131432
Telford Central,4691,West Midlands,season,157098
Templecombe,5837,South West,season,8206
Tenby,4110,Wales,season,296
Teynham,5193,South East,season,56772
Thames Ditton,5610,South East,season,94162
Thanet Parkway,2041,South East,season,28632
Thatcham,3152,South East,season,86608
Thatto Heath,2264,North West,season,33676
The Hawthorns,4523,West Midlands,season,110680
The Lakes (Warks),4538,West Midlands,season,5058
Theale,3153,South East,season,77734
Theobalds Grove,6949,East of England,season,53668
Thetford,7203,East of England,season,27700
Thirsk,8191,Yorkshire and The Humber,season,19316
Thornaby,7976,North East,season,65808
Thorne North,6530,Yorkshire and The Humber,season,24734
Thorne South,6531,Yorkshire and The Humber,season,17648
Thornford,5849,South West,season,0
Thornliebank,9812,Scotland,season,21420
Thornton Abbey,6210,Yorkshire and The Humber,season,0
Thornton Heath,5388,London,season,677594
Thorntonhall,9825,Scotland,season,956
Thorpe Bay,7460,East of England,season,118364
Thorpe Culvert,6267,East Midlands,season,20
Thorpe-le-Soken,6857,East of England,season,34244
Three Bridges,5491,South East,season,619454
Three Oaks,5028,South East,season,3770
Thurgarton,6203,East Midlands,season,682
Thurnscoe,8282,Yorkshire and The Humber,season,17610
Thurso,8677,Scotland,season,592
Thurston,7356,East of England,season,17684
Tilbury Town,7462,East of England,season,274098
Tile Hill,1035,West Midlands,season,139580
Tilehurst,3154,South East,season,86870
Tipton,1159,West Midlands,season,81564
Tir-Phil,4025,Wales,season,6072
Tisbury,5798,South West,season,25104
Tiverton Parkway,3474,South West,season,62926
Todmorden,2677,Yorkshire and The Humber,season,121080
Tolworth,5573,London,season,91122
Ton Pentre,3897,Wales,season,14500
Tonbridge,5229,South East,season,1355040
Tondu,4271,Wales,season,6818
Tonfanau,4432,Wales,season,10
Tonypandy,3882,Wales,season,24300
Tooting,5389,London,season,161366
Topsham,5758,South West,season,20824
Torquay,3434,South West,season,66474
Torre,3432,South West,season,130398
Totnes,3558,South West,season,93902
Tottenham Court Road,6556,London,season,7166944
Tottenham Hale,6951,London,season,860930
Totton,5921,South East,season,30816
Town Green,2283,North West,season,51160
Trafford Park,2969,North West,season,8020
Trefforest,3887,Wales,season,73150
Trefforest Estate,3886,Wales,season,37964
Trehafod,3888,Wales,season,7730
Treherbert,3889,Wales,season,61532
Treorchy,3891,Wales,season,36088
Trimley,7225,East of England,season,9832
Tring,1393,East of England,season,100856
Troed-Y-Rhiw,4276,Wales,season,8796
Troon,9562,Scotland,season,28346
Trowbridge,3348,South West,season,110092
Truro,3540,South West,season,203972
Tulloch,8837,Scotland,season,0
Tulse Hill,5390,London,season,339148
Tunbridge Wells,5230,South East,season,603156
Turkey Street,6952,London,season,56300
Tutbury and Hatton,1783,East Midlands,season,4256
Tweedbank,9500,Scotland,season,7916
Twickenham,5574,London,season,553314
Twyford,3155,South East,season,230126
Ty Croes,2439,Wales,season,2084
Ty Glas,3817,Wales,season,24506
Tygwyn,4357,Wales,season,0
Tyndrum Lower,8728,Scotland,season,242
Tyseley,4518,West Midlands,season,70878
Tywyn,4433,Wales,season,32268
Uckfield,5334,South East,season,50778
Uddingston,9776,Scotland,season,83910
Ulceby,6211,Yorkshire and The Humber,season,0
Ulleskelf,8261,Yorkshire and The Humber,season,1804
Ulverston,2010,North West,season,48032
Umberleigh,5826,South West,season,21172
University (Birmingham),4504,West Midlands,season,1451714
Uphall,9373,Scotland,season,40006
Upholland,2364,North West,season,4096
Upminster,7464,London,season,485462
Upper Halliford,5613,South East,season,31074
Upper Holloway,1524,London,season,326920
Upper Tyndrum,8838,Scotland,season,238
Upper Warlingham,5391,South East,season,144898
Upton (Merseyside),2141,North West,season,2848
Upwey,5967,South West,season,2326
Urmston,2938,North West,season,67582
Uttoxeter,1342,West Midlands,season,14164
Valley,2440,Wales,season,3320
Vauxhall,5597,London,season,2847264
Virginia Water,5676,South East,season,77504
Waddon,5392,London,season,107160
Wadhurst,5231,South East,season,84120
Wainfleet,6268,East Midlands,season,2546
Wakefield Kirkgate,8584,Yorkshire and The Humber,season,66696
Wakefield Westgate,8591,Yorkshire and The Humber,season,254436
Walkden,2612,North West,season,46768
Wallasey Grove Road,2154,North West,season,71318
Wallasey Village,2265,North West,season,71984
Wallington,5394,London,season,257922
Wallyford,9365,Scotland,season,19772
Walmer,5041,South East,season,64404
Walsall,1216,West Midlands,season,273022
Walsden,2665,Yorkshire and The Humber,season,18498
Waltham Cross,6823,East of England,season,98936
Walthamstow Central,6953,London,season,434004
Walthamstow Queen's Road,7407,London,season,200540
Walton (Merseyside),2251,North West,season,102864
Walton-On-Thames,5575,South East,season,488146
Walton-on-the-Naze,6858,East of England,season,25186
Wanborough,5639,South East,season,11022
Wandsworth Common,5395,London,season,167484
Wandsworth Road,5372,London,season,103396
Wandsworth Town,5576,London,season,641178
Wanstead Park,7408,London,season,288140
Wapping,1085,London,season,220104
Warblington,5264,South East,season,4426
Ware (Herts),6824,East of England,season,99208
Wareham (Dorset),5959,South West,season,14376
Wargrave,3158,South East,season,22984
Warminster,5505,South West,season,35898
Warnham,5316,South East,season,2136
Warrington Bank Quay,2384,North West,season,92470
Warrington Central,2390,North West,season,79874
Warrington West,6583,North West,season,24708
Warwick,4600,West Midlands,season,115174
Warwick Parkway,8530,West Midlands,season,27552
Water Orton,1121,West Midlands,season,4348
Waterbeach,7079,East of England,season,67860
Wateringbury,5241,South East,season,18820
Waterloo (Merseyside),2133,North West,season,234302
Watford High Street,1455,East of England,season,24440
Watford Junction,1402,East of England,season,559704
Watford North,1403,East of England,season,11650
Watlington,7057,East of England,season,15454
Watton-At-Stone,6095,East of England,season,33378
Waun-gron Park,3796,Wales,season,19156
Wavertree Technology Park,8589,North West,season,76456
Weeley,6859,East of England,season,10982
Weeton,8509,Yorkshire and The Humber,season,12486
Welham Green,6073,East of England,season,17362
Welling,5128,London,season,277788
Wellingborough,1940,East Midlands,season,205182
Wellington (Shropshire),4690,West Midlands,season,129634
Welshpool,4434,Wales,season,18384
Welwyn Garden City,6183,East of England,season,236160
Welwyn North,6096,East of England,season,52246
Wem,1347,West Midlands,season,16588
Wembley Central,1423,London,season,604414
Wembley Stadium,1509,London,season,44354
Wemyss Bay,9673,Scotland,season,7328
Wendover,1466,South East,season,100522
Wennington,2681,North West,season,248
West Allerton,2266,North West,season,14516
West Brompton,8875,London,season,740438
West Byfleet,5684,South East,season,276416
West Calder,9250,Scotland,season,10104
West Croydon,5411,London,season,760688
West Drayton,3174,London,season,315194
West Dulwich,5086,London,season,119970
West Ealing,3188,London,season,239504
West Ham,7474,London,season,1644928
West Hampstead,1421,London,season,660662
West Hampstead Thameslink,1525,London,season,451002
West Horndon,7466,East of England,season,57960
West Kilbride,9564,Scotland,season,9492
West Kirby,2201,North West,season,92524
West Malling,5129,South East,season,195934
West Norwood,5438,London,season,278236
West Ruislip,3059,London,season,11778
West Runton,7329,East of England,season,246
West St Leonards,5242,South East,season,43802
West Sutton,5293,London,season,33112
West Wickham,5054,London,season,69894
West Worthing,5278,South East,season,125956
Westbury,5712,South West,season,41194
Westcliff,7476,East of England,season,187638
Westcombe Park,5151,London,season,124618
Westenhanger,5030,South East,season,20894
Wester Hailes,9231,Scotland,season,3558
Westerfield,7226,East of England,season,1170
Westerton,9998,Scotland,season,79680
Westgate-On-Sea,5195,South East,season,68482
Westhoughton,2619,North West,season,44336
Weston Milton,3388,South West,season,6940
Weston-Super-Mare,3391,South West,season,56590
Wetheral,7572,North West,season,4546
Weybridge,5577,South East,season,305962
Weymouth,5965,South West,season,16394
Whaley Bridge,2772,East Midlands,season,14924
Whalley (Lancashire),2736,North West,season,13316
Whatstandwell,1585,East Midlands,season,2788
Whifflet,9753,Scotland,season,32060
Whimple,5759,South West,season,7718
Whinhill,9665,Scotland,season,5070
Whiston,2161,North West,season,39102
Whitby,8184,Yorkshire and The Humber,season,27030
Whitchurch (Cardiff),3896,Wales,season,3616
Whitchurch (Hampshire),5527,South East,season,49390
Whitchurch (Shropshire),1348,West Midlands,season,13182
White Hart Lane,6956,London,season,309454
White Notley,6846,East of England,season,1480
Whitechapel,4935,London,season,4577014
Whitecraigs,9777,Scotland,season,24024
Whitehaven,2048,North West,season,21140
Whitland,4111,Wales,season,1142
Whitley Bridge,8130,Yorkshire and The Humber,season,32
Whitlocks End,4539,West Midlands,season,31418
Whitstable,5196,South East,season,212328
Whittlesea,7187,East of England,season,4448
Whittlesford Parkway,7047,East of England,season,96316
Whitton (London),5611,London,season,176852
Whitwell (Derbyshire),6551,East Midlands,season,1646
Whyteleafe,5396,South East,season,19742
Whyteleafe South,5439,South East,season,15338
Wick,8680,Scotland,season,500
Wickford,6891,East of England,season,511620
Wickham Market,7227,East of England,season,4482
Widdrington,7695,North East,season,160
Widnes,2391,North West,season,24354
Widney Manor,4528,West Midlands,season,109464
Wigan North Western,2363,North West,season,152398
Wigan Wallgate,2406,North West,season,140456
Wigton,2098,North West,season,11198
Wildmill,3965,Wales,season,5068
Willesden Junction,1457,London,season,986974
Williamwood,9781,Scotland,season,40608
Willington,1905,East Midlands,season,2086
Wilmcote,4568,West Midlands,season,1390
Wilmslow,2774,North West,season,178482
Wilnecote (Staffs),1056,West Midlands,season,14814
Wimbledon,5578,London,season,2197992
Wimbledon Chase,5612,London,season,56042
Winchelsea,5042,South East,season,3620
Winchester,5924,South East,season,980336
Winchfield,5528,South East,season,63488
Winchmore Hill,6024,London,season,145224
Windermere,1978,North West,season,11068
Windsor and Eton Central,3175,South East,season,159900
Windsor and Eton Riverside,5672,South East,season,69622
Winnersh,5697,South East,season,101684
Winnersh Triangle,5698,South East,season,33450
Winsford,2269,North West,season,10544
Wishaw,9694,Scotland,season,50232
Witham,6844,East of England,season,692404
Witley,5640,South East,season,47794
Witton (West Midlands),1011,West Midlands,season,79136
Wivelsfield,5341,South East,season,110036
Wivenhoe,6860,East of England,season,80462
Woburn Sands,1539,South East,season,8614
Woking,5685,South East,season,1035164
Wokingham,5696,South East,season,288736
Woldingham,5440,South East,season,122778
Wolverhampton,1218,West Midlands,season,785714
Wolverton,1364,South East,season,76860
Wombwell,6688,Yorkshire and The Humber,season,32762
Wood End,4536,West Midlands,season,5834
Wood Street,6954,London,season,137428
Woodbridge,7228,East of England,season,12182
Woodgrange Park,7467,London,season,238210
Woodhall,9639,Scotland,season,8254
Woodhouse,6732,Yorkshire and The Humber,season,3534
Woodlesford,8578,Yorkshire and The Humber,season,54282
Woodley,2835,North West,season,12684
Woodmansterne,5441,London,season,13236
Woodsmoor,2773,North West,season,50838
Wool,5960,South West,season,6880
Woolston,5925,South East,season,31048
Woolwich,6562,London,season,2386968
Woolwich Arsenal,5152,London,season,388940
Woolwich Dockyard,5153,London,season,71450
Wootton Wawen,4540,West Midlands,season,3458
Worcester Foregate Street,4893,West Midlands,season,495450
Worcester Park,5579,London,season,231058
Worcester Shrub Hill,4891,West Midlands,season,149390
Worcestershire Parkway,6580,West Midlands,season,29238
Workington,2040,North West,season,21766
Worksop,6574,East Midlands,season,34906
Worle,3390,South West,season,25526
Worplesdon,5686,South East,season,41388
Worstead,7326,East of England,season,5358
Worthing,5279,South East,season,383992
Wrabness,6907,East of England,season,7842
Wraysbury,5673,South East,season,9550
Wrenbury,1350,North West,season,864
Wressle,8123,Yorkshire and The Humber,season,0
Wrexham Central,4486,Wales,season,2682
Wrexham General,4487,Wales,season,22766
Wye,5031,South East,season,69104
Wylam,7514,North East,season,14098
Wylde Green,1138,West Midlands,season,144474
Wymondham,7383,East of England,season,16404
Wythall,4532,West Midlands,season,17364
Yalding,5232,South East,season,14552
Yardley Wood,4537,West Midlands,season,116988
Yarm,7917,North East,season,12292
Yate,3380,South West,season,34010
Yatton,3392,South West,season,94876
Yeoford,5827,South West,season,2220
Yeovil Junction,5838,South West,season,8758
Yeovil Pen Mill,5856,South West,season,4074
Yetminster,5857,South West,season,100
Ynyswen,3818,Wales,season,1468
Yoker,9990,Scotland,season,28642
York,8263,Yorkshire and The Humber,season,566768
Yorton,1351,West Midlands,season,146
Ystrad Mynach,4026,Wales,season,45036
Ystrad Rhondda,3871,Wales,season,10586
